Map6
1 1 1 G 1 1 
1 H 0 0 F 1 
1 H 0 0 0 1 
S 0 0 1 1 1 
1 0 0 0 F 1 
1 1 1 1 1 1 
p21 u23 p42 T7

Map6
1 1 1 1 1 1 
1 0 F 0 0 1 
1 1 0 H 0 1 
S 0 0 0 H 1 
1 0 1 0 0 1 
1 1 1 1 G 1 
PR34 PD22 P33 T3

Map6
1 1 1 1 1 1 
1 0 1 0 0 1 
G 0 1 0 0 S 
1 0 0 H 0 1 
1 0 0 0 1 1 
1 1 1 1 1 1 
PU13 PD31 d32 T4

Map6
1 1 1 G 1 1 
1 0 F 0 H 1 
1 0 0 # 0 1 
1 0 0 1 1 1 
S 0 F 0 1 1 
1 1 1 1 1 1 
PL14 PD11 p22 T5

Map6
1 1 1 1 1 1 
1 0 H 0 0 1 
1 0 0 0 0 1 
1 0 0 0 F S 
1 0 H F 0 1 
1 1 1 1 G 1 
PL41 PD44 U23 T3

Map6
1 1 1 1 1 1 
1 0 0 0 0 1 
1 0 1 H 0 1 
G 0 0 0 # 1 
1 H 0 0 0 1 
1 1 1 S 1 1 
PU24 PR33 l44 T6

Map6
1 1 G 1 1 1 
1 0 0 0 F 1 
1 0 0 0 0 1 
1 0 F 0 0 1 
1 0 1 1 0 1 
1 1 1 1 S 1 
r32 d13 L42 T7

Map6
1 1 1 S 1 1 
1 0 0 F 0 1 
1 H 0 H 0 1 
1 1 0 0 F G 
1 0 0 0 0 1 
1 1 1 1 1 1 
r22 D11 L41 T4

Map6
1 1 1 S 1 1 
1 0 0 0 0 1 
1 0 0 H 0 1 
1 H # 0 1 1 
1 0 0 F # 1 
1 1 1 G 1 1 
P11 L41 L24 T4

Map6
1 S 1 1 1 1 
1 0 0 0 0 1 
1 0 0 H 0 G 
1 F 0 0 # 1 
1 0 H 0 F 1 
1 1 1 1 1 1 
L12 PR42 PL21 T2

Map6
1 1 S 1 1 1 
1 0 0 0 0 1 
G F F 0 1 1 
1 0 0 0 0 1 
1 0 0 0 # 1 
1 1 1 1 1 1 
u21 R11 D33 T4

Map6
1 1 1 1 1 1 
1 0 H 0 0 1 
S 0 0 1 # G 
1 0 0 1 0 1 
1 # 0 0 1 1 
1 1 1 1 1 1 
PR31 PU23 d43 T6

Map6
1 1 1 1 1 1 
1 F 0 0 # 1 
G 0 0 0 1 1 
1 0 0 0 0 1 
S 0 1 0 0 1 
1 1 1 1 1 1 
PD13 PR34 d23 T7

Map6
1 1 1 1 1 1 
1 F F 0 H 1 
1 0 # 0 0 1 
1 0 0 0 0 1 
1 H 0 0 0 S 
1 1 G 1 1 1 
U42 L13 R34 T4

Map6
1 1 1 1 1 1 
1 0 0 0 0 1 
1 0 0 1 0 G 
1 0 0 0 F 1 
1 0 H F 0 1 
1 S 1 1 1 1 
u11 PU22 PR42 T4

Map6
1 1 1 1 1 1 
1 F 0 # H 1 
G 0 0 0 0 1 
1 0 # H 0 1 
1 0 0 0 0 1 
1 S 1 1 1 1 
r21 PR13 PR34 T6

Map6
1 1 1 1 1 1 
1 H 0 0 0 1 
1 0 0 # F G 
S 0 0 0 # 1 
1 0 0 0 0 1 
1 1 1 1 1 1 
d21 d33 d34 T10

Map6
1 1 1 G 1 1 
1 0 0 0 F 1 
1 0 0 1 H 1 
1 0 1 0 0 1 
1 0 0 0 0 1 
1 1 1 1 S 1 
P43 PU31 PR14 T2

Map6
1 1 G 1 1 1 
1 H # 0 0 1 
1 0 0 0 0 1 
S 0 1 0 0 1 
1 0 0 0 H 1 
1 1 1 1 1 1 
d43 PD12 PR33 T6

Map6
1 1 1 1 1 1 
1 0 0 0 0 1 
1 0 H 0 0 G 
1 # # 0 0 1 
S F 0 H 0 1 
1 1 1 1 1 1 
PU44 PL24 p43 T3

Map6
1 1 S 1 1 1 
1 0 0 0 0 1 
1 # 0 0 0 1 
1 0 H 0 H 1 
1 F 0 0 0 1 
1 1 G 1 1 1 
R22 PR11 PD24 T2

Map6
1 S 1 1 1 1 
1 0 0 0 H 1 
G 0 0 0 0 1 
1 F # 1 0 1 
1 1 0 H 0 1 
1 1 1 1 1 1 
PU11 PU24 R21 T2

Map6
1 1 S 1 1 1 
1 0 F 0 0 1 
1 0 1 0 1 1 
G 0 0 F 0 1 
1 0 0 0 1 1 
1 1 1 1 1 1 
u34 D41 R11 T6

Map6
1 1 1 1 1 1 
S 0 0 0 H 1 
1 0 0 # 0 1 
1 0 0 0 0 1 
1 0 0 0 F 1 
1 1 1 G 1 1 
u11 U42 L21 T5

Map6
1 1 1 G 1 1 
1 0 0 0 H 1 
1 H # # 0 1 
1 0 0 0 0 1 
1 0 0 1 0 S 
1 1 1 1 1 1 
u21 u33 L42 T8

Map6
1 1 1 1 1 1 
1 0 F 0 0 S 
1 0 0 # 0 1 
1 H F H 0 1 
1 0 0 0 # 1 
1 1 1 G 1 1 
u24 R11 R14 T5

Map6
1 1 1 G 1 1 
1 1 0 F 0 1 
S 0 0 # H 1 
1 0 0 0 0 1 
1 0 H 0 1 1 
1 1 1 1 1 1 
P22 d23 L14 T5

Map6
1 S 1 1 1 1 
1 0 # 0 # 1 
1 0 0 0 0 1 
1 H 1 0 0 1 
1 0 0 1 1 1 
1 G 1 1 1 1 
d11 PD14 PR12 T5

Map6
1 1 1 S 1 1 
1 F 0 0 0 1 
1 0 # 0 1 1 
1 0 0 H 1 1 
1 F 0 1 0 1 
1 1 1 1 G 1 
R32 PR21 PD44 T2

Map6
1 1 1 1 1 1 
G 0 0 0 0 1 
1 0 1 0 H 1 
1 1 0 H 0 1 
1 0 0 0 0 1 
1 S 1 1 1 1 
L41 PR21 PD43 T4

Map6
1 1 1 1 1 1 
1 0 # 0 H 1 
1 0 0 0 0 1 
1 F 0 0 0 1 
1 # H F 0 1 
1 G 1 1 S 1 
R42 R23 r43 T5

Map6
1 1 1 1 1 1 
1 0 0 0 0 1 
1 # 0 0 F G 
1 H 0 0 1 1 
1 # 0 F 0 1 
1 1 1 1 S 1 
R22 PU33 PR24 T2

Map6
1 1 1 1 S 1 
1 0 0 0 0 1 
1 1 0 0 0 1 
1 0 1 H H 1 
1 1 0 0 0 1 
1 1 1 1 G 1 
L42 PR11 PR24 T3

Map6
1 1 1 1 G 1 
1 0 1 0 0 1 
1 1 0 0 0 1 
1 0 F H 0 1 
1 H 0 0 F S 
1 1 1 1 1 1 
PR24 PL42 L22 T4

Map6
1 1 1 1 1 1 
1 H 0 0 0 1 
1 H F 0 F G 
1 0 0 0 0 1 
1 0 0 0 0 1 
1 S 1 1 1 1 
PU31 PL44 L13 T4

Map6
1 1 1 1 1 1 
1 0 H 0 0 1 
1 0 0 0 0 1 
1 0 H 0 F G 
1 0 F 0 0 1 
1 1 S 1 1 1 
P44 R14 U32 T3

Map6
1 1 1 1 1 1 
1 F 0 0 0 1 
G 0 0 0 0 1 
1 0 0 1 0 1 
1 F 0 0 1 1 
1 S 1 1 1 1 
PU23 PD13 P21 T2

Map6
1 1 1 1 1 1 
1 0 0 0 0 1 
S F 0 0 F 1 
1 0 1 0 0 1 
1 1 1 0 H 1 
1 1 1 G 1 1 
PL22 PU43 L21 T3

Map6
1 1 1 1 1 1 
1 0 0 0 H 1 
S F 0 H 0 1 
1 0 0 0 0 1 
1 0 1 1 0 1 
1 1 1 1 G 1 
U13 L31 d11 T5

Map6
1 1 1 1 S 1 
1 0 0 0 0 1 
1 F 0 H 0 1 
G 0 0 0 H 1 
1 F 0 0 0 1 
1 1 1 1 1 1 
r31 PD42 PR24 T5

Map6
1 S 1 1 1 1 
1 0 0 0 H 1 
1 0 F F 0 1 
G 0 0 0 0 1 
1 H 0 1 0 1 
1 1 1 1 1 1 
PD31 PR12 P24 T4

Map6
1 1 1 1 1 1 
G 0 1 0 F 1 
1 1 0 0 0 1 
1 H 0 0 0 S 
1 0 0 F 1 1 
1 1 1 1 1 1 
PL11 PD31 L23 T2

Map6
1 1 1 1 1 1 
1 0 1 0 0 1 
1 0 # 0 0 1 
1 H 0 F 0 S 
G 0 0 H 0 1 
1 1 1 1 1 1 
d32 d43 U44 T6

Map6
1 1 1 1 1 1 
S # 0 0 F 1 
1 0 0 0 0 G 
1 # 0 H 0 1 
1 0 0 0 0 1 
1 1 1 1 1 1 
D21 u23 d14 T6

Map6
1 1 1 1 1 1 
1 H 0 0 0 S 
1 0 F 0 0 1 
G 0 # 0 H 1 
1 0 0 0 0 1 
1 1 1 1 1 1 
R21 l41 R34 T3

Map6
1 1 1 1 1 1 
1 0 1 0 0 1 
S 0 H # F G 
1 F 0 0 0 1 
1 0 0 0 0 1 
1 1 1 1 1 1 
R31 D11 P44 T4

Map6
1 S 1 1 1 1 
1 0 0 0 0 1 
1 0 0 0 1 1 
1 0 0 H 0 1 
1 H # 0 0 1 
1 1 1 G 1 1 
r32 R44 L13 T7

Map6
1 S 1 1 1 1 
1 0 0 0 0 1 
1 0 0 0 0 1 
1 0 H 0 0 1 
1 H 0 F F 1 
1 1 G 1 1 1 
PD24 PL21 L12 T2

Map6
1 1 1 1 1 1 
1 0 0 0 0 1 
1 0 0 # 0 G 
1 0 H 0 H 1 
1 0 F 0 0 1 
1 1 S 1 1 1 
PD31 PD44 R14 T3

Map6
1 1 1 1 1 1 
S F 0 # H 1 
1 0 0 0 0 1 
1 1 0 0 0 G 
1 1 0 0 # 1 
1 1 1 1 1 1 
PD32 PL21 p24 T5

Map6
1 1 1 1 1 1 
1 1 F 0 0 S 
1 0 0 0 0 1 
1 0 H 0 0 1 
1 0 0 F 0 1 
1 1 1 G 1 1 
PL31 PU22 R43 T4

Map6
1 1 1 1 1 1 
S 0 0 F H 1 
1 0 0 0 0 1 
1 0 0 0 0 1 
1 # # 0 H 1 
1 1 1 G 1 1 
P21 u11 R42 T5

Map6
1 1 1 S 1 1 
1 0 0 0 0 1 
1 0 0 H 0 1 
1 0 0 0 1 1 
1 H 0 0 0 1 
1 1 1 G 1 1 
D33 r31 L41 T4

Map6
1 1 1 1 1 1 
1 F 0 0 H 1 
1 0 1 0 0 G 
1 # 0 H 1 1 
1 0 # 1 F 1 
1 1 S 1 1 1 
U12 PL23 PR32 T4

Map6
1 1 1 S 1 1 
1 H 1 0 0 1 
1 0 0 0 1 1 
1 1 0 0 0 1 
G 0 0 H 0 1 
1 1 1 1 1 1 
l31 p32 U33 T5

Map6
1 1 1 G 1 1 
1 0 0 0 0 1 
1 # 0 0 H 1 
1 1 1 0 0 1 
S 0 0 F 0 1 
1 1 1 1 1 1 
U33 PD11 PD43 T3

Map6
1 1 1 1 1 1 
1 0 0 # 1 1 
1 0 0 0 F 1 
1 H 0 F 0 G 
1 0 1 1 0 1 
1 1 1 1 S 1 
PD44 PU32 D11 T4

Map6
1 1 1 1 1 1 
1 0 1 # 1 1 
1 # 0 0 0 1 
1 0 1 0 0 G 
1 0 0 0 F 1 
1 S 1 1 1 1 
U11 U42 l32 T5

Map6
1 1 1 1 1 1 
1 0 1 0 0 1 
S 0 0 H 0 G 
1 0 0 0 1 1 
1 # 1 0 0 1 
1 1 1 1 1 1 
P22 PD41 PU13 T3

Map6
1 1 1 G 1 1 
1 0 0 0 # 1 
S 0 H 0 0 1 
1 0 0 0 0 1 
1 0 0 H 0 1 
1 1 1 1 1 1 
L14 u23 D11 T4

Map6
1 1 1 G 1 1 
S 0 H # H 1 
1 0 0 0 1 1 
1 1 # 0 0 1 
1 0 0 0 0 1 
1 1 1 1 1 1 
l24 PD22 PL11 T4

Map6
1 1 1 S 1 1 
1 0 0 # H 1 
1 1 0 0 0 1 
1 1 0 F 0 1 
1 0 0 H F 1 
1 1 1 1 G 1 
p22 PU11 PL32 T6

Map6
1 1 S 1 1 1 
1 0 0 0 0 1 
1 F H 0 0 G 
1 0 0 H 0 1 
1 0 0 0 # 1 
1 1 1 1 1 1 
PU21 PL23 U41 T5

Map6
1 1 1 1 1 1 
1 0 # H 0 1 
1 0 0 0 0 1 
1 F 1 0 F G 
1 0 H 0 1 1 
1 S 1 1 1 1 
PU34 PL32 U11 T3

Map6
1 1 1 1 1 1 
1 0 0 0 0 1 
G 0 0 0 H 1 
1 1 0 0 0 1 
1 0 0 H 0 1 
1 S 1 1 1 1 
PR23 PL24 R43 T6

Map6
1 1 1 1 1 1 
1 1 0 0 H 1 
S 0 1 0 0 1 
1 0 0 0 F 1 
1 H 0 0 0 1 
1 1 1 G 1 1 
u12 PR24 PU13 T4

Map6
1 1 1 1 1 1 
1 0 1 # H 1 
1 0 F 0 0 G 
1 H F 0 0 1 
1 0 0 0 0 1 
1 1 1 1 S 1 
r33 PD43 PD24 T5

Map6
1 G 1 1 1 1 
1 0 0 H 0 1 
1 1 1 0 0 1 
1 0 1 0 0 1 
1 0 0 F 0 1 
1 S 1 1 1 1 
PL21 PR32 u41 T8

Map6
1 1 1 1 1 1 
S 0 H 0 0 1 
1 0 0 0 0 1 
1 F 0 0 0 1 
1 0 0 H 0 1 
1 1 G 1 1 1 
PL11 PU14 p12 T4

Map6
1 S 1 1 1 1 
1 0 0 F 0 1 
1 0 0 0 1 1 
1 H 0 0 0 1 
1 0 0 0 0 1 
1 1 G 1 1 1 
R12 PD22 PL21 T2

Map6
1 G 1 1 1 1 
1 0 H 0 0 1 
1 H 0 0 1 1 
1 0 0 0 F S 
1 F 0 0 0 1 
1 1 1 1 1 1 
p33 PU11 PD22 T3

Map6
1 1 1 1 1 1 
S F 0 0 F 1 
1 0 0 0 0 1 
G 0 0 0 0 1 
1 0 H 0 0 1 
1 1 1 1 1 1 
PL21 PU14 P12 T2

Map6
1 S 1 1 1 1 
1 0 0 0 0 1 
G F 0 0 1 1 
1 0 H # 0 1 
1 # 0 0 0 1 
1 1 1 1 1 1 
PU11 PU34 p31 T4

Map6
1 1 G 1 1 1 
1 F # F 0 1 
1 0 0 0 0 1 
1 1 0 H 0 S 
1 # 0 1 0 1 
1 1 1 1 1 1 
R41 U44 P12 T3

Map6
1 1 1 1 1 1 
1 H 0 0 0 1 
G 0 0 1 0 1 
1 0 0 H 0 1 
1 0 0 # 0 1 
1 S 1 1 1 1 
U21 P13 p14 T5

Map6
1 1 1 S 1 1 
G 0 H 0 F 1 
1 0 0 0 0 1 
1 # 0 F 0 1 
1 1 0 H 0 1 
1 1 1 1 1 1 
PU31 PR22 p42 T6

Map6
1 1 1 1 1 1 
1 0 H 1 0 1 
S # F 0 # 1 
1 1 0 0 0 1 
1 0 0 0 F 1 
1 G 1 1 1 1 
PR23 PL32 D43 T4

Map6
1 1 1 1 1 1 
1 0 1 F 0 1 
1 0 0 0 F 1 
1 # 0 0 0 1 
G # 0 1 0 S 
1 1 1 1 1 1 
PR12 PR44 L32 T3

Map6
1 S 1 1 1 1 
1 0 0 0 0 1 
1 0 0 # H 1 
1 0 0 # 0 G 
1 F 0 0 0 1 
1 1 1 1 1 1 
l11 P12 p22 T6

Map6
1 1 1 1 1 1 
1 0 # H 0 S 
1 0 H 0 1 1 
1 F 0 0 0 1 
1 1 0 0 0 1 
1 1 1 G 1 1 
PU44 PR41 P23 T3

Map6
1 1 1 1 1 1 
1 # 0 # H 1 
1 0 0 0 0 G 
1 0 0 1 0 1 
1 0 0 0 F 1 
1 1 1 1 S 1 
PD21 PD43 P23 T2

Map6
1 1 1 1 1 1 
1 F 0 F H 1 
G 0 0 0 0 1 
1 H 0 0 0 S 
1 0 0 0 0 1 
1 1 1 1 1 1 
PL44 PU23 u34 T5

Map6
1 1 G 1 1 1 
1 H 0 0 0 1 
1 0 0 0 F 1 
1 0 0 0 0 1 
1 F 0 0 0 1 
1 1 1 1 S 1 
PD41 PD44 l13 T5

Map6
1 1 G 1 1 1 
1 0 0 # 1 1 
1 1 H 0 H 1 
1 0 1 0 0 1 
1 0 # 0 0 1 
1 1 1 1 S 1 
P43 p44 l11 T8

Map6
1 1 1 G 1 1 
1 0 1 0 F 1 
1 0 0 0 0 1 
1 # 0 0 0 1 
1 1 0 1 0 S 
1 1 1 1 1 1 
L22 L42 L23 T5

Map6
1 1 1 1 1 1 
1 0 0 0 0 1 
1 H 0 0 0 S 
1 # 1 # H 1 
1 0 0 1 0 1 
1 G 1 1 1 1 
PL32 PL24 p31 T7

Map6
1 1 1 1 1 1 
1 0 0 H F 1 
1 0 0 0 0 G 
1 H # 0 0 1 
1 0 0 0 0 1 
1 1 1 S 1 1 
PD33 PL32 r12 T4

Map6
1 S 1 1 1 1 
1 0 0 0 0 1 
1 0 H 1 0 1 
1 0 0 0 0 1 
1 H 0 # # 1 
1 1 1 G 1 1 
u42 D13 d33 T8

Map6
1 S 1 1 1 1 
1 0 0 H 0 1 
1 1 1 F 0 G 
1 1 0 0 0 1 
1 0 0 H 0 1 
1 1 1 1 1 1 
PD41 PL21 l11 T4

Map6
1 1 S 1 1 1 
1 0 0 0 H 1 
1 0 H 0 0 G 
1 0 0 # 0 1 
1 0 1 # 1 1 
1 1 1 1 1 1 
R32 PU21 PU43 T1

Map6
1 1 1 1 1 1 
1 1 0 0 0 1 
1 0 1 0 F G 
1 0 0 # # 1 
1 F 0 0 0 1 
1 S 1 1 1 1 
L12 PR32 PR24 T4

Map6
1 1 1 1 1 1 
1 # 1 0 F 1 
S 0 # F 0 1 
1 H 0 0 0 1 
1 0 0 H 1 1 
1 1 G 1 1 1 
L42 PU33 PL12 T2

Map6
1 1 1 1 1 1 
1 F H 0 0 1 
1 0 0 0 0 G 
1 1 0 0 # 1 
1 0 0 0 F 1 
1 S 1 1 1 1 
p23 PR22 PU34 T6

Map6
1 1 1 G 1 1 
1 0 0 F 0 1 
1 # 0 0 0 1 
1 0 0 H 0 1 
1 F 0 0 # S 
1 1 1 1 1 1 
PL42 PR24 D22 T2

Map6
1 S 1 1 1 1 
1 0 0 0 H 1 
1 0 0 0 0 1 
G F 0 0 F 1 
1 0 0 0 1 1 
1 1 1 1 1 1 
PL12 PD31 d24 T6

Map6
1 1 1 1 1 1 
1 0 H 0 0 1 
1 0 # 0 H 1 
1 0 0 # F 1 
1 F 0 0 0 1 
1 S 1 G 1 1 
l13 l24 R32 T7

Map6
1 1 1 G 1 1 
1 0 H 0 F 1 
1 1 0 1 1 1 
1 0 0 0 0 1 
1 H 0 0 0 1 
1 1 S 1 1 1 
PL34 PU31 D22 T2

Map6
1 1 1 1 1 1 
1 F 0 0 0 G 
1 F H 1 1 1 
1 0 0 0 1 1 
1 0 0 0 0 1 
1 S 1 1 1 1 
P13 PR21 PL24 T2

Map6
1 1 1 G 1 1 
1 1 0 0 0 1 
1 1 0 0 H 1 
1 0 0 H 0 1 
1 0 0 0 0 1 
1 1 1 1 S 1 
p21 L14 R43 T6

Map6
1 1 1 1 1 1 
1 0 0 1 # 1 
G F 0 H 1 1 
1 0 0 0 0 1 
S 0 H 0 1 1 
1 1 1 1 1 1 
D23 PR11 PL14 T3

Map6
1 1 1 1 1 1 
1 0 0 H 0 1 
S F 1 1 0 G 
1 0 0 0 0 1 
1 0 1 H F 1 
1 1 1 1 1 1 
PU41 PL14 D11 T4

Map6
1 1 1 1 G 1 
1 0 0 1 0 1 
1 0 1 H 0 1 
1 0 # 0 0 1 
1 # 0 0 H 1 
1 1 1 S 1 1 
U12 PL33 PU41 T4

Map6
1 1 1 1 1 1 
S F 0 F 1 1 
1 0 0 0 0 1 
G 0 1 0 0 1 
1 0 0 0 0 1 
1 1 1 1 1 1 
PD12 PL21 P14 T2

Map6
1 1 1 1 1 1 
1 # 0 1 0 1 
1 F 0 0 0 S 
1 0 0 0 H 1 
1 0 1 1 0 1 
1 1 1 1 G 1 
PD41 PD44 U32 T2

Map6
1 S 1 1 1 1 
1 0 0 1 0 1 
G 0 0 1 0 1 
1 F 1 0 # 1 
1 0 0 0 0 1 
1 1 1 1 1 1 
PD21 PR33 p44 T6

Map6
1 1 1 1 1 1 
1 0 0 0 0 1 
S 0 F H 0 G 
1 0 0 0 1 1 
1 0 0 F 0 1 
1 1 1 1 1 1 
D21 PD11 PR42 T3

Map6
1 1 1 1 1 1 
G 0 0 0 0 1 
1 H 0 F 0 S 
1 0 # 0 0 1 
1 # 0 0 H 1 
1 1 1 1 1 1 
PR42 PD31 p34 T5

Map6
1 S 1 1 1 1 
1 0 0 0 0 1 
1 0 H 1 0 1 
G F F 0 0 1 
1 0 1 0 H 1 
1 1 1 1 1 1 
P12 PL21 PL33 T2

Map6
1 1 1 1 1 1 
1 0 0 0 1 1 
1 H 0 0 0 S 
1 H 0 0 0 1 
1 0 0 0 F 1 
1 1 G 1 1 1 
R22 P14 l42 T4

Map6
1 1 1 S 1 1 
1 0 # F 0 1 
1 0 H 0 # G 
1 0 0 H 0 1 
1 0 0 0 0 1 
1 1 1 1 1 1 
l43 PU32 PR14 T4

Map6
1 1 1 1 1 1 
1 # H 0 0 1 
1 1 0 0 F S 
1 F H 0 1 1 
G 0 1 # 0 1 
1 1 1 1 1 1 
PU33 PL14 D22 T2

Map6
1 1 1 S 1 1 
1 0 # 0 1 1 
1 H 0 0 0 1 
1 0 0 H 0 1 
1 0 0 0 0 1 
1 1 1 G 1 1 
D32 d31 l24 T7

Map6
1 1 1 G 1 1 
1 0 0 0 F 1 
1 0 0 1 0 1 
1 0 0 0 0 1 
1 0 1 # 0 1 
1 1 1 1 S 1 
r11 PD42 PL31 T4

Map6
1 1 G 1 1 1 
S 0 0 H # 1 
1 0 0 0 0 1 
1 0 0 0 1 1 
1 0 0 0 0 1 
1 1 1 1 1 1 
PD22 PU21 R34 T4

Map6
1 1 1 G 1 1 
1 0 0 0 F 1 
S 0 H 0 0 1 
1 H 0 0 0 1 
1 0 0 0 0 1 
1 1 1 1 1 1 
PD42 PL12 L24 T3

Map6
1 1 S 1 1 1 
1 0 0 0 0 1 
1 0 H 0 H 1 
1 1 0 0 # G 
1 0 0 # 0 1 
1 1 1 1 1 1 
PU21 PL44 P32 T4

Map6
1 1 G 1 1 1 
1 F 0 0 0 1 
1 0 0 0 0 1 
1 F 0 0 0 S 
1 1 1 0 0 1 
1 1 1 1 1 1 
d32 P31 D23 T5

Map6
1 1 S 1 G 1 
1 0 0 H 0 1 
1 0 0 0 1 1 
1 0 0 1 0 1 
1 H 0 0 1 1 
1 1 1 1 1 1 
PU41 PD11 L32 T2

Map6
1 1 1 1 1 1 
1 0 0 # 0 1 
1 0 0 H 0 S 
1 0 # 0 0 1 
1 F 0 0 F 1 
1 1 1 G 1 1 
PR42 PU24 u43 T6

Map6
1 1 1 1 G 1 
1 0 # # 0 1 
1 0 0 H 1 1 
1 0 1 0 0 1 
1 1 0 0 H 1 
1 1 1 S 1 1 
R33 PR24 PL22 T5

Map6
1 S 1 1 1 1 
1 0 H 0 0 1 
1 0 0 0 0 1 
1 0 1 0 0 G 
1 0 0 0 H 1 
1 1 1 1 1 1 
d22 d34 u11 T8

Map6
1 1 1 1 1 1 
1 0 0 H 0 1 
1 # 0 0 0 1 
1 0 1 0 0 G 
S 0 # 0 F 1 
1 1 1 1 1 1 
PR11 PR34 u22 T7

Map6
1 1 1 1 1 1 
G F 0 0 0 1 
1 0 H 0 0 1 
1 0 1 0 0 1 
1 0 0 0 F 1 
1 S 1 1 1 1 
R13 PU32 PL24 T3

Map6
1 1 1 1 1 1 
1 H 0 0 0 1 
1 H 0 0 0 S 
1 F 1 1 1 1 
1 0 0 0 0 1 
1 1 G 1 1 1 
PD24 PU32 L21 T4

Map6
1 1 1 1 1 1 
S 0 0 0 0 1 
1 1 H 0 H 1 
1 0 0 1 0 1 
1 F # 1 F 1 
1 G 1 1 1 1 
PU32 PL23 D41 T3

Map6
1 1 1 1 1 1 
1 1 0 0 1 1 
G 0 # 0 H 1 
1 H 0 0 0 1 
1 0 0 1 # S 
1 1 1 1 1 1 
PU23 PD43 R21 T3

Map6
1 1 1 S 1 1 
1 1 0 # 0 1 
1 0 0 0 0 G 
1 0 0 H 0 1 
1 0 0 0 H 1 
1 1 1 1 1 1 
PU32 PU43 r41 T4

Map6
1 1 1 1 1 1 
1 # 0 0 1 1 
1 0 0 0 H 1 
G F 0 H 0 1 
1 0 0 0 0 1 
1 1 1 1 S 1 
l23 l14 L43 T7

Map6
1 1 1 G 1 1 
1 0 0 0 H 1 
1 0 0 0 0 1 
1 0 0 H F 1 
1 0 0 F 0 1 
1 1 1 S 1 1 
PL11 PD42 L44 T4

Map6
1 1 1 1 1 1 
S 0 0 F 0 1 
1 0 0 0 0 1 
1 0 0 F 0 1 
1 # 0 0 H 1 
1 1 1 G 1 1 
l22 r11 L21 T6

Map6
1 S 1 G 1 1 
1 F 0 0 0 1 
1 0 0 H 0 1 
1 0 0 0 0 1 
1 0 F # 0 1 
1 1 1 1 1 1 
d41 l44 u13 T8

Map6
1 1 1 G 1 1 
1 1 # 0 0 1 
1 0 0 H 0 1 
1 0 0 0 0 1 
1 H 1 1 0 S 
1 1 1 1 1 1 
P41 D13 L42 T6

Map6
1 1 1 1 1 1 
1 H # 0 F 1 
1 H 0 0 0 1 
1 0 0 F 0 G 
S 0 0 0 # 1 
1 1 1 1 1 1 
r42 r23 p14 T8

Map6
1 1 1 G 1 1 
1 0 0 F 0 1 
1 0 0 0 0 1 
1 0 0 0 0 1 
S 0 0 H F 1 
1 1 1 1 1 1 
PD11 PD24 d22 T5

Map6
1 1 1 1 1 1 
1 0 0 0 0 1 
S 0 H 0 0 1 
1 0 0 0 0 G 
1 0 H 0 0 1 
1 1 1 1 1 1 
L34 PL41 PL12 T4

Map6
1 1 S 1 1 1 
1 0 F 0 0 1 
G 0 0 0 0 1 
1 # F 0 0 1 
1 0 1 0 1 1 
1 1 1 1 1 1 
U11 PU22 PD41 T4

Map6
1 1 1 1 1 1 
1 # 0 0 H 1 
1 0 0 0 0 1 
1 0 0 F 1 1 
1 F H 0 0 G 
1 S 1 1 1 1 
u22 R31 P23 T7

Map6
1 1 1 1 1 1 
1 H 0 0 0 S 
1 0 1 H 0 1 
1 0 0 0 1 1 
1 0 0 0 0 1 
1 1 1 1 G 1 
PU42 PL23 P31 T5

Map6
1 1 1 G 1 1 
S 0 0 0 F 1 
1 0 0 1 1 1 
1 0 0 0 0 1 
1 0 H 1 0 1 
1 1 1 1 1 1 
PU31 PD21 u11 T5

Map6
1 1 1 1 S 1 
1 0 0 1 0 1 
G 0 1 0 0 1 
1 0 0 0 F 1 
1 F 0 0 0 1 
1 1 1 1 1 1 
p13 U24 u32 T10

Map6
1 1 1 G 1 1 
1 1 0 0 0 1 
S 0 H F 0 1 
1 1 0 0 # 1 
1 0 H 0 1 1 
1 1 1 1 1 1 
PD41 PL12 D23 T3

Map6
1 1 1 1 G 1 
1 0 1 0 0 1 
1 F 0 F 0 1 
1 0 H 0 0 1 
1 0 0 H 0 1 
1 S 1 1 1 1 
PR31 PL24 L13 T3

Map6
1 1 1 1 1 1 
1 0 0 0 0 1 
G 0 0 0 H 1 
1 0 # 1 # 1 
1 H 0 0 0 1 
1 1 1 S 1 1 
PU13 PR24 R11 T3

Map6
1 1 1 1 1 1 
1 0 0 0 0 1 
1 1 0 1 # 1 
1 0 H 0 0 1 
1 0 H 0 # S 
1 1 1 G 1 1 
PU22 PD34 r31 T5

Map6
1 1 1 1 1 1 
G 0 0 0 1 1 
1 0 H 0 0 1 
1 0 0 0 F 1 
1 0 0 0 0 1 
1 1 1 1 S 1 
r44 PR32 PR14 T6

Map6
1 1 1 1 1 1 
1 F 0 0 F 1 
1 0 1 0 # G 
1 0 0 0 0 1 
S 0 0 0 # 1 
1 1 1 1 1 1 
P43 D34 L31 T5

Map6
1 1 1 1 1 1 
1 0 0 1 1 1 
1 0 0 0 H 1 
G 0 0 0 1 1 
1 0 0 H 0 1 
1 1 1 1 S 1 
l22 PR11 PD44 T4

Map6
1 1 1 1 1 1 
1 0 0 0 0 S 
1 1 0 1 # 1 
1 0 0 H 0 G 
1 0 0 0 H 1 
1 1 1 1 1 1 
PU43 PR11 d41 T1

Map6
1 S 1 1 1 1 
1 # 0 0 0 1 
1 1 0 0 1 1 
1 0 0 1 0 1 
G 0 H H 0 1 
1 1 1 1 1 1 
PU22 PL14 P31 T3

Map6
1 1 1 1 1 1 
1 H 0 0 0 S 
1 0 # 0 H 1 
1 F F 0 1 1 
1 0 0 1 0 1 
1 1 G 1 1 1 
p31 r41 R21 T7

Map6
1 1 1 1 1 1 
1 # 0 F F 1 
1 H 1 0 0 G 
1 1 1 # H 1 
1 0 0 0 0 S 
1 1 1 1 1 1 
r44 PD32 PR42 T3

Map6
1 1 1 1 S 1 
1 0 0 0 # 1 
1 H 1 0 0 1 
1 0 0 0 H 1 
1 0 0 0 0 1 
1 1 G 1 1 1 
U21 PR42 PR14 T5

Map6
1 1 1 S 1 1 
1 H 0 0 0 1 
1 0 0 1 1 1 
G 0 0 0 0 1 
1 0 F 1 0 1 
1 1 1 1 1 1 
PR21 PD12 P14 T3

Map6
1 1 1 1 1 1 
S 0 0 0 F 1 
1 0 0 0 0 1 
1 F 0 0 0 1 
1 1 0 0 0 1 
1 1 1 G 1 1 
p11 L31 l24 T5

Map6
1 1 1 G 1 1 
1 0 0 0 0 1 
1 # 0 H 0 1 
1 0 0 0 0 1 
1 # 0 F 0 1 
1 1 1 S 1 1 
PD33 PL22 d21 T5

Map6
1 1 1 G 1 1 
1 0 0 0 0 1 
S F 0 H 0 1 
1 F 0 0 0 1 
1 0 0 0 0 1 
1 1 1 1 1 1 
P41 PL22 PR11 T2

Map6
1 1 1 1 G 1 
1 0 1 # 0 1 
1 0 0 H 0 1 
1 F 1 0 0 1 
S 0 0 H 0 1 
1 1 1 1 1 1 
PD11 PR33 R24 T3

Map6
1 1 G 1 1 1 
1 0 0 0 # 1 
1 H 1 0 0 1 
1 0 0 0 0 1 
S 0 1 0 1 1 
1 1 1 1 1 1 
d14 PR11 PD13 T4

Map6
1 1 G 1 1 1 
1 H 0 0 0 1 
1 0 H 0 0 1 
1 0 0 F 0 1 
1 0 0 0 0 1 
1 1 S 1 1 1 
PL34 PU21 D23 T2

Map6
1 1 1 1 S 1 
G 0 1 1 0 1 
1 F 0 0 0 1 
1 1 0 0 0 1 
1 # 0 H 0 1 
1 1 1 1 1 1 
PR22 PL11 D43 T2

Map6
1 1 1 1 1 1 
1 1 0 0 0 1 
1 # 0 1 H 1 
G 0 0 # 0 1 
1 0 H 0 0 1 
1 S 1 1 1 1 
R23 PD21 PD14 T4

Map6
1 1 1 1 1 1 
1 0 0 1 0 1 
1 1 0 0 0 1 
1 0 0 1 0 S 
1 0 0 0 F 1 
1 1 1 G 1 1 
U41 PD34 PU23 T4

Map6
1 1 1 1 G 1 
1 0 0 1 0 1 
S 0 0 H 1 1 
1 0 F 0 0 1 
1 H 0 0 1 1 
1 1 1 1 1 1 
PU41 PD11 L22 T2

Map6
1 1 1 1 1 1 
1 F 0 0 0 1 
1 H 0 0 F G 
1 0 0 0 1 1 
1 0 0 0 0 1 
1 S 1 1 1 1 
U21 PL33 PD13 T3

Map6
1 1 G 1 S 1 
1 0 0 0 F 1 
1 F 0 0 0 1 
1 0 0 1 0 1 
1 0 1 0 1 1 
1 1 1 1 1 1 
PD43 PU22 r31 T6

Map6
1 1 1 G 1 1 
1 H 0 0 0 1 
1 F 0 1 0 1 
1 1 0 F H 1 
S 0 0 0 0 1 
1 1 1 1 1 1 
L41 p14 r21 T5

Map6
1 1 1 G 1 1 
1 0 0 0 F 1 
1 0 0 0 0 1 
1 0 F H 0 1 
1 H 0 0 0 1 
1 1 1 1 S 1 
PD21 PD42 R12 T2

Map6
1 1 1 1 1 1 
1 0 0 1 0 1 
G 0 H 0 0 S 
1 0 0 0 0 1 
1 H F 1 0 1 
1 1 1 1 1 1 
u42 U32 p13 T7

Map6
1 1 1 1 1 1 
1 0 H 1 1 1 
S F 0 # F 1 
1 0 0 0 0 1 
G 0 0 0 1 1 
1 1 1 1 1 1 
d23 PR13 PL22 T5

Map6
1 G 1 1 1 1 
1 0 0 0 0 1 
1 0 0 1 0 1 
1 0 0 F 1 1 
S 0 H 0 0 1 
1 1 1 1 1 1 
PD21 PL14 L23 T3

Map6
1 1 1 1 1 1 
1 0 0 0 0 1 
1 H 0 0 # 1 
1 0 1 0 F G 
1 0 # 0 0 1 
1 S 1 1 1 1 
P44 L32 U13 T4

Map6
1 1 1 1 1 1 
1 # 0 F 0 1 
1 0 0 0 0 1 
1 0 H 1 F S 
1 0 1 0 0 1 
1 1 1 G 1 1 
PU12 PD34 U44 T3

Map6
1 1 1 1 1 1 
1 0 0 F F 1 
S 0 0 H 0 1 
1 1 H # 0 1 
1 0 0 0 0 1 
1 1 1 1 G 1 
PD11 PD42 R22 T2

Map6
1 G 1 1 1 1 
1 0 0 H 0 1 
1 0 0 F # 1 
1 0 0 0 H 1 
S 0 F 0 0 1 
1 1 1 1 1 1 
PL21 PD33 R44 T3

Map6
1 1 1 G 1 1 
1 F # 0 0 1 
1 0 0 H H 1 
1 0 0 0 0 1 
1 0 0 0 0 1 
1 1 1 S 1 1 
r34 PR41 PD33 T6

Map6
1 1 1 1 1 1 
1 F 0 H # 1 
1 0 0 0 # 1 
G 0 H 0 0 1 
1 0 0 0 F 1 
1 1 1 1 S 1 
PU14 PD43 U12 T2

Map6
1 1 1 1 1 1 
1 0 0 # H 1 
1 F 0 F 0 G 
1 0 0 0 1 1 
1 # 0 0 H 1 
1 S 1 1 1 1 
U13 u21 R34 T6

Map6
1 1 1 1 S 1 
1 1 0 0 0 1 
1 0 0 0 0 1 
1 1 H 0 0 1 
1 0 0 0 1 1 
1 1 G 1 1 1 
PR33 PR14 R34 T3

Map6
1 1 1 G 1 1 
1 0 F 0 H 1 
1 0 0 0 0 1 
1 0 0 1 0 1 
S F 0 0 0 1 
1 1 1 1 1 1 
l44 PL42 PD43 T4

Map6
1 1 1 1 1 1 
1 0 0 H 0 1 
1 H 0 # 0 1 
G 0 0 0 0 1 
1 0 0 0 0 1 
1 1 1 S 1 1 
D33 r24 P14 T5

Map6
1 1 1 G 1 1 
S 0 0 0 F 1 
1 0 0 0 0 1 
1 0 F H H 1 
1 0 0 0 0 1 
1 1 1 1 1 1 
PL13 PD21 D42 T4

Map6
1 1 1 1 1 1 
1 0 0 F 1 1 
1 F 0 0 0 G 
1 1 0 1 H 1 
1 0 0 H 0 1 
1 S 1 1 1 1 
r14 PL24 PU23 T4

Map6
1 1 1 1 1 1 
1 0 0 1 0 1 
S 0 0 # 0 1 
1 1 H 0 0 1 
1 0 1 H 0 1 
1 G 1 1 1 1 
d12 PD14 PR11 T4

Map6
1 1 1 S 1 1 
1 1 # F 0 1 
1 # 1 0 0 1 
1 0 0 0 0 1 
1 H 0 H 1 1 
1 1 G 1 1 1 
PL42 PR13 D33 T3

Map6
1 S 1 G 1 1 
1 0 1 0 0 1 
1 0 0 1 0 1 
1 # 0 0 1 1 
1 0 0 0 0 1 
1 1 1 1 1 1 
L14 PD22 PU31 T5

Map6
1 1 1 1 1 1 
1 0 F H 0 G 
1 F 0 0 0 1 
S 0 # 0 H 1 
1 # 0 0 0 1 
1 1 1 1 1 1 
D33 PD22 PR41 T2

Map6
1 1 1 G 1 1 
1 0 0 0 F 1 
S 0 0 0 H 1 
1 # 0 0 0 1 
1 0 H 0 0 1 
1 1 1 1 1 1 
D11 u23 L14 T4

Map6
1 1 1 1 S 1 
1 # 0 0 0 1 
1 0 # 0 0 1 
1 H 0 0 H 1 
1 0 0 0 0 1 
1 1 1 G 1 1 
L42 u31 p24 T7

Map6
1 1 1 1 1 1 
1 0 1 0 1 1 
1 0 0 0 H 1 
1 0 H 0 F 1 
S 0 0 F 0 1 
1 1 1 G 1 1 
PD11 PD31 P24 T2

Map6
1 1 1 1 1 1 
1 1 0 # F 1 
1 0 0 0 0 G 
1 1 F 0 0 1 
S 0 0 # 0 1 
1 1 1 1 1 1 
L21 PL14 PD33 T4

Map6
1 1 G 1 1 1 
1 F 0 0 0 S 
1 0 0 0 0 1 
1 0 0 # 0 1 
1 0 1 0 0 1 
1 1 1 1 1 1 
L13 D31 L43 T4

Map6
1 1 1 1 1 1 
1 0 # 0 0 1 
G F F 0 0 1 
1 0 0 1 H 1 
1 0 0 0 0 1 
1 1 S 1 1 1 
R23 PR14 PL32 T2

Map6
1 1 S 1 1 1 
1 0 0 0 0 1 
1 0 H 0 0 1 
1 # 0 # F G 
1 0 0 0 H 1 
1 1 1 1 1 1 
PU21 PL41 u32 T4

Map6
1 1 1 1 1 1 
1 0 0 H # 1 
1 0 0 0 0 1 
1 0 0 0 1 1 
1 0 0 H 0 G 
1 S 1 1 1 1 
PU12 PR44 U24 T4

Map6
1 1 1 1 1 1 
1 F 0 0 0 S 
1 0 # 0 0 1 
1 H 0 1 H 1 
1 1 0 0 0 1 
1 1 1 G 1 1 
r32 P21 u24 T8

Map6
1 1 1 1 1 1 
1 H 0 0 0 1 
1 0 0 0 0 1 
1 0 0 F 0 S 
1 H F 0 0 1 
1 1 1 G 1 1 
PD34 PU13 d23 T5

Map6
1 1 1 1 1 1 
G 0 1 0 F 1 
1 1 F 0 0 1 
1 H H 0 0 1 
1 0 1 0 0 1 
1 1 1 1 S 1 
d33 PL11 PU43 T6

Map6
1 S 1 1 1 1 
1 0 0 H 0 1 
1 1 0 0 0 1 
1 0 0 0 # 1 
1 0 0 0 0 1 
1 1 1 G 1 1 
L24 PL21 PR22 T5

Map6
1 1 1 1 1 1 
1 1 0 0 0 G 
S 0 1 F F 1 
1 0 # 0 0 1 
1 H # 0 1 1 
1 1 1 1 1 1 
PD31 PU13 L34 T5

Map6
1 1 1 1 1 1 
1 0 0 0 H 1 
1 0 F 0 0 G 
1 0 1 H 1 1 
1 1 0 0 0 1 
1 1 S 1 1 1 
PL34 PU13 U11 T3

Map6
1 1 1 1 1 1 
1 0 0 H 0 G 
1 0 0 0 0 1 
1 0 F 0 1 1 
1 F 0 0 0 1 
1 1 1 S 1 1 
PU42 PL44 D32 T3

Map6
1 1 1 1 S 1 
1 F 0 0 0 1 
1 0 0 0 0 1 
1 H 0 # F G 
1 # 1 0 0 1 
1 1 1 1 1 1 
p32 L21 R42 T5

Map6
1 1 1 G 1 1 
1 # F 0 0 S 
1 0 0 0 0 1 
1 H 0 0 0 1 
1 0 0 0 H 1 
1 1 1 1 1 1 
PL42 PU12 u22 T5

Map6
1 1 1 G 1 1 
1 1 0 0 0 1 
1 0 H F 0 1 
1 0 0 0 0 1 
1 0 0 H 0 1 
1 1 S 1 1 1 
p14 PU31 PL23 T5

Map6
1 1 1 S 1 1 
1 0 0 0 0 1 
1 0 # H 0 1 
1 F # 0 0 G 
1 0 0 H 0 1 
1 1 1 1 1 1 
L41 u11 r24 T6

Map6
1 1 1 1 1 1 
S 0 0 0 H 1 
1 0 0 0 0 1 
1 F 0 0 H 1 
1 0 1 0 0 G 
1 1 1 1 1 1 
d22 PR23 PU31 T6

Map6
1 1 1 1 1 1 
G # H 0 0 S 
1 0 F 0 0 1 
1 0 1 F # 1 
1 1 H 0 0 1 
1 1 1 1 1 1 
U31 U34 R44 T6

Map6
1 1 1 1 S 1 
1 0 0 0 0 1 
1 H 1 F # 1 
1 1 0 0 H 1 
1 # F 0 0 1 
1 1 1 G 1 1 
D33 PL44 PU41 T1

Map6
1 1 1 1 S 1 
1 H 0 F 0 1 
1 0 0 0 0 1 
1 0 0 0 0 1 
1 F 0 0 H 1 
1 1 G 1 1 1 
p41 U43 u32 T4

Map6
1 1 1 1 1 1 
1 0 0 0 0 1 
1 0 0 F 0 1 
1 0 H # 0 1 
1 0 H # 0 S 
1 1 1 G 1 1 
PU12 PR44 l21 T4

Map6
1 1 1 S 1 1 
1 0 0 0 0 1 
1 1 0 0 0 1 
1 0 1 F # 1 
1 0 1 0 F 1 
1 G 1 1 1 1 
PR11 PD13 L32 T2

Map6
1 1 1 G 1 1 
S 0 0 F 0 1 
1 # 0 0 0 1 
1 0 0 # H 1 
1 0 0 0 F 1 
1 1 1 1 1 1 
D13 d22 L21 T5

Map6
1 1 G 1 1 1 
1 0 0 1 0 1 
S 0 F 0 F 1 
1 H 0 1 # 1 
1 0 # 0 0 1 
1 1 1 1 1 1 
l14 PL12 PD41 T5

Map6
1 1 1 1 1 1 
1 0 F 0 0 1 
1 0 0 H 0 1 
1 0 0 F 0 1 
S 0 0 0 H 1 
1 1 1 G 1 1 
R22 PD34 PR13 T3

Map6
1 G 1 1 1 1 
1 0 0 0 1 1 
1 0 0 H 0 1 
1 H 1 0 0 1 
1 F 0 0 0 S 
1 1 1 1 1 1 
P24 PD21 PD33 T4

Map6
1 1 1 1 1 1 
1 0 # 0 H 1 
1 0 0 0 0 1 
S 0 0 H 0 G 
1 0 1 # 0 1 
1 1 1 1 1 1 
l42 P23 p13 T7

Map6
1 S 1 1 1 1 
1 0 0 # 0 1 
1 0 0 # F 1 
G 0 0 1 0 1 
1 F 0 0 1 1 
1 1 1 1 1 1 
U12 l11 l22 T6

Map6
1 1 S 1 1 1 
1 0 F F 0 1 
1 H 0 0 0 1 
G 0 0 H 0 1 
1 0 # 0 0 1 
1 1 1 1 1 1 
R11 PD22 PD14 T5

Map6
1 1 1 1 1 1 
1 0 0 0 F 1 
1 0 H 0 0 G 
1 0 0 # 0 1 
1 0 0 0 0 1 
1 1 S 1 1 1 
l31 PL43 PD23 T5

Map6
1 1 1 1 1 1 
1 0 0 0 F 1 
G F 0 0 0 1 
1 0 0 1 0 1 
1 0 0 0 0 1 
1 S 1 1 1 1 
l22 p14 D13 T6

Map6
1 1 1 1 1 1 
1 0 H 0 0 1 
1 0 0 0 0 1 
S 0 1 0 0 G 
1 0 0 0 F 1 
1 1 1 1 1 1 
u32 U42 r13 T7

Map6
1 1 1 S 1 1 
1 1 # F 0 1 
1 0 0 1 0 1 
1 0 0 0 0 1 
1 0 F 0 0 1 
1 1 1 G 1 1 
PL42 PL23 L41 T8

Map6
1 1 G 1 1 1 
1 0 0 0 0 1 
1 H 0 F 0 1 
1 0 # F 0 1 
1 0 0 H 0 S 
1 1 1 1 1 1 
PD22 PR44 l11 T8

Map6
1 1 1 1 1 1 
1 0 0 0 0 1 
1 H 0 H 0 1 
G 0 0 0 0 1 
1 0 0 0 0 1 
1 1 1 S 1 1 
D33 U22 u34 T5

Map6
1 1 1 G 1 1 
1 0 0 0 F 1 
1 0 0 0 0 1 
S 0 0 F 0 1 
1 0 1 1 0 1 
1 1 1 1 1 1 
u22 L23 l13 T6

Map6
1 1 1 1 1 1 
1 # 0 0 0 1 
G 0 0 1 0 1 
1 0 1 0 H 1 
1 F 1 0 0 1 
1 1 1 S 1 1 
PL44 PU42 r31 T7

Map6
1 1 G 1 1 1 
1 0 0 0 1 1 
1 0 0 H 1 1 
1 0 0 0 F 1 
1 0 H F 1 1 
1 1 1 S 1 1 
PD11 PD33 u12 T4

Map6
1 1 1 1 1 1 
S 0 1 1 0 1 
1 1 0 F 0 1 
1 # 0 0 0 1 
1 H 0 0 F 1 
1 1 G 1 1 1 
PL11 PR33 p43 T5

Map6
1 1 1 G 1 1 
1 H 0 0 0 1 
S 0 1 F 0 1 
1 0 H 0 0 1 
1 0 F 1 0 1 
1 1 1 1 1 1 
PD41 PL12 U33 T3

Map6
1 1 1 1 1 1 
S F 0 # # 1 
1 1 0 0 H 1 
1 0 H 1 0 1 
1 0 0 F 0 1 
1 1 1 1 G 1 
l21 PD43 PR22 T4

Map6
1 1 G 1 1 1 
1 0 0 H 0 1 
1 0 F 1 0 1 
1 0 0 0 0 1 
S 0 H F 0 1 
1 1 1 1 1 1 
PL14 PD11 p13 T4

Map6
1 1 1 1 1 1 
1 0 0 F 0 S 
1 0 0 0 0 1 
1 0 0 1 0 G 
1 H # 0 F 1 
1 1 1 1 1 1 
PL22 PR43 D13 T3

Map6
1 1 G 1 1 1 
1 0 0 0 0 1 
S # H 0 0 1 
1 0 0 H 0 1 
1 0 0 0 0 1 
1 1 1 1 1 1 
r11 L31 U13 T3

Map6
1 1 1 S 1 1 
1 0 0 0 0 1 
1 1 1 0 0 1 
1 H 0 H 0 1 
G 0 0 1 # 1 
1 1 1 1 1 1 
PL41 PL14 D32 T2

Map6
1 1 S 1 1 1 
1 0 0 0 0 1 
1 0 0 # F 1 
1 0 H 0 # G 
1 0 0 0 F 1 
1 1 1 1 1 1 
l21 L22 l34 T7

Map6
1 1 1 1 1 1 
1 0 # 0 0 1 
1 0 H 0 0 S 
1 0 0 0 0 1 
1 0 F 0 0 1 
1 1 G 1 1 1 
r42 L32 d23 T6

Map6
1 1 1 1 1 1 
S 0 F 0 F 1 
1 0 # 1 # 1 
1 H 0 0 0 1 
1 0 0 1 0 1 
1 1 1 1 G 1 
PU24 PL11 R12 T4

Map6
1 1 1 1 1 1 
1 H 0 # # S 
G 0 1 0 H 1 
1 0 0 F 0 1 
1 0 0 0 0 1 
1 1 1 1 1 1 
PD13 PL12 U21 T4

Map6
1 1 1 1 1 1 
S F 0 0 0 1 
1 0 1 0 1 1 
1 0 # 0 1 1 
1 0 0 F # 1 
1 G 1 1 1 1 
PU32 PD12 p21 T3

Map6
1 1 G 1 1 1 
1 0 F 0 0 1 
1 0 0 1 0 S 
1 0 0 1 0 1 
1 0 # 0 1 1 
1 1 1 1 1 1 
l42 PD41 PL34 T4

Map6
1 S 1 1 1 1 
1 # 0 0 0 1 
G 0 0 0 0 1 
1 H 0 0 H 1 
1 # 0 0 F 1 
1 1 1 1 1 1 
PL12 PD41 R22 T4

Map6
1 S 1 1 1 1 
1 0 H 0 0 1 
G F 0 0 0 1 
1 0 # 0 0 1 
1 0 0 0 0 1 
1 1 1 1 1 1 
PU11 PR31 p41 T4

Map6
1 1 1 1 1 1 
1 0 0 0 0 1 
G 0 H 0 0 1 
1 H 0 F F 1 
1 0 0 0 0 1 
1 1 S 1 1 1 
R23 PL12 PL34 T2

Map6
1 1 G 1 1 1 
1 F 0 1 0 1 
S 0 0 # 0 1 
1 H H 0 0 1 
1 0 1 F 0 1 
1 1 1 1 1 1 
PR33 PU21 R44 T3

Map6
1 1 1 1 1 1 
1 # 1 1 0 1 
1 # H 0 0 1 
S F 0 H 0 1 
1 1 0 0 0 1 
1 1 1 G 1 1 
PL23 PR32 l24 T6

Map6
1 1 S 1 1 1 
1 0 0 0 # 1 
1 0 0 1 0 1 
1 1 0 0 F 1 
G 0 F H 0 1 
1 1 1 1 1 1 
L23 PL14 PD11 T3

Map6
1 1 G 1 1 1 
1 # 0 0 F 1 
1 H 1 0 0 1 
1 0 F 0 0 1 
1 H 0 0 0 1 
1 1 1 1 S 1 
PR43 PU24 p31 T6

Map6
1 1 G 1 1 1 
1 H 0 0 0 1 
1 # 0 0 0 1 
1 F 0 0 0 1 
1 1 H 0 0 S 
1 1 1 1 1 1 
p32 L41 L34 T5

Map6
1 1 1 1 1 1 
G 0 H 0 F 1 
1 0 H 0 F 1 
1 0 1 0 0 1 
1 1 # 0 0 1 
1 1 1 1 S 1 
PU12 PR34 D43 T3

Map6
1 1 1 1 1 1 
1 0 0 0 # 1 
1 0 F 0 1 1 
1 0 0 H 0 1 
1 0 H 0 0 G 
1 S 1 1 1 1 
PD43 PU32 u21 T5

Map6
1 1 1 1 1 1 
1 1 0 1 0 1 
G 0 0 1 0 1 
1 0 0 H F 1 
1 0 H 0 0 1 
1 1 1 1 S 1 
D23 PD21 PD41 T2

Map6
1 S 1 G 1 1 
1 0 0 0 H 1 
1 0 0 # 0 1 
1 F 0 0 H 1 
1 0 0 0 F 1 
1 1 1 1 1 1 
U21 D42 D34 T5

Map6
1 1 1 1 1 1 
1 0 0 0 0 1 
G F 0 1 0 1 
1 1 0 0 # 1 
1 0 H 0 0 S 
1 1 1 1 1 1 
U11 PL23 PL34 T5

Map6
1 1 1 1 1 1 
1 0 H 0 0 S 
G 0 0 0 # 1 
1 F 0 0 F 1 
1 1 0 H 0 1 
1 1 1 1 1 1 
P31 U44 p41 T3

Map6
1 1 1 1 1 1 
S 0 0 0 H 1 
1 0 0 H 0 G 
1 1 0 0 0 1 
1 0 0 # 0 1 
1 1 1 1 1 1 
PR42 PD43 U31 T4

Map6
1 1 1 1 1 1 
1 F 0 1 0 1 
1 0 1 F 0 G 
1 0 0 # 0 1 
1 0 0 0 0 1 
1 1 1 S 1 1 
PU41 PL12 L44 T5

Map6
1 1 1 1 1 1 
S 0 # H 0 1 
1 0 0 0 1 1 
1 0 0 # 0 1 
1 F 0 0 0 1 
1 1 G 1 1 1 
PR34 PU13 U22 T6

Map6
1 1 1 1 1 1 
1 0 1 0 0 1 
G 0 0 0 H 1 
1 0 # # 0 1 
1 H 0 0 0 1 
1 1 1 1 S 1 
PU24 PR43 p31 T6

Map6
1 1 1 1 S 1 
1 1 0 0 0 1 
1 0 0 # H 1 
1 0 0 0 0 G 
1 0 0 # 0 1 
1 1 1 1 1 1 
R13 PL31 PU41 T2

Map6
1 1 1 1 1 1 
1 0 0 0 H 1 
1 # H 0 # G 
1 0 0 0 0 1 
1 0 0 0 0 1 
1 1 1 1 S 1 
PU31 PR43 u44 T5

Map6
1 1 1 1 1 1 
S 0 1 0 0 1 
1 0 0 0 F 1 
1 0 F 1 0 1 
1 0 0 0 # 1 
1 1 1 G 1 1 
D41 PL11 PL24 T5

Map6
1 1 1 1 1 1 
1 0 0 0 F 1 
1 H # F 0 S 
1 0 0 0 0 1 
1 0 # 0 0 1 
1 1 G 1 1 1 
PU44 PR42 R34 T5

Map6
1 1 1 G 1 1 
1 0 1 0 0 1 
S 0 0 0 H 1 
1 0 0 0 0 1 
1 0 0 F F 1 
1 1 1 1 1 1 
r12 D11 d23 T5

Map6
1 1 1 1 1 1 
1 F 0 # 0 S 
1 0 0 0 1 1 
G 0 H 0 # 1 
1 1 0 F H 1 
1 1 1 1 1 1 
r41 D33 R21 T5

Map6
1 1 1 1 1 1 
1 0 0 0 F 1 
1 H 0 0 0 1 
G 0 1 0 0 1 
1 0 0 0 0 1 
1 1 1 S 1 1 
PL13 PU43 l33 T4

Map6
1 1 1 1 1 1 
1 0 F 0 0 S 
1 1 0 0 # 1 
G 0 H 0 0 1 
1 F 0 0 H 1 
1 1 1 1 1 1 
PL13 PU43 U31 T2

Map6
1 1 1 1 1 1 
1 H 0 0 1 1 
1 0 0 0 0 1 
S 0 0 H 0 1 
1 1 0 0 0 1 
1 1 1 1 G 1 
PU23 PD12 L21 T4

Map6
1 S 1 1 1 1 
1 0 0 0 0 1 
1 0 0 0 0 G 
1 H 0 0 F 1 
1 0 0 0 0 1 
1 1 1 1 1 1 
D12 d11 D23 T5

Map6
1 1 1 S 1 1 
1 1 0 0 H 1 
1 0 0 0 0 1 
1 0 0 H 0 G 
1 0 0 1 F 1 
1 1 1 1 1 1 
PR21 PR43 R32 T2

Map6
1 1 1 1 S 1 
1 # 0 0 0 1 
G 0 0 0 H 1 
1 0 0 0 H 1 
1 0 0 0 0 1 
1 1 1 1 1 1 
PU41 PR21 P33 T3

Map6
1 1 1 1 1 1 
1 0 0 0 0 S 
1 1 0 0 0 1 
G 0 0 1 0 1 
1 1 F H 0 1 
1 1 1 1 1 1 
PL32 PL23 U11 T3

Map6
1 1 1 1 S 1 
1 H 0 0 0 1 
1 0 0 0 H 1 
1 0 1 # 0 G 
1 0 # 0 0 1 
1 1 1 1 1 1 
d44 PL32 PU41 T7

Map6
1 S 1 1 1 1 
1 0 # F 0 1 
1 H 0 0 0 1 
1 0 0 0 0 G 
1 0 0 0 0 1 
1 1 1 1 1 1 
PU11 PL41 d24 T5

Map6
1 1 1 1 1 1 
1 0 0 0 0 1 
G 0 0 0 H 1 
1 0 0 1 0 1 
1 0 1 0 0 1 
1 1 1 1 S 1 
PR34 PL12 U43 T2

Map6
1 1 G 1 1 1 
1 H 0 0 F 1 
1 0 H F 1 1 
1 0 0 0 1 1 
S # 0 0 # 1 
1 1 1 1 1 1 
PU21 PU34 L12 T5

Map6
1 1 1 G 1 1 
1 0 0 # H 1 
1 0 0 0 0 1 
1 0 0 0 0 1 
1 # F 1 0 S 
1 1 1 1 1 1 
D42 p43 l44 T5

Map6
1 1 1 1 1 1 
1 0 H 0 0 1 
1 0 # 0 0 1 
1 0 1 0 0 G 
S 0 0 0 H 1 
1 1 1 1 1 1 
PR42 PR34 d13 T7

Map6
1 1 1 1 1 1 
1 H 1 0 0 1 
1 F H 0 F G 
1 0 0 0 0 1 
1 0 0 0 0 1 
1 S 1 1 1 1 
r32 U13 r44 T7

Map6
1 1 1 1 1 1 
1 0 1 1 0 1 
1 0 0 0 F 1 
1 1 F 0 0 S 
1 0 0 0 H 1 
1 1 G 1 1 1 
PR43 PU33 L12 T3

Map6
1 1 S 1 1 1 
1 0 0 1 0 1 
1 0 0 0 1 1 
1 0 H 0 0 1 
1 0 H # 0 1 
1 1 1 G 1 1 
PD32 PL22 u11 T5

Map6
1 1 1 1 1 1 
1 1 0 # 0 S 
1 0 1 0 0 1 
1 0 F 0 0 1 
1 H 0 1 0 1 
1 1 G 1 1 1 
D21 PD12 PD24 T4

Map6
1 1 1 1 1 1 
1 0 1 0 0 1 
1 F 1 0 0 1 
G 0 F 1 0 1 
1 0 0 0 0 1 
1 1 1 S 1 1 
P14 PU32 PD11 T6

Map6
1 1 G 1 1 1 
1 F 0 0 0 1 
1 0 0 0 0 1 
1 0 0 0 0 1 
1 # 0 H 0 1 
1 S 1 1 1 1 
l32 d43 R12 T6

Map6
1 1 1 1 1 1 
1 H 0 0 0 S 
1 0 0 0 F 1 
G 0 1 0 0 1 
1 H 0 0 0 1 
1 1 1 1 1 1 
L21 PD43 PL13 T4

Map6
1 1 1 1 1 1 
1 F 0 0 0 S 
1 0 0 0 F 1 
1 0 1 1 0 G 
1 0 0 0 0 1 
1 1 1 1 1 1 
d41 L21 l44 T7

Map6
1 1 1 1 1 1 
1 # 0 0 0 1 
S 0 0 # H 1 
1 H 0 0 0 G 
1 0 0 0 0 1 
1 1 1 1 1 1 
P22 p21 r33 T7

Map6
1 1 1 1 G 1 
1 1 0 0 0 1 
1 0 1 0 H 1 
1 # 0 0 F 1 
1 0 1 0 0 1 
1 S 1 1 1 1 
PL23 PR21 r14 T4

Map6
1 S 1 G 1 1 
1 # F 0 # 1 
1 0 0 H 0 1 
1 0 0 1 1 1 
1 0 0 0 1 1 
1 1 1 1 1 1 
D14 PD22 PU31 T3

Map6
1 1 G 1 1 1 
1 F 0 0 0 1 
1 0 # 0 0 1 
1 0 0 0 0 1 
1 F # 0 0 S 
1 1 1 1 1 1 
L41 L34 r32 T5

Map6
1 1 1 G 1 1 
1 0 F 0 F 1 
1 0 0 1 0 1 
1 0 1 0 0 1 
1 0 0 # 0 S 
1 1 1 1 1 1 
U11 PU31 PL22 T3

Map6
1 1 1 G 1 1 
1 0 H 0 0 1 
1 H 0 0 0 1 
1 F 0 0 0 1 
1 0 F 0 0 S 
1 1 1 1 1 1 
D22 PL41 PL34 T4

Map6
1 1 G 1 1 1 
1 0 0 0 0 1 
1 1 0 0 1 1 
1 H # 0 0 S 
1 0 1 H 0 1 
1 1 1 1 1 1 
D22 d43 L11 T5

Map6
1 1 1 1 1 1 
1 0 H 0 F 1 
1 0 0 0 0 G 
1 F 0 0 # 1 
1 0 0 0 0 1 
1 1 1 1 S 1 
PR42 PL22 L11 T5

Map6
1 1 S 1 1 1 
1 0 0 0 0 1 
1 1 0 1 1 1 
1 0 0 0 0 G 
1 0 H 0 # 1 
1 1 1 1 1 1 
U22 PD33 PL31 T5

Map6
1 S 1 1 1 1 
1 0 H 0 0 1 
1 0 0 0 0 G 
1 H 0 1 0 1 
1 0 0 0 0 1 
1 1 1 1 1 1 
p43 PL32 PU12 T6

Map6
1 1 1 1 1 1 
1 # 0 0 0 1 
1 H 0 0 0 1 
G 0 0 0 H 1 
1 1 F # 0 S 
1 1 1 1 1 1 
PR21 PR44 r32 T5

Map6
1 1 1 1 1 1 
1 0 F 0 0 1 
1 0 0 0 H 1 
G 0 0 0 0 1 
1 0 H 0 0 S 
1 1 1 1 1 1 
PD43 PU34 l44 T4

Map6
1 1 1 1 S 1 
1 0 0 H 0 1 
G 0 H 0 1 1 
1 0 0 0 0 1 
1 0 0 # 0 1 
1 1 1 1 1 1 
PU41 PR23 u11 T7

Map6
1 1 1 1 1 1 
1 0 0 0 0 1 
1 F 0 0 0 1 
1 1 1 0 0 1 
1 0 1 0 F G 
1 S 1 1 1 1 
PU22 PD14 R34 T3

Map6
1 1 1 1 1 1 
1 0 0 0 0 G 
1 H 0 0 0 1 
1 0 0 0 0 1 
S 0 0 F H 1 
1 1 1 1 1 1 
PR11 PD13 L24 T2

Map6
1 1 G 1 S 1 
1 # 0 0 # 1 
1 0 0 0 0 1 
1 0 0 0 H 1 
1 0 H 0 0 1 
1 1 1 1 1 1 
PU42 PD31 l32 T6

Map6
1 1 1 1 1 1 
1 0 H 0 0 1 
S # 0 1 0 1 
1 1 H 0 F 1 
1 0 0 0 0 G 
1 1 1 1 1 1 
PL22 PU34 D42 T3

Map6
1 S 1 1 1 1 
1 F 0 0 0 1 
1 0 1 H # G 
1 F 1 0 0 1 
1 0 0 0 1 1 
1 1 1 1 1 1 
PL24 PR21 p41 T5

Map6
1 1 S 1 1 1 
1 0 F 0 # 1 
1 0 0 0 1 1 
1 0 H 0 0 1 
1 # 0 1 F 1 
1 1 G 1 1 1 
R12 PD31 PD24 T2

Map6
1 1 1 1 1 1 
1 0 0 0 # 1 
1 0 # 0 0 1 
G 0 1 0 F 1 
1 H 0 1 0 S 
1 1 1 1 1 1 
PR21 PU13 D11 T4

Map6
1 1 1 1 1 1 
1 0 0 0 0 1 
1 1 H 0 # S 
1 0 0 1 0 1 
1 0 1 0 0 1 
1 G 1 1 1 1 
PD41 PD13 U32 T2

Map6
1 1 1 1 1 1 
1 F H 0 0 1 
1 0 0 1 0 S 
1 0 F 0 0 1 
1 0 H # 0 1 
1 1 1 G 1 1 
PL44 PD12 d33 T4

Map6
1 1 1 G 1 1 
1 0 0 0 F 1 
1 H 0 # 0 1 
1 0 0 1 0 1 
1 0 0 0 F S 
1 1 1 1 1 1 
R42 d23 P14 T5

Map6
1 1 S 1 1 1 
1 1 0 H 0 1 
1 0 H 1 0 1 
1 0 0 0 F 1 
1 0 0 0 # 1 
1 1 1 1 G 1 
P33 PU21 PU14 T6

Map6
1 1 1 1 1 1 
1 0 0 0 F 1 
G 0 0 1 0 1 
1 0 0 0 F 1 
1 # 0 0 # 1 
1 1 1 1 S 1 
u11 PD21 PD42 T6

Map6
1 1 1 1 1 1 
1 0 0 0 0 1 
1 H 0 0 H 1 
1 0 0 0 0 G 
1 0 0 0 0 1 
1 1 1 1 S 1 
PL31 PR43 d34 T5

Map6
1 1 1 1 1 1 
1 0 1 0 0 1 
S 0 0 0 0 1 
1 1 1 0 0 G 
1 0 0 # H 1 
1 1 1 1 1 1 
L42 l32 d22 T4

Map6
1 1 1 1 1 1 
1 F 0 # 0 S 
1 0 0 0 H 1 
1 1 1 0 H 1 
1 0 0 1 0 1 
1 1 1 1 G 1 
P21 PU32 PD44 T2

Map6
1 S 1 1 1 1 
1 0 0 H 0 1 
1 F 0 0 F G 
1 0 0 0 1 1 
1 0 1 0 0 1 
1 1 1 1 1 1 
d13 P14 u21 T7

Map6
1 1 1 1 1 1 
1 0 H 0 0 S 
1 0 0 1 0 1 
1 0 0 0 0 1 
1 H 0 0 0 1 
1 1 G 1 1 1 
P31 PD13 PL44 T4

Map6
1 1 1 G 1 1 
1 0 H 0 0 1 
S 0 0 F 0 1 
1 0 0 0 0 1 
1 0 0 H 0 1 
1 1 1 1 1 1 
D11 D43 u12 T4

Map6
1 1 G 1 1 1 
1 0 F 0 0 S 
1 0 0 0 0 1 
1 0 H 0 0 1 
1 0 0 0 0 1 
1 1 1 1 1 1 
PL31 PL12 D43 T4

Map6
1 1 1 1 G 1 
1 H 0 0 F 1 
1 # 0 # 0 1 
1 0 0 0 0 1 
S 0 0 F H 1 
1 1 1 1 1 1 
L22 P24 d14 T5

Map6
1 1 1 1 1 1 
1 0 0 0 0 1 
1 0 0 H 1 1 
1 0 0 0 0 1 
1 F 0 0 H 1 
1 S 1 G 1 1 
p11 p22 d43 T9

Map6
1 1 G 1 1 1 
1 # 0 0 0 1 
1 0 0 # 0 1 
S 0 H 0 H 1 
1 0 0 0 0 1 
1 1 1 1 1 1 
l24 D12 L42 T5

Map6
1 1 1 1 S 1 
1 0 0 0 0 1 
1 0 0 0 H 1 
1 0 0 0 0 1 
1 F 0 0 H 1 
1 1 G 1 1 1 
R31 PU41 PU12 T3

Map6
1 1 1 1 S 1 
1 0 0 0 0 1 
1 0 # 1 # 1 
G F 0 1 F 1 
1 0 0 1 0 1 
1 1 1 1 1 1 
U44 r31 P24 T5

Map6
1 1 1 G 1 1 
S 0 0 F 0 1 
1 0 # 0 # 1 
1 0 0 0 0 1 
1 0 0 0 H 1 
1 1 1 1 1 1 
L21 l23 L14 T5

Map6
1 1 1 1 1 1 
1 0 0 H 0 G 
1 0 # H 0 1 
1 0 0 0 0 1 
1 0 0 0 F 1 
1 1 1 S 1 1 
U12 PD34 PL24 T5

Map6
1 S 1 1 1 1 
1 0 0 0 0 1 
1 0 1 1 H 1 
1 0 H 0 0 1 
1 F 0 0 0 G 
1 1 1 1 1 1 
U12 PL21 PD33 T3

Map6
1 1 G 1 1 1 
1 F 0 0 F 1 
1 0 0 0 H 1 
1 0 0 0 0 1 
1 H 0 0 0 S 
1 1 1 1 1 1 
u32 L24 R31 T5

Map6
1 1 1 1 1 1 
1 0 0 0 0 1 
S 0 # F F 1 
1 0 0 0 0 G 
1 0 H 0 0 1 
1 1 1 1 1 1 
U13 r33 d21 T6

Map6
1 1 S 1 1 1 
1 0 0 H 0 1 
1 0 F 0 0 1 
1 F 0 0 0 1 
1 0 H 0 0 1 
1 1 1 G 1 1 
PL43 PR11 U23 T3

Map6
1 1 1 1 S 1 
1 0 0 0 0 1 
G F 0 0 0 1 
1 0 0 # H 1 
1 # 0 0 0 1 
1 1 1 1 1 1 
u31 D42 l22 T6

Map6
1 1 1 1 G 1 
1 0 0 0 0 1 
1 H F 0 H 1 
1 0 0 0 1 1 
1 0 # F 0 1 
1 S 1 1 1 1 
U13 L44 l14 T5

Map6
1 1 S 1 1 1 
1 0 0 0 F 1 
1 1 0 0 # 1 
1 0 0 0 H 1 
1 0 0 0 F 1 
1 1 1 G 1 1 
d21 U23 d22 T4

Map6
1 1 1 1 1 1 
1 0 0 1 0 1 
S 0 0 H 0 1 
1 0 H 0 0 G 
1 0 F 1 0 1 
1 1 1 1 1 1 
PU22 PU44 R33 T4

Map6
1 1 1 1 1 1 
1 H 0 0 # S 
1 0 0 0 0 1 
1 0 0 0 0 G 
1 H 1 # F 1 
1 1 1 1 1 1 
U21 L42 U12 T4

Map6
1 1 1 1 S 1 
1 H 0 0 0 1 
1 0 0 0 0 1 
1 0 0 0 0 G 
1 0 F 0 H 1 
1 1 1 1 1 1 
PD21 PL42 P34 T4

Map6
1 1 1 1 1 1 
1 F 0 0 0 S 
1 0 0 1 0 1 
1 0 1 0 0 1 
1 0 0 0 F 1 
1 1 G 1 1 1 
PU42 PD24 R21 T2

Map6
1 1 1 1 1 1 
1 0 0 0 0 1 
1 # 0 F 0 1 
S F 0 H 0 1 
1 0 0 0 # 1 
1 1 G 1 1 1 
PR11 PL23 u34 T5

Map6
1 1 S 1 1 1 
1 0 0 F 0 1 
1 0 H 0 0 1 
1 0 0 0 0 1 
1 0 F 0 0 1 
1 1 G 1 1 1 
d23 R11 P44 T5

Map6
1 1 1 1 S 1 
1 # 0 0 0 1 
1 0 H 0 0 1 
1 1 0 F H 1 
1 0 0 0 # 1 
1 1 G 1 1 1 
PR42 PD21 u34 T6

Map6
1 G 1 1 1 1 
1 0 H 0 0 1 
1 H 0 1 0 1 
1 # 0 0 # 1 
1 F 0 0 0 S 
1 1 1 1 1 1 
r33 PU11 PU24 T5

Map6
1 1 S 1 1 1 
1 0 0 1 0 1 
1 0 0 0 F 1 
1 0 H H 0 G 
1 0 0 F 0 1 
1 1 1 1 1 1 
PD41 PU21 R44 T2

Map6
1 1 G 1 1 1 
1 0 0 # 0 1 
1 # 0 0 0 1 
1 0 0 F 0 1 
1 F 0 0 0 S 
1 1 1 1 1 1 
r32 P34 r43 T6

Map6
1 1 1 1 1 1 
1 0 H 0 0 1 
1 0 0 0 # 1 
S F 1 F 0 1 
1 0 0 # 0 1 
1 1 1 G 1 1 
PL11 PR24 U14 T5

Map6
1 1 1 G 1 1 
1 0 0 F 0 1 
1 0 0 0 0 1 
1 0 # 0 H 1 
S 0 0 H 0 1 
1 1 1 1 1 1 
P11 R24 p22 T5

Map6
1 1 1 G 1 1 
1 0 # F 0 1 
1 1 0 0 0 1 
1 F 0 H 0 1 
1 0 0 0 0 1 
1 1 1 S 1 1 
PD41 PD34 l22 T6

Map6
1 1 1 1 1 1 
G 0 0 1 F 1 
1 1 0 1 0 1 
1 0 0 0 0 1 
1 F 0 0 0 S 
1 1 1 1 1 1 
l44 d33 R24 T6

Map6
1 1 1 1 1 1 
1 F 1 0 0 1 
1 0 0 1 0 S 
1 0 0 # 1 1 
1 0 0 F 0 1 
1 1 1 G 1 1 
PD41 PD12 D14 T4

Map6
1 1 1 1 S 1 
1 0 # 0 0 1 
1 # 1 0 0 1 
1 1 0 H 0 1 
1 0 0 1 0 1 
1 G 1 1 1 1 
PL24 PD31 P43 T4

Map6
1 1 1 1 1 1 
1 0 H 0 0 1 
1 0 0 0 0 1 
1 0 1 # F G 
1 H 0 0 # 1 
1 1 S 1 1 1 
PR22 PD24 P34 T4

Map6
1 1 1 1 1 1 
G 0 1 0 1 1 
1 H 0 0 0 1 
1 0 0 1 0 1 
1 0 F 0 0 1 
1 S 1 1 1 1 
PR22 PL11 L13 T4

Map6
1 1 1 1 1 1 
S 0 0 0 0 1 
1 1 1 F 0 1 
1 0 0 # 0 1 
1 0 0 H H 1 
1 1 G 1 1 1 
PU14 PL11 p13 T4

Map6
1 1 1 1 1 1 
1 H 0 0 0 1 
1 0 0 1 0 1 
1 1 0 1 0 G 
1 0 0 0 H 1 
1 1 1 S 1 1 
p34 PR43 PL31 T5

Map6
1 1 1 1 1 1 
1 0 0 0 0 1 
G # 0 0 H 1 
1 0 F 0 0 1 
1 H 0 0 0 1 
1 1 1 1 S 1 
D43 PL31 PL24 T4

Map6
1 1 1 1 1 1 
1 0 0 0 H 1 
1 H 0 0 0 1 
1 F 0 0 0 1 
G # 0 1 0 S 
1 1 1 1 1 1 
PU32 PR44 u31 T5

Map6
1 S 1 1 1 1 
1 0 0 0 0 1 
1 0 0 0 0 1 
G F 0 1 0 1 
1 0 0 0 0 1 
1 1 1 1 1 1 
U31 U12 d24 T6

Map6
1 1 1 1 1 1 
1 0 0 0 F 1 
1 0 0 1 0 1 
G 0 1 0 1 1 
1 0 0 F 0 1 
1 1 1 S 1 1 
PD33 PU22 u12 T5

Map6
1 1 1 1 S 1 
1 0 0 0 0 1 
1 0 1 0 H 1 
1 H 0 1 0 1 
1 0 0 F 0 1 
1 1 G 1 1 1 
L44 PU41 PR14 T2

Map6
1 1 G 1 1 1 
1 0 0 0 0 1 
1 H H F 1 1 
1 0 0 0 F 1 
1 0 0 0 0 1 
1 S 1 1 1 1 
d31 D13 P44 T6

Map6
1 1 1 1 1 1 
1 0 0 0 0 1 
1 1 0 H 0 S 
1 0 0 1 0 1 
1 0 0 0 0 1 
1 1 1 G 1 1 
p31 U43 u24 T7

Map6
1 1 1 G 1 1 
1 0 0 0 # 1 
1 H # 0 1 1 
1 0 0 0 F 1 
1 0 0 H 0 S 
1 1 1 1 1 1 
PL33 PR44 l21 T6

Map6
1 G 1 1 1 1 
1 0 0 1 0 1 
1 0 0 0 0 1 
1 H 1 0 0 1 
1 0 0 1 0 1 
1 1 S 1 1 1 
U41 PR33 PR14 T5

Map6
1 S 1 G 1 1 
1 F 0 0 1 1 
1 0 1 1 0 1 
1 0 F 0 H 1 
1 0 0 0 0 1 
1 1 1 1 1 1 
u24 PU31 PD33 T4

Map6
1 1 1 1 1 1 
1 0 0 0 H 1 
1 # 0 F 0 G 
1 0 0 0 0 1 
S # F 0 0 1 
1 1 1 1 1 1 
l44 PD11 PD43 T4

Map6
1 1 G 1 1 1 
1 0 0 H 0 1 
1 0 0 0 0 1 
1 0 1 0 0 1 
1 F # 0 0 1 
1 1 1 S 1 1 
d43 PL32 PU44 T5

Map6
1 1 1 1 1 1 
S 0 0 H F 1 
1 0 0 0 # 1 
1 0 1 0 1 1 
1 1 0 0 F 1 
1 1 1 G 1 1 
PL21 PL13 p22 T5

Map6
1 1 G 1 1 1 
1 F 0 0 0 1 
1 0 H 0 0 1 
1 0 # 0 1 1 
1 0 0 0 0 1 
1 S 1 1 1 1 
PU21 PU34 L12 T3

Map6
1 1 G 1 1 1 
1 0 # 0 F 1 
1 0 H 0 # 1 
1 0 0 0 0 1 
1 H 0 0 0 1 
1 1 S 1 1 1 
u31 PL23 PU44 T6

Map6
1 1 1 1 1 1 
1 0 0 0 F 1 
1 0 0 0 0 1 
1 0 0 # H 1 
1 1 0 H 0 1 
1 1 G 1 S 1 
u31 PD44 PU32 T4

Map6
1 1 S 1 1 1 
1 H 0 1 0 G 
1 0 0 0 F 1 
1 0 0 0 H 1 
1 F 0 1 0 1 
1 1 1 1 1 1 
u22 PR41 PD12 T4

Map6
1 1 1 1 1 1 
1 0 0 0 0 S 
G 0 H 0 0 1 
1 0 0 # 1 1 
1 F 0 # 0 1 
1 1 1 1 1 1 
d41 r32 d13 T8

Map6
1 1 1 G 1 1 
1 0 # 0 F 1 
1 0 1 0 1 1 
1 0 # 0 F 1 
1 0 1 0 0 1 
1 S 1 1 1 1 
PL33 PU31 p14 T3

Map6
1 1 1 1 S 1 
1 0 0 # 0 1 
1 0 0 0 0 1 
1 0 H 0 F G 
1 H 0 # 0 1 
1 1 1 1 1 1 
u32 PU21 PL42 T5

Map6
1 1 1 1 1 1 
G 0 0 0 0 1 
1 F 0 0 0 1 
1 1 1 H 0 1 
1 0 0 1 0 1 
1 1 S 1 1 1 
PD41 PD24 U22 T6

Map6
1 1 1 G 1 1 
1 0 H 0 0 1 
1 F 0 0 H 1 
1 0 0 0 0 1 
1 0 0 F 0 S 
1 1 1 1 1 1 
L14 r43 R13 T4

Map6
1 1 1 1 1 1 
1 F 0 # 0 S 
1 0 0 1 0 1 
1 0 0 # 0 1 
1 H 0 0 0 1 
1 1 G 1 1 1 
d13 PL43 PR21 T4

Map6
1 1 1 1 1 1 
1 0 0 H 0 1 
G F 0 0 F 1 
1 0 0 # # 1 
1 0 H 0 0 S 
1 1 1 1 1 1 
U21 PR13 PR44 T4

Map6
1 1 1 1 1 1 
1 0 0 1 0 1 
1 0 # # 0 1 
G 0 H 0 0 1 
1 1 0 F 1 1 
1 1 S 1 1 1 
u41 PR33 PD24 T7

Map6
1 1 1 1 1 1 
1 # 0 F 0 S 
1 0 0 0 # 1 
G F 0 0 0 1 
1 0 0 0 0 1 
1 1 1 1 1 1 
PR21 PR22 u34 T6

Map6
1 1 1 G 1 1 
1 0 0 F 0 1 
1 H 0 0 0 1 
S 0 1 0 0 1 
1 0 0 0 F 1 
1 1 1 1 1 1 
PD21 PL13 l22 T4

Map6
1 1 1 1 1 1 
S 0 0 # 0 1 
1 0 H 0 F 1 
1 H 0 0 1 1 
1 0 # F 0 1 
1 1 G 1 1 1 
D23 PL11 PL44 T1

Map6
1 1 1 S 1 1 
1 0 0 0 0 1 
1 0 0 H # G 
1 0 0 0 0 1 
1 # 0 F H 1 
1 1 1 1 1 1 
PU31 PL24 p43 T8

Map6
1 1 1 G 1 1 
1 F F 0 1 1 
1 # 0 # H 1 
1 0 0 0 0 1 
1 1 0 1 H 1 
1 1 S 1 1 1 
p24 D22 D43 T3

Map6
1 1 1 1 1 1 
1 0 0 F 1 1 
1 F 0 0 0 1 
G 0 H 0 0 1 
1 0 0 0 1 1 
1 1 S 1 1 1 
R14 PD24 PU22 T4

Map6
1 1 1 1 1 1 
1 0 H 0 0 S 
1 0 0 0 0 1 
1 # 0 H 0 1 
1 F 0 0 0 1 
1 1 G 1 1 1 
P31 PU12 PL43 T4

Map6
1 S 1 1 G 1 
1 0 1 0 0 1 
1 0 0 H 0 1 
1 0 0 0 F 1 
1 F # 0 0 1 
1 1 1 1 1 1 
PR31 PL22 D13 T3

Map6
1 1 1 1 1 1 
1 0 1 0 0 1 
1 0 0 H 0 G 
1 0 0 F 0 1 
1 0 0 0 0 1 
1 1 1 S 1 1 
L44 l43 p14 T7

Map6
1 S 1 1 1 1 
1 0 0 0 1 1 
1 0 0 1 0 1 
G F 0 F 0 1 
1 0 0 0 0 1 
1 1 1 1 1 1 
PD31 PD12 l22 T5

Map6
1 1 1 G 1 1 
1 F 0 0 1 1 
1 0 0 H 0 1 
1 0 0 0 0 1 
1 H 0 0 0 S 
1 1 1 1 1 1 
d13 P24 L43 T6

Map6
1 1 S 1 1 1 
1 0 0 0 # 1 
1 # F 0 F 1 
1 0 H 0 0 1 
1 0 0 0 0 1 
1 1 G 1 1 1 
D14 PU21 PU32 T5

Map6
1 1 1 1 1 1 
1 0 0 0 H 1 
1 0 1 H 0 1 
1 0 0 0 0 1 
1 F 0 0 0 S 
1 1 G 1 1 1 
d33 R34 U42 T5

Map6
1 1 1 1 1 1 
S F 0 0 F 1 
1 0 0 0 0 1 
1 0 0 0 0 1 
1 0 H 0 0 1 
1 1 1 G 1 1 
d22 PR31 PD23 T5

Map6
1 1 G 1 1 1 
1 0 0 0 # 1 
1 0 0 0 0 1 
1 0 F 0 0 1 
1 H # 0 F S 
1 1 1 1 1 1 
PR11 PR34 D31 T2

Map6
1 S 1 1 1 1 
1 0 0 0 0 1 
G 0 0 1 H 1 
1 F 0 F 0 1 
1 0 1 0 1 1 
1 1 1 1 1 1 
D31 U14 P23 T4

Map6
1 1 1 1 1 1 
1 0 1 H F 1 
1 0 H 0 0 S 
1 0 0 0 0 1 
1 F 0 0 0 1 
1 1 G 1 1 1 
d33 R32 l42 T6

Map6
1 1 1 1 1 1 
1 0 0 0 0 1 
G F 0 1 0 1 
1 0 0 F 0 1 
1 0 0 0 0 1 
1 1 1 S 1 1 
L43 U21 U24 T2

Map6
1 1 1 1 S 1 
1 0 0 0 0 1 
1 H 0 0 0 1 
G 0 0 0 H 1 
1 0 0 0 0 1 
1 1 1 1 1 1 
D42 d31 L33 T4

Map6
1 1 1 1 1 1 
1 F H 0 F 1 
1 0 0 0 0 G 
1 0 0 0 0 1 
1 0 0 0 0 1 
1 1 S 1 1 1 
PL31 PL22 P43 T4

Map6
1 1 1 1 1 1 
1 F 0 0 0 S 
1 H 0 H 0 1 
1 0 0 0 0 1 
1 F 0 0 0 1 
1 1 G 1 1 1 
l42 d33 U31 T6

Map6
1 1 1 1 S 1 
1 0 0 0 0 1 
1 # H 0 0 1 
G 0 F 0 H 1 
1 F 0 0 0 1 
1 1 1 1 1 1 
d41 l32 P42 T6

Map6
1 1 1 1 1 1 
1 0 1 0 0 1 
1 F 0 H 0 1 
G 0 0 0 0 1 
1 0 0 0 0 1 
1 1 1 S 1 1 
D33 d34 p22 T7

Map6
1 1 1 1 1 1 
1 H F 0 0 1 
1 0 1 # 0 1 
1 0 0 0 # 1 
1 F 0 0 0 S 
1 1 G 1 1 1 
r33 R42 R34 T5

Map6
1 1 1 S 1 1 
1 0 1 0 0 1 
1 0 H 0 0 1 
1 1 0 H 0 1 
1 0 0 0 1 1 
1 G 1 1 1 1 
PD14 PL41 U32 T2

Map6
1 1 G 1 1 1 
1 0 0 F F 1 
1 0 0 # 1 1 
1 H 1 0 0 1 
1 0 # 0 0 1 
1 1 S 1 1 1 
PR12 PL44 d34 T4

Map6
1 1 1 1 1 1 
1 F 0 0 0 1 
1 # 0 0 F G 
1 0 0 0 0 1 
1 0 0 0 0 1 
1 S 1 1 1 1 
L21 U13 d14 T5

Map6
1 1 1 S 1 1 
1 F 1 F 0 1 
1 1 0 0 0 1 
1 0 0 H 0 1 
1 0 0 0 0 1 
1 1 1 G 1 1 
d24 PR14 PU32 T3

Map6
1 1 1 1 1 1 
1 0 0 0 H 1 
1 F 0 1 # 1 
1 H 0 # 0 1 
1 0 0 1 0 G 
1 S 1 1 1 1 
PL31 PD14 D24 T6

Map6
1 1 1 1 1 1 
1 F 0 F H 1 
1 0 0 0 1 1 
G 0 0 1 0 1 
1 0 H 0 0 1 
1 1 1 S 1 1 
PD34 PU14 L23 T1

Map6
1 S 1 G 1 1 
1 # 0 0 H 1 
1 0 0 0 0 1 
1 H 1 0 0 1 
1 # 1 0 0 1 
1 1 1 1 1 1 
PD42 PL21 L12 T4

Map6
1 1 1 1 S 1 
1 0 0 0 0 1 
1 H 0 0 0 1 
1 0 0 0 F G 
1 F 0 0 1 1 
1 1 1 1 1 1 
PL11 PR42 r22 T5

Map6
1 1 G 1 1 1 
1 0 # F F 1 
1 0 0 0 0 1 
1 0 H 0 0 1 
1 H 0 0 0 S 
1 1 1 1 1 1 
u12 L42 D24 T4

Map6
1 1 1 G 1 1 
1 0 0 0 0 1 
1 H 0 1 1 1 
1 # 0 H 0 1 
1 # 0 0 0 1 
1 S 1 1 1 1 
PD43 PU31 L23 T4

Map6
1 1 G 1 1 1 
1 # 0 0 0 1 
1 0 1 0 0 1 
S F 1 0 0 1 
1 0 0 0 0 1 
1 1 1 1 1 1 
L41 u31 U14 T4

Map6
1 1 1 1 1 1 
1 # H 0 0 1 
1 0 H 0 0 S 
1 # 0 0 0 1 
1 0 F 0 0 1 
1 1 G 1 1 1 
PU32 PL44 p33 T5

Map6
1 1 1 1 1 1 
1 1 # 0 0 1 
1 0 H 1 # S 
G 0 H 0 F 1 
1 0 0 1 0 1 
1 1 1 1 1 1 
U12 PU14 PD41 T3

Map6
1 1 1 1 1 1 
1 # 0 0 0 1 
1 1 0 0 F 1 
1 1 1 0 0 G 
S 0 0 F # 1 
1 1 1 1 1 1 
PU32 PR33 L21 T4

Map6
1 1 1 1 1 1 
1 H 0 H 0 S 
1 0 0 0 0 1 
1 0 0 0 0 G 
1 0 0 0 F 1 
1 1 1 1 1 1 
PR41 PL22 D14 T3

Map6
1 1 1 1 1 1 
1 0 0 0 0 1 
1 0 0 0 0 1 
G F 0 0 1 1 
1 0 0 0 0 S 
1 1 1 1 1 1 
R22 R32 U24 T4

Map6
1 1 1 1 1 1 
1 0 0 0 F 1 
S 0 0 H 0 1 
1 H 0 0 F 1 
G 0 0 1 # 1 
1 1 1 1 1 1 
L31 PL12 PR11 T3

Map6
1 1 1 G 1 1 
1 0 # 0 0 S 
1 # 0 0 H 1 
1 H 0 0 0 1 
1 0 0 F 0 1 
1 1 1 1 1 1 
D11 PD43 PD24 T4

Map6
1 S 1 1 1 1 
1 # 0 H F 1 
1 1 0 # 0 1 
1 H 0 1 0 1 
1 0 0 0 0 1 
1 1 G 1 1 1 
PR22 PL21 p34 T6

Map6
1 1 1 1 S 1 
1 0 0 0 0 1 
1 0 0 # H 1 
1 0 0 0 0 1 
1 0 0 H 0 1 
1 1 1 1 G 1 
PU41 PL21 p12 T5

Map6
1 1 1 1 1 1 
1 0 F 0 0 1 
1 0 0 0 F G 
1 H 0 0 0 1 
1 0 0 0 0 1 
1 1 S 1 1 1 
L23 l33 u24 T6

Map6
1 S 1 1 1 1 
1 # 0 H 0 1 
1 0 0 1 0 G 
1 H 0 0 0 1 
1 0 0 0 F 1 
1 1 1 1 1 1 
PU12 PU43 L41 T2

Map6
1 S 1 1 1 1 
1 F 0 0 0 1 
1 0 0 0 0 1 
1 H 0 F 0 1 
1 0 0 0 0 1 
1 1 G 1 1 1 
L41 PR21 PU12 T2

Map6
1 1 1 1 1 1 
1 0 F 0 0 S 
1 H 0 0 0 1 
G 0 0 0 F 1 
1 0 0 0 0 1 
1 1 1 1 1 1 
R11 PL22 PL14 T5

Map6
1 1 1 1 1 1 
1 H 0 0 0 1 
G 0 # F 0 1 
1 0 0 H 0 1 
1 0 0 0 0 1 
1 1 1 S 1 1 
r23 L44 p14 T5

Map6
1 1 1 1 1 1 
S # 0 H 0 1 
1 1 0 0 0 1 
G F 0 F # 1 
1 0 0 1 H 1 
1 1 1 1 1 1 
PR14 PL21 L22 T3

Map6
1 1 1 1 1 1 
S 0 H 0 0 1 
1 H 0 0 1 1 
G 0 # 0 1 1 
1 0 0 0 0 1 
1 1 1 1 1 1 
U22 PR14 PL11 T4

Map6
1 1 1 1 G 1 
1 0 1 1 0 1 
1 # 0 # 0 1 
1 0 0 F 1 1 
1 F H 0 0 1 
1 1 1 1 S 1 
l13 PL23 PD44 T5

Map6
1 1 1 1 1 1 
1 0 # F 0 1 
1 # 0 0 H 1 
1 0 0 0 0 1 
1 F 0 H 0 G 
1 S 1 1 1 1 
L22 PD13 PU24 T4

Map6
1 G 1 1 1 1 
1 0 H 0 F 1 
1 H # 0 0 1 
1 0 0 F 0 1 
1 # 0 0 1 1 
1 1 1 S 1 1 
R31 PL42 PU11 T2

Map6
1 1 1 1 1 1 
G F 0 0 0 1 
1 0 0 H H 1 
1 0 0 0 0 1 
S 0 F 0 0 1 
1 1 1 1 1 1 
L43 R44 r33 T5

Map6
1 1 1 1 1 1 
1 # 0 0 F 1 
1 0 0 0 # 1 
1 0 0 H 0 1 
S 0 0 0 F 1 
1 1 1 G 1 1 
u21 PD34 PR12 T5

Map6
1 1 1 1 1 1 
1 0 0 0 F 1 
1 0 0 0 0 1 
1 0 # 0 0 1 
1 F 0 0 0 1 
1 1 G 1 S 1 
p33 d44 D42 T4

Map6
1 1 1 1 1 1 
S 0 0 0 H 1 
1 0 0 0 0 1 
1 1 0 # F 1 
G 0 F H 0 1 
1 1 1 1 1 1 
L21 PL14 PU12 T2

Map6
1 1 1 1 1 1 
1 1 H 0 0 S 
1 0 F 0 0 1 
1 0 0 0 H 1 
1 0 0 0 0 1 
1 1 1 1 G 1 
PL32 PU42 R31 T5

Map6
1 1 1 G 1 1 
1 0 0 0 H 1 
1 0 0 1 0 1 
S 0 0 0 H 1 
1 # # 0 0 1 
1 1 1 1 1 1 
P23 PU31 PD11 T2

Map6
1 1 1 1 1 1 
1 1 F F 0 1 
1 0 0 0 0 1 
1 0 0 0 # 1 
1 H # 0 0 S 
1 1 G 1 1 1 
p32 PD34 PL41 T5

Map6
1 1 1 1 1 1 
1 0 H 0 0 1 
S 0 0 0 F 1 
1 F 0 0 0 G 
1 0 H 0 0 1 
1 1 1 1 1 1 
PU23 PU34 R32 T3

Map6
1 1 G 1 1 1 
1 0 0 H 0 1 
1 0 0 0 0 1 
1 0 0 # 0 1 
S 0 0 H 0 1 
1 1 1 1 1 1 
P24 l42 p13 T8

Map6
1 S 1 1 1 1 
1 0 0 0 0 1 
1 0 0 0 0 1 
1 F 0 0 F G 
1 H 0 0 0 1 
1 1 1 1 1 1 
PD31 PD12 l22 T5

Map6
1 1 1 1 1 1 
1 0 # H H 1 
1 0 0 0 0 1 
G 0 1 0 # 1 
1 1 F 0 0 S 
1 1 1 1 1 1 
PU22 PD42 U34 T5

Map6
1 S 1 1 1 1 
1 0 0 0 0 1 
1 0 1 0 0 1 
1 0 0 # F 1 
1 0 F 0 0 1 
1 1 G 1 1 1 
r32 p21 L13 T8

Map6
1 1 G 1 1 1 
1 0 F 0 0 S 
1 0 0 0 0 1 
1 0 0 0 0 1 
1 0 F 0 0 1 
1 1 1 1 1 1 
PU31 PD12 r41 T5

Map6
1 1 1 1 1 1 
1 0 0 1 0 S 
1 0 F 0 0 1 
1 0 0 0 F G 
1 0 1 0 0 1 
1 1 1 1 1 1 
L32 PU42 PL44 T4

Map6
1 1 1 1 1 1 
1 0 0 0 0 1 
1 0 H 0 0 S 
1 0 0 0 0 1 
1 H 0 F 0 1 
1 1 1 G 1 1 
p23 p44 P32 T10

Map6
1 1 1 1 1 1 
1 0 0 0 H 1 
G 0 F 0 0 1 
1 H 0 0 0 1 
1 0 0 0 0 1 
1 1 1 1 S 1 
l33 U43 d44 T6

Map6
1 1 1 G 1 1 
1 0 F 0 F 1 
1 0 0 1 0 1 
S 0 0 0 0 1 
1 0 1 0 0 1 
1 1 1 1 1 1 
R11 PD42 PL31 T3

Map6
1 S 1 1 1 1 
1 0 0 0 0 1 
1 0 1 0 F 1 
1 0 H 0 0 G 
1 F 0 # # 1 
1 1 1 1 1 1 
u32 PD41 PR12 T5

Map6
1 1 1 1 1 1 
1 0 0 0 0 1 
1 0 0 0 F 1 
1 0 0 H 0 G 
1 0 1 0 0 1 
1 1 1 S 1 1 
PL22 PD34 P44 T5

Map6
1 1 1 S 1 1 
1 0 H 0 0 1 
1 # 0 0 # 1 
1 0 0 0 0 G 
1 0 0 F H 1 
1 1 1 1 1 1 
L14 PU31 PL22 T3

Map6
1 1 1 1 1 1 
1 0 F 0 0 1 
1 0 0 0 # 1 
G 0 0 1 1 1 
1 0 1 0 # S 
1 1 1 1 1 1 
L23 PR11 PR34 T4

Map6
1 1 1 1 1 1 
1 0 1 H 0 1 
1 0 0 0 1 1 
1 0 1 0 # 1 
G 0 H 0 # S 
1 1 1 1 1 1 
P34 PD32 PL14 T4

Map6
1 1 1 S 1 1 
1 # 0 0 0 1 
1 1 1 1 0 1 
1 0 H F # 1 
1 0 0 0 H 1 
1 1 G 1 1 1 
PU31 PR14 P34 T2

Map6
1 1 S 1 1 1 
1 0 # 0 H 1 
1 H 1 1 0 1 
1 F # 0 0 1 
1 0 0 0 0 1 
1 1 1 G 1 1 
l24 PR11 PR14 T4

Map6
1 1 1 1 S 1 
1 0 0 0 0 1 
1 H 0 0 0 1 
G 0 0 0 0 1 
1 0 0 0 H 1 
1 1 1 1 1 1 
PD11 PR42 l22 T5

Map6
1 1 1 1 1 1 
1 F 0 1 0 1 
1 0 0 # 0 G 
1 0 0 # 0 1 
S F 0 H H 1 
1 1 1 1 1 1 
PL24 PU23 U21 T2

Map6
1 1 1 1 1 1 
1 0 F 0 0 1 
1 0 0 0 H 1 
1 0 0 # 0 1 
1 0 H 0 0 S 
1 G 1 1 1 1 
D34 PD11 PD43 T2

Map6
1 1 1 1 G 1 
S # 0 F F 1 
1 1 0 1 0 1 
1 0 0 0 0 1 
1 1 0 # 0 1 
1 1 1 1 1 1 
PL21 PL44 d24 T5

Map6
1 1 1 1 1 1 
1 H 1 F 0 1 
1 0 1 # 0 1 
G 0 0 0 0 1 
1 F 0 0 0 1 
1 1 1 S 1 1 
PU24 PR33 r44 T6

Map6
1 1 1 1 1 1 
1 0 0 # 1 1 
1 0 0 0 0 G 
1 0 1 0 1 1 
1 0 H 0 0 1 
1 1 1 1 S 1 
PU13 PR34 p44 T4

Map6
1 1 1 1 1 1 
1 1 H 0 0 1 
S 0 1 0 F G 
1 0 0 0 0 1 
1 0 F 0 # 1 
1 1 1 1 1 1 
d23 l31 d14 T10

Map6
1 1 1 1 1 1 
1 H 0 0 H 1 
G 0 # 0 0 1 
1 # 0 0 0 1 
1 0 F 0 0 1 
1 S 1 1 1 1 
L23 l33 U44 T6

Map6
1 1 1 1 S 1 
G 0 0 1 F 1 
1 0 0 1 0 1 
1 H 0 0 0 1 
1 0 1 F 0 1 
1 1 1 1 1 1 
PU43 PD21 r42 T5

Map6
1 1 1 G 1 1 
1 H # 0 0 1 
1 0 0 0 0 1 
1 0 0 0 0 1 
1 0 H 0 0 S 
1 1 1 1 1 1 
L34 l12 r43 T8

Map6
1 1 1 1 1 1 
1 1 0 0 0 1 
S F F 0 1 1 
1 0 0 1 0 1 
1 0 0 0 # 1 
1 1 1 G 1 1 
l24 PR14 PL32 T3

Map6
1 1 1 1 1 1 
1 0 0 # F 1 
1 H 0 0 F 1 
G 0 0 0 0 1 
1 0 0 0 0 1 
1 1 1 1 S 1 
PU22 PU43 p34 T5

Map6
1 1 1 1 1 1 
1 0 0 1 0 1 
1 0 0 0 0 1 
1 0 1 1 0 G 
S 0 F 0 F 1 
1 1 1 1 1 1 
L34 PR43 PD11 T2

Map6
1 1 1 1 1 1 
1 0 0 0 F G 
1 1 H 0 0 1 
1 0 0 0 0 1 
S 0 H 0 0 1 
1 1 1 1 1 1 
L23 PD42 PL14 T5

Map6
1 1 1 1 1 1 
1 0 0 0 0 1 
1 0 0 0 1 1 
1 H 0 0 0 S 
G 0 0 H 0 1 
1 1 1 1 1 1 
p31 PU23 PL14 T5

Map6
1 1 G 1 1 1 
1 0 0 H 0 1 
1 0 0 0 0 1 
1 0 1 0 F 1 
S F 0 1 H 1 
1 1 1 1 1 1 
R32 PR12 PL24 T2

Map6
1 1 G 1 1 1 
1 0 0 1 0 1 
1 F 1 0 0 1 
1 1 # 0 0 1 
1 0 0 0 0 1 
1 1 1 1 S 1 
PL34 PU21 R42 T4

Map6
1 1 G 1 1 1 
1 H 0 F 0 1 
1 0 0 0 1 1 
1 0 H 1 0 1 
1 0 # 0 0 1 
1 1 1 S 1 1 
D12 PR14 PL32 T3

Map6
1 1 1 1 1 1 
1 0 H 0 0 1 
1 0 0 H 0 1 
G F 0 0 0 1 
1 0 0 0 0 1 
1 S 1 1 1 1 
PR24 PD14 d44 T4

Map6
1 1 1 G 1 1 
1 F 0 0 0 1 
1 0 0 1 1 1 
1 0 0 F 1 1 
1 0 0 0 0 1 
1 1 1 S 1 1 
L44 R41 l14 T5

Map6
1 1 1 1 1 1 
1 F H # 0 1 
1 0 0 0 0 1 
1 0 # 0 0 1 
S 0 0 F 0 1 
1 1 1 G 1 1 
P24 R12 r43 T6

Map6
1 1 1 1 1 1 
1 H 0 0 1 1 
1 1 0 F 0 S 
1 0 1 # 0 1 
1 0 0 0 0 1 
1 1 G 1 1 1 
PL31 PL34 L14 T4

Map6
1 1 G 1 S 1 
1 0 0 0 0 1 
1 0 0 # # 1 
1 0 0 F H 1 
1 0 0 F H 1 
1 1 1 1 1 1 
p11 PD22 PU41 T6

Map6
1 1 G 1 1 1 
1 H 0 0 0 1 
1 0 0 1 0 1 
1 0 0 # 0 1 
S 0 0 H # 1 
1 1 1 1 1 1 
PU24 PR31 R12 T6

Map6
1 1 1 1 1 1 
1 0 H 0 0 S 
G 0 1 0 0 1 
1 0 0 0 0 1 
1 F 1 0 0 1 
1 1 1 1 1 1 
r13 D31 D44 T6

Map6
1 1 1 1 1 1 
1 0 0 0 0 1 
1 0 0 0 H 1 
1 0 H 0 # 1 
S 0 0 F # 1 
1 1 G 1 1 1 
PR11 PD24 P32 T5

Map6
1 1 1 1 1 1 
1 F 0 0 0 1 
1 0 0 0 # 1 
1 0 0 # H 1 
1 F 0 0 0 1 
1 S 1 1 G 1 
u21 PU22 PD12 T6

Map6
1 1 1 1 1 1 
1 H 0 0 0 S 
1 0 0 0 0 1 
1 1 0 1 1 1 
1 0 0 0 0 1 
1 1 1 G 1 1 
p32 PU21 PR44 T7

Map6
1 1 1 S 1 1 
1 0 0 0 H 1 
G 0 0 0 0 1 
1 0 0 H 0 1 
1 F 1 0 0 1 
1 1 1 1 1 1 
l22 P32 u31 T6

Map6
1 1 1 1 1 1 
S 0 # 0 F 1 
1 0 0 # F 1 
1 0 0 0 0 1 
1 0 H 0 0 1 
1 1 1 G 1 1 
R31 d23 u12 T7

Map6
1 1 S 1 1 1 
1 0 0 0 0 1 
1 # 0 0 F 1 
G 0 0 0 1 1 
1 # H 0 H 1 
1 1 1 1 1 1 
p21 PR22 PR34 T5

Map6
1 1 1 1 1 1 
1 0 0 0 0 1 
1 F 1 1 0 1 
G F 0 0 0 1 
1 0 H 0 0 1 
1 S 1 1 1 1 
P42 PD14 PR34 T3

Map6
1 1 S 1 1 1 
1 0 0 1 0 1 
1 0 1 H 0 G 
1 0 # 0 0 1 
1 H 0 0 0 1 
1 1 1 1 1 1 
P41 PU21 PL33 T6

Map6
1 1 1 1 1 1 
1 0 0 # F 1 
1 0 F 0 1 1 
1 0 H 0 0 G 
S # 0 H 0 1 
1 1 1 1 1 1 
R24 PD11 PU44 T3

Map6
1 1 1 1 1 1 
1 F # 0 0 1 
1 F 0 H 0 1 
S 0 1 0 0 G 
1 0 H 0 0 1 
1 1 1 1 1 1 
PU14 PU44 u13 T4

Map6
1 1 1 1 1 1 
1 0 0 0 0 1 
1 H 0 0 F G 
1 0 0 1 0 1 
1 0 0 0 0 1 
1 1 1 1 S 1 
l23 l14 L43 T7

Map6
1 S 1 1 1 1 
1 0 0 1 0 G 
1 0 0 # F 1 
1 0 0 0 H 1 
1 H 0 # 0 1 
1 1 1 1 1 1 
PR41 PD12 D24 T5

Map6
1 1 1 1 1 1 
1 # 0 0 0 1 
1 1 1 H F 1 
1 0 0 H 0 G 
1 0 0 0 0 1 
1 1 S 1 1 1 
p44 PD41 PU14 T8

Map6
1 1 1 1 1 1 
1 1 0 H 0 1 
1 0 # H 0 1 
1 0 0 0 0 1 
S 0 0 F 0 1 
1 1 1 G 1 1 
d14 P24 u23 T6

Map6
1 1 1 G 1 1 
1 F 0 0 0 1 
1 0 0 0 0 1 
1 0 1 H 1 1 
1 0 0 H 0 1 
1 1 S 1 1 1 
PR14 PL41 D21 T3

Map6
1 1 1 1 1 1 
1 0 H F # 1 
1 1 0 0 0 G 
1 0 0 0 0 1 
1 # 0 1 H 1 
1 S 1 1 1 1 
PR22 PU24 u13 T4

Map6
1 1 1 1 1 1 
1 0 0 0 F G 
S F 1 0 0 1 
1 0 0 0 0 1 
1 0 0 0 # 1 
1 1 1 1 1 1 
D11 PU43 PR14 T4

Map6
1 1 1 G 1 1 
S 0 0 0 H 1 
1 0 0 0 0 1 
1 # 0 0 0 1 
1 0 # H 0 1 
1 1 1 1 1 1 
P21 L14 R43 T4

Map6
1 1 1 1 1 1 
1 1 H 0 0 1 
G 0 0 # 0 1 
1 H 0 F # 1 
S 0 0 1 0 1 
1 1 1 1 1 1 
PD41 PD23 p24 T4

Map6
1 1 1 1 1 1 
1 1 1 0 0 1 
1 0 0 # H 1 
1 F 0 F # S 
1 0 0 0 0 1 
1 1 G 1 1 1 
p34 PL44 PR23 T3

Map6
1 1 1 1 1 1 
1 1 1 0 1 1 
1 H 0 # 0 S 
1 0 0 0 # 1 
1 0 0 H 0 1 
1 1 G 1 1 1 
d23 U22 l44 T8

Map6
1 S 1 G 1 1 
1 0 0 F H 1 
1 0 F 0 0 1 
1 H 0 0 0 1 
1 0 0 0 0 1 
1 1 1 1 1 1 
p44 PR12 PL21 T6

Map6
1 1 1 1 S 1 
G 0 H 0 # 1 
1 0 # 1 0 1 
1 0 1 0 0 1 
1 0 H 0 0 1 
1 1 1 1 1 1 
PD11 PU42 u14 T4

Map6
1 1 1 1 1 1 
1 1 1 0 0 1 
1 0 # H 0 1 
G 0 1 F 0 1 
1 0 F # 0 1 
1 1 S 1 1 1 
PD41 PL13 R14 T2

Map6
1 1 1 1 1 1 
1 0 0 1 0 1 
1 0 0 H # 1 
G 0 1 0 0 S 
1 0 # 1 0 1 
1 1 1 1 1 1 
PD11 PU44 r12 T5

Map6
1 1 1 1 1 1 
1 0 0 0 0 1 
1 0 H 0 F G 
1 0 H 0 0 1 
1 0 0 # 0 1 
1 1 1 1 S 1 
PU31 PU43 L24 T4

Map6
1 1 G 1 S 1 
1 0 0 0 0 1 
1 0 0 1 F 1 
1 0 H H 0 1 
1 1 0 F 0 1 
1 1 1 1 1 1 
p11 PL31 PR24 T6

Map6
1 1 1 1 1 1 
1 0 1 F 0 1 
1 H F 0 0 G 
1 1 0 0 0 1 
1 0 0 0 1 1 
1 1 S 1 1 1 
d43 U32 D23 T7

Map6
1 1 1 1 1 1 
1 0 0 0 H 1 
1 0 0 0 0 1 
1 F 0 0 0 1 
1 0 H 0 0 S 
1 G 1 1 1 1 
D12 PU42 PL34 T3

Map6
1 1 1 G 1 1 
1 0 H 0 1 1 
1 0 0 0 0 1 
1 0 # H 0 1 
1 1 0 F 1 1 
1 1 S 1 1 1 
u11 PL22 PL42 T7

Map6
1 1 1 1 1 1 
1 0 F 0 0 1 
1 1 F 0 0 S 
1 0 0 0 0 1 
1 H 0 H 0 1 
1 1 G 1 1 1 
p42 d33 R32 T6

Map6
1 1 1 S 1 1 
1 0 0 F 0 1 
1 0 0 0 0 1 
1 0 0 H # 1 
1 0 # 0 0 1 
1 1 1 G 1 1 
PU22 PU32 U44 T5

Map6
1 1 1 1 G 1 
1 0 F 0 0 1 
1 # 0 0 1 1 
1 H 0 1 0 1 
S 0 # 0 1 1 
1 1 1 1 1 1 
PD22 PU41 p14 T3

Map6
1 1 1 1 1 1 
1 0 F 0 0 1 
1 # 0 1 0 S 
G 0 0 H 0 1 
1 H 0 # 0 1 
1 1 1 1 1 1 
u42 PD22 PU43 T4

Map6
1 1 1 1 S 1 
1 H 0 0 0 1 
G 0 # 0 H 1 
1 0 # F 0 1 
1 0 0 1 0 1 
1 1 1 1 1 1 
PU41 PU24 R21 T2

Map6
1 1 1 G 1 1 
1 0 0 0 F 1 
1 1 0 # 0 1 
1 0 0 0 0 1 
1 0 H H # 1 
1 1 1 1 S 1 
L22 L42 D23 T4

Map6
1 1 1 S 1 1 
1 H 0 0 0 1 
1 0 0 F 0 1 
1 F 0 0 0 1 
1 0 0 H # 1 
1 1 G 1 1 1 
D43 R21 U12 T4

Map6
1 1 1 1 1 1 
1 0 0 F 0 S 
1 0 0 0 0 1 
1 1 H 0 0 1 
G # 0 H 0 1 
1 1 1 1 1 1 
PL24 PD11 L32 T3

Map6
1 S 1 1 1 1 
1 0 # 0 0 1 
1 H 0 0 0 1 
1 0 H 0 0 1 
1 0 0 0 0 1 
1 1 G 1 1 1 
PU11 PU22 r34 T6

Map6
1 S 1 1 1 1 
1 F 0 0 0 1 
1 0 0 0 0 1 
G 0 0 0 F 1 
1 H 0 0 0 1 
1 1 1 1 1 1 
l22 PU12 PD21 T3

Map6
1 1 1 1 1 1 
1 0 0 0 F 1 
1 1 F 0 0 1 
1 0 0 H 0 G 
1 0 0 0 0 1 
1 1 1 S 1 1 
PD34 PU44 P42 T2

Map6
1 1 1 1 1 1 
1 F F H 0 1 
1 0 0 0 H 1 
1 0 0 0 0 1 
1 0 0 1 0 S 
1 1 G 1 1 1 
PU23 PR44 L32 T4

Map6
1 1 S 1 1 1 
1 H 0 0 H 1 
1 0 1 0 F 1 
1 0 0 0 0 1 
1 0 0 0 F 1 
1 1 1 G 1 1 
PU21 PU24 d23 T4

Map6
1 1 1 1 S 1 
1 0 0 0 # 1 
1 1 0 # 0 1 
1 0 1 0 0 1 
G 0 H 0 H 1 
1 1 1 1 1 1 
R42 PD13 PR11 T3

Map6
1 1 1 S 1 1 
1 0 0 0 0 1 
1 0 1 0 F G 
1 0 0 # 0 1 
1 0 0 0 F 1 
1 1 1 1 1 1 
U34 PL41 PD32 T3

Map6
1 1 1 1 1 1 
1 1 0 1 F 1 
1 0 0 F 0 G 
1 1 0 0 0 1 
1 0 0 0 0 1 
1 1 1 1 S 1 
P43 L14 l23 T5

Map6
1 1 1 1 1 1 
G 0 1 H 0 1 
1 # 1 0 0 1 
1 H 0 0 0 1 
1 0 F F # 1 
1 1 1 1 S 1 
PL11 PU33 L41 T3

Map6
1 1 1 1 S 1 
1 1 0 0 0 1 
1 H 0 0 0 1 
1 0 H 1 0 1 
1 0 0 0 F 1 
1 1 G 1 1 1 
PR21 PD24 D42 T2

Map6
1 1 1 S 1 1 
1 0 0 0 H 1 
1 0 0 H # 1 
G 0 1 0 0 1 
1 0 F 0 # 1 
1 1 1 1 1 1 
PR11 PU31 L14 T5

Map6
1 1 1 1 1 1 
1 0 F 0 H 1 
G F 0 0 0 1 
1 0 1 # 0 1 
1 0 0 0 0 1 
1 S 1 1 1 1 
P31 PD13 PR44 T4

Map6
1 1 1 1 1 1 
S 0 0 H # 1 
1 0 0 0 H 1 
1 0 0 0 0 1 
1 0 0 0 F 1 
1 1 1 G 1 1 
r12 u23 U21 T6

Map6
1 1 1 1 1 1 
1 0 F 0 0 1 
1 0 0 1 0 1 
1 H 0 0 0 1 
1 0 F 0 0 S 
1 1 1 G 1 1 
PU12 PR44 U23 T5

Map6
1 1 1 1 1 1 
1 0 0 0 H 1 
G 0 0 0 0 1 
1 0 0 0 0 1 
1 0 H 0 0 S 
1 1 1 1 1 1 
P34 PL12 PD42 T2

Map6
1 1 1 1 1 1 
1 0 H 0 H 1 
1 0 0 0 0 1 
1 F 0 # 0 G 
1 0 0 0 F 1 
1 S 1 1 1 1 
U11 R23 p22 T4

Map6
1 S 1 1 1 1 
1 0 0 0 0 1 
1 0 1 0 0 1 
1 # 0 0 0 1 
1 F # 0 0 1 
1 1 G 1 1 1 
R12 u42 d33 T7

Map6
1 1 1 1 1 1 
1 0 0 1 1 1 
1 0 0 0 0 1 
1 0 0 H 0 S 
1 H 0 0 0 1 
1 1 1 G 1 1 
R24 PR43 PL44 T2

Map6
1 1 1 1 S 1 
1 0 0 0 0 1 
G 0 0 0 0 1 
1 H 0 0 H 1 
1 0 0 # 0 1 
1 1 1 1 1 1 
d24 r31 R42 T8

Map6
1 1 1 1 1 1 
1 0 H H # 1 
1 # 0 0 0 1 
1 0 0 1 0 1 
1 F F 1 0 G 
1 1 S 1 1 1 
PR44 PU13 L32 T2

Map6
1 1 1 1 1 1 
1 1 0 F 0 S 
1 1 0 0 0 1 
1 0 0 1 0 G 
1 # H F 0 1 
1 1 1 1 1 1 
l21 U23 p42 T6

Map6
1 1 1 1 1 1 
1 F 0 0 0 1 
1 H 0 0 0 1 
1 0 0 0 0 1 
1 0 H 0 0 S 
1 1 1 G 1 1 
U21 PU32 PD34 T4

Map6
1 1 1 G 1 1 
1 0 0 F H 1 
1 H 0 0 0 1 
1 0 0 F 0 S 
1 1 0 0 0 1 
1 1 1 1 1 1 
p42 L13 l21 T10

Map6
1 G 1 1 1 1 
1 0 1 0 H 1 
1 1 0 0 0 S 
1 H 1 0 0 1 
1 0 0 0 F 1 
1 1 1 1 1 1 
PD31 PU11 p42 T3

Map6
1 1 1 G 1 1 
1 0 0 0 F 1 
S 0 0 F 0 1 
1 1 0 0 0 1 
1 0 0 0 0 1 
1 1 1 1 1 1 
PD21 PL12 p24 T4

Map6
1 1 1 1 G 1 
1 0 0 H 0 1 
1 0 0 0 0 1 
1 F 0 F 0 1 
1 0 0 0 0 1 
1 1 1 S 1 1 
L44 p23 r34 T6

Map6
1 1 1 1 1 1 
1 # H 0 # 1 
1 0 0 0 0 1 
1 F 0 0 1 1 
1 F 0 1 0 1 
1 1 G 1 S 1 
u12 PD44 PU33 T6

Map6
1 1 1 1 1 1 
1 H 0 0 0 S 
1 0 0 1 0 1 
1 0 0 0 0 1 
1 1 0 1 0 1 
1 1 G 1 1 1 
d33 P31 P44 T5

Map6
1 1 1 1 S 1 
1 # 0 0 0 1 
1 1 0 H # 1 
1 1 0 0 0 1 
1 0 0 0 H 1 
1 1 G 1 1 1 
PR14 PU41 L34 T2

Map6
1 1 1 G 1 1 
1 0 # 0 0 1 
S 0 H H 0 1 
1 F F 0 0 1 
1 0 0 0 0 1 
1 1 1 1 1 1 
PL12 PD33 d41 T6

Map6
1 1 1 1 S 1 
1 0 1 H 0 1 
1 0 0 0 F G 
1 0 0 1 0 1 
1 H 1 0 0 1 
1 1 1 1 1 1 
P11 PU41 PL23 T3

Map6
1 1 1 1 1 1 
1 0 0 0 F 1 
1 0 0 0 0 G 
1 0 0 H # 1 
1 0 F 0 # 1 
1 1 1 S 1 1 
R11 PL23 PD34 T3

Map6
1 1 S 1 1 1 
1 0 F 0 0 1 
1 1 0 0 0 1 
1 0 # F 0 1 
1 0 H # 0 1 
1 1 1 G 1 1 
R11 d31 u41 T4

Map6
1 1 1 G 1 1 
1 0 F 0 0 S 
1 0 0 0 0 1 
1 # 0 1 0 1 
1 H 0 0 1 1 
1 1 1 1 1 1 
D22 R11 P43 T4

Map6
1 1 1 G 1 1 
S 0 0 0 F 1 
1 0 0 0 H 1 
1 1 # 0 0 1 
1 1 0 1 # 1 
1 1 1 1 1 1 
PR12 PU31 p21 T4

Map6
1 1 1 1 1 1 
1 F 1 0 0 1 
1 0 1 0 F 1 
S 0 1 # 0 G 
1 H 0 # 0 1 
1 1 1 1 1 1 
PD31 PD12 u32 T4

Map6
1 1 1 1 S 1 
1 0 0 0 0 1 
1 1 0 # 0 1 
1 0 H 0 0 1 
1 0 1 F 1 1 
1 G 1 1 1 1 
p41 PD13 PL31 T5

Map6
1 1 1 1 1 1 
S 0 0 0 H 1 
1 0 H 0 0 1 
1 0 0 F 0 1 
1 F 0 0 0 G 
1 1 1 1 1 1 
PU12 PR24 L21 T2

Map6
1 1 1 1 1 1 
1 0 # 0 F 1 
1 H 0 0 0 1 
1 0 0 H # G 
1 0 0 0 0 1 
1 1 1 S 1 1 
L44 r23 p14 T7

Map6
1 1 1 1 S 1 
1 0 0 0 0 1 
1 0 F # 0 1 
1 0 H 0 F G 
1 # 0 0 H 1 
1 1 1 1 1 1 
D21 PR42 PL34 T4

Map6
1 1 S 1 1 1 
1 0 F 0 0 1 
1 0 0 0 0 1 
1 # H 0 0 1 
1 0 0 F 0 1 
1 1 G 1 1 1 
r11 L31 p14 T7

Map6
1 1 1 1 G 1 
1 0 0 H 0 1 
1 F 0 # 0 1 
1 0 0 0 H 1 
1 F 0 0 0 S 
1 1 1 1 1 1 
l21 PR44 PL33 T7

Map6
1 1 G 1 S 1 
1 0 0 H F 1 
1 0 # 1 0 1 
1 0 0 0 0 1 
1 0 0 0 H 1 
1 1 1 1 1 1 
U23 PD21 PU42 T1

Map6
1 1 1 1 1 1 
1 0 0 1 0 1 
S 0 1 0 0 1 
1 1 F 0 # 1 
1 0 # 0 F 1 
1 G 1 1 1 1 
PR14 PL21 L34 T4

Map6
1 1 1 S 1 1 
1 0 1 0 0 1 
1 0 F 0 1 1 
1 F 0 0 0 1 
1 1 0 H 0 G 
1 1 1 1 1 1 
PD11 PD43 L33 T4

Map6
1 1 1 1 1 1 
1 H 0 0 0 S 
1 0 0 0 1 1 
1 0 0 0 0 1 
1 0 0 F F 1 
1 1 G 1 1 1 
L43 PD21 PL13 T3

Map6
1 1 G 1 1 1 
1 F 0 0 0 1 
1 0 0 0 0 1 
1 0 0 0 0 1 
1 0 0 0 0 1 
1 S 1 1 1 1 
l32 R12 d43 T6

Map6
1 1 1 G 1 1 
1 0 H 0 0 1 
1 0 0 # F 1 
1 0 0 F 0 S 
1 H 0 # 0 1 
1 1 1 1 1 1 
PU31 PU24 D13 T2

Map6
1 1 1 1 1 1 
1 0 0 0 0 1 
1 0 H 0 0 G 
1 0 0 0 0 1 
1 0 F 0 0 1 
1 1 S 1 1 1 
PD23 PU34 d33 T3

Map6
1 S 1 1 1 1 
1 0 0 F 0 1 
1 0 0 0 H 1 
1 0 0 0 0 G 
1 F 0 0 0 1 
1 1 1 1 1 1 
d24 PD32 PR13 T6

Map6
1 1 G 1 S 1 
1 H 0 0 # 1 
1 0 0 0 0 1 
1 0 0 0 H 1 
1 0 0 # 0 1 
1 1 1 1 1 1 
PU21 PR31 D42 T2

Map6
1 1 G 1 1 1 
1 0 0 0 F 1 
1 F 1 0 0 1 
1 0 0 1 0 S 
1 0 0 1 0 1 
1 1 1 1 1 1 
U11 PL31 PU44 T3

Map6
1 1 1 1 1 1 
1 0 H 0 0 S 
G 0 1 0 # 1 
1 0 # 0 0 1 
1 0 0 0 H 1 
1 1 1 1 1 1 
PU43 PD31 l13 T6

Map6
1 1 1 1 1 1 
S 0 0 H 0 1 
1 0 0 F 0 1 
1 0 0 0 0 1 
1 0 # 0 # 1 
1 1 1 G 1 1 
u23 r12 R21 T6

Map6
1 1 1 1 1 1 
1 0 0 F 0 1 
1 H 0 0 0 1 
1 0 0 0 0 G 
S 0 0 F H 1 
1 1 1 1 1 1 
P24 PD21 PD13 T3

Map6
1 1 1 1 1 1 
1 1 F 0 0 S 
1 0 0 0 0 1 
G 0 0 1 0 1 
1 0 1 0 0 1 
1 1 1 1 1 1 
R31 D43 P12 T5

Map6
1 1 1 1 1 1 
G 0 H 0 0 1 
1 0 0 0 0 1 
1 1 0 0 0 1 
1 0 0 0 F 1 
1 S 1 1 1 1 
PD14 PR23 U41 T5

Map6
1 1 1 1 S 1 
1 F 0 0 # 1 
1 F 1 # 0 1 
1 0 0 0 H 1 
1 0 0 0 0 1 
1 1 G 1 1 1 
R34 PL23 PU42 T4

Map6
1 1 1 1 S 1 
1 F 0 0 0 1 
G 0 0 0 0 1 
1 0 0 0 H 1 
1 1 F 0 0 1 
1 1 1 1 1 1 
U21 u31 P42 T5

Map6
1 1 1 1 1 1 
1 0 0 0 # 1 
1 0 0 0 0 1 
1 H 1 0 H 1 
1 0 0 0 0 1 
1 S 1 1 G 1 
PD14 PU12 l21 T6

Map6
1 1 S 1 1 1 
1 0 0 0 0 1 
1 0 H 0 0 G 
1 F 0 # 0 1 
1 0 0 0 F 1 
1 1 1 1 1 1 
PU21 PL41 l31 T4

Map6
1 1 S 1 1 1 
1 0 0 H 0 1 
1 0 0 1 0 1 
1 0 0 0 F 1 
1 F 0 0 H 1 
1 1 1 G 1 1 
P24 PL33 PD34 T2

Map6
1 1 1 1 1 1 
1 0 F 0 0 1 
1 0 0 0 F G 
1 0 H # # 1 
1 0 1 1 0 S 
1 1 1 1 1 1 
PL31 PR44 D13 T3

Map6
1 1 S 1 1 1 
1 0 0 0 0 1 
1 0 H 0 0 1 
G 0 0 0 0 1 
1 0 # 0 H 1 
1 1 1 1 1 1 
U41 R11 d34 T5

Map6
1 1 1 S 1 1 
1 0 # 0 0 1 
1 0 0 H 0 1 
1 F 0 0 0 1 
1 0 1 0 F G 
1 1 1 1 1 1 
u11 L41 d23 T7

Map6
1 G 1 1 1 1 
1 0 0 H 0 1 
1 H 0 0 0 1 
1 0 1 0 0 1 
1 1 1 0 0 1 
1 1 1 S 1 1 
PD33 PR22 l42 T6

Map6
1 1 1 S 1 1 
1 0 0 0 1 1 
G 0 H H 0 1 
1 0 0 0 0 1 
1 0 # 0 1 1 
1 1 1 1 1 1 
PU31 PR23 P11 T6

Map6
1 S 1 1 1 1 
1 0 # 0 0 1 
1 0 0 1 0 1 
1 # 0 0 1 1 
1 H 0 0 0 1 
1 1 1 G 1 1 
l11 l22 D12 T7

Map6
1 S 1 1 1 1 
1 0 F 0 0 1 
1 0 # # 0 G 
1 F 1 0 0 1 
1 1 0 1 0 1 
1 1 1 1 1 1 
d33 d44 R12 T9

Map6
1 S 1 1 1 1 
1 0 1 0 0 1 
1 0 0 0 H 1 
1 0 0 0 0 G 
1 F 0 0 0 1 
1 1 1 1 1 1 
u22 PD32 PR13 T5

Map6
1 1 1 1 1 1 
1 F 0 0 0 1 
1 0 0 0 F G 
1 0 0 0 0 1 
1 0 H 0 # 1 
1 S 1 1 1 1 
U21 PL33 PD13 T3

Map6
1 1 1 1 1 1 
1 H 0 0 0 1 
S 0 0 0 H 1 
1 F 0 0 0 1 
1 1 0 0 0 1 
1 1 1 G 1 1 
L32 r12 p24 T5

Map6
1 1 1 1 G 1 
1 H 0 0 0 1 
1 0 0 1 H 1 
S 0 0 F 0 1 
1 0 # # F 1 
1 1 1 1 1 1 
L23 PR21 PD12 T3

Map6
1 1 G 1 1 1 
1 0 # H 0 1 
1 0 0 0 0 1 
1 0 0 0 0 1 
1 0 H 0 0 S 
1 1 1 1 1 1 
L34 l43 r32 T6

Map6
1 1 1 1 1 1 
1 0 H 0 0 S 
1 0 0 1 0 1 
1 0 0 0 F 1 
1 0 H 0 0 1 
1 G 1 1 1 1 
U31 PU42 PU34 T4

Map6
1 1 1 1 1 1 
S 0 0 0 F 1 
1 F 0 0 0 1 
1 H 0 0 0 G 
1 # H 1 0 1 
1 1 1 1 1 1 
l22 PR31 PR23 T6

Map6
1 1 1 1 1 1 
1 0 # 0 H 1 
1 0 0 0 0 G 
1 0 0 F 0 1 
1 0 # 1 0 1 
1 1 1 1 S 1 
PL32 PD42 u44 T3

Map6
1 1 1 1 1 1 
1 F # 0 F S 
G 0 0 0 0 1 
1 0 0 0 0 1 
1 0 0 0 0 1 
1 1 1 1 1 1 
PD42 PR31 P24 T4

Map6
1 1 1 1 G 1 
1 0 1 1 F 1 
1 0 1 0 0 1 
1 F # 0 0 1 
S 0 0 H 0 1 
1 1 1 1 1 1 
PR32 PD11 R24 T3

Map6
1 1 1 G 1 1 
1 0 H F 0 1 
1 0 0 0 0 1 
1 0 H 0 0 1 
1 0 0 0 0 1 
1 1 S 1 1 1 
PL11 PL42 L34 T4

Map6
1 1 1 G 1 1 
1 0 0 F 0 S 
1 H 0 # 0 1 
1 0 0 0 0 1 
1 0 F 0 0 1 
1 1 1 1 1 1 
l23 PR41 PD42 T8

Map6
1 1 1 G 1 1 
1 0 H 0 0 1 
1 0 0 0 0 1 
1 F 0 # H 1 
S 0 0 # F 1 
1 1 1 1 1 1 
P11 p22 L24 T5

Map6
1 1 1 1 1 1 
G F # 0 0 1 
1 0 0 0 H 1 
1 0 F 0 0 1 
1 0 H 0 0 1 
1 1 1 1 S 1 
P43 PL31 PR34 T2

Map6
1 1 1 1 1 1 
S 0 0 0 H 1 
1 0 0 0 0 1 
1 H 0 0 0 G 
1 0 F 1 0 1 
1 1 1 1 1 1 
R12 P31 u22 T5

Map6
1 1 S 1 1 1 
1 0 F 0 0 1 
1 0 0 0 0 G 
1 F H 0 0 1 
1 0 0 0 0 1 
1 1 1 1 1 1 
PU22 PL43 U34 T4

Map6
1 1 1 G 1 1 
1 # H 0 0 1 
1 H 0 0 1 1 
1 0 0 F 0 1 
1 0 0 0 F 1 
1 S 1 1 1 1 
P13 PR22 PL24 T3

Map6
1 1 1 1 1 1 
1 0 F 0 0 1 
S 0 H # 0 G 
1 0 0 # 0 1 
1 0 0 1 F 1 
1 1 1 1 1 1 
D11 D14 d43 T5

Map6
1 1 1 1 1 1 
1 H 1 F # 1 
1 0 H 0 0 S 
1 1 0 0 F 1 
1 0 # 0 0 1 
1 1 1 G 1 1 
PD32 PD23 l14 T6

Map6
1 1 1 1 1 1 
1 0 H 1 0 S 
1 # 0 0 1 1 
G 0 0 0 0 1 
1 0 1 0 H 1 
1 1 1 1 1 1 
P34 PR41 PR22 T3

Map6
1 1 1 1 1 1 
1 0 0 # H 1 
G F 0 H 0 1 
1 0 0 # 0 1 
1 0 0 0 0 1 
1 1 1 1 S 1 
U24 r21 P42 T4

Map6
1 1 G 1 1 1 
1 H F 0 0 S 
1 # 0 0 0 1 
1 F H 0 0 1 
1 0 0 0 0 1 
1 1 1 1 1 1 
d32 d44 R31 T8

Map6
1 1 1 1 1 1 
1 0 H 0 0 1 
1 0 0 0 F 1 
1 1 0 0 0 1 
1 0 0 0 F 1 
1 G 1 1 S 1 
PR31 PR23 d43 T5

Map6
1 1 1 1 1 1 
1 H 0 F 0 1 
G 0 0 0 F 1 
1 0 0 0 0 1 
S 0 1 0 0 1 
1 1 1 1 1 1 
PD13 PU23 R21 T3

Map6
1 1 1 1 1 1 
1 H 0 0 F 1 
1 0 0 F 0 G 
1 # 0 H 0 1 
1 0 0 0 # 1 
1 1 1 1 S 1 
PD43 PU23 U21 T2

Map6
1 1 1 1 1 1 
1 F F H 0 1 
G 0 0 0 0 1 
1 0 0 0 0 1 
S 0 1 0 H 1 
1 1 1 1 1 1 
p14 PD13 PU43 T4

Map6
1 S 1 1 1 1 
1 0 0 H F 1 
1 0 1 0 0 1 
1 0 # 0 F 1 
1 H 1 # 0 1 
1 1 1 1 G 1 
L12 PL21 PL42 T5

Map6
1 1 1 1 1 1 
1 1 F H 0 1 
1 F 0 0 0 1 
1 0 0 0 0 1 
1 H 0 0 0 S 
1 1 G 1 1 1 
r33 d44 R34 T6

Map6
1 1 G 1 1 1 
1 0 0 # 1 1 
1 F H 0 0 1 
1 1 1 F 0 1 
1 0 0 0 0 1 
1 1 1 1 S 1 
p11 R43 r44 T8

Map6
1 1 1 1 1 1 
1 1 0 0 0 G 
1 0 H 0 0 1 
1 F 0 0 0 1 
1 0 0 H 0 S 
1 1 1 1 1 1 
D23 PR44 PL43 T3

Map6
1 1 1 1 1 1 
1 0 0 H 0 S 
1 0 0 0 0 1 
G # 1 1 # 1 
1 0 F H 0 1 
1 1 1 1 1 1 
PL21 PR41 d14 T5

Map6
1 1 1 1 1 1 
1 0 # 0 F 1 
1 0 0 F 0 1 
1 # 0 H 0 G 
1 0 H 0 0 1 
1 1 1 S 1 1 
PU23 PD34 u42 T6

Map6
1 1 1 1 1 1 
G 0 F # 1 1 
1 0 0 H 0 1 
1 1 F 0 0 1 
S 0 0 # 0 1 
1 1 1 1 1 1 
PR33 PU12 R42 T4

Map6
1 1 1 S 1 1 
1 0 0 0 # 1 
1 0 0 1 0 G 
1 0 0 0 # 1 
1 0 1 0 1 1 
1 1 1 1 1 1 
PR42 PL22 D13 T4

Map6
1 1 1 1 1 1 
G 0 H 1 0 1 
1 0 0 0 0 1 
1 1 0 0 0 1 
1 F F 1 0 1 
1 1 S 1 1 1 
P41 PU12 PR22 T5

Map6
1 1 1 1 1 1 
1 H 0 0 0 1 
1 0 # 0 0 1 
1 0 0 H 0 1 
S 0 0 0 # 1 
1 1 1 G 1 1 
PL32 PL24 P12 T6

Map6
1 1 1 1 1 1 
1 F 0 # 0 1 
G 0 0 0 0 1 
1 0 1 0 # 1 
S 0 0 H F 1 
1 1 1 1 1 1 
D33 PL14 PR21 T4

Map6
1 S 1 1 1 1 
1 0 0 0 H 1 
1 0 0 0 0 1 
1 # 0 F 0 G 
1 F 0 0 H 1 
1 1 1 1 1 1 
PU11 PL31 p22 T4

Map6
1 1 G 1 1 1 
1 1 F 0 H 1 
1 0 F 0 # S 
1 0 # 0 0 1 
1 0 1 0 0 1 
1 1 1 1 1 1 
D31 d13 d34 T6

Map6
1 1 1 G 1 1 
1 0 0 0 0 1 
1 0 0 0 H 1 
1 # 1 0 1 1 
1 0 0 1 0 S 
1 1 1 1 1 1 
U33 PR44 PD21 T2

Map6
1 1 1 1 1 1 
1 0 0 # F 1 
1 H 1 0 0 1 
S 0 0 1 0 G 
1 # 1 0 0 1 
1 1 1 1 1 1 
PL13 PU44 U42 T2

Map6
1 1 1 1 S 1 
1 0 0 0 0 1 
1 0 H 0 0 1 
1 1 0 F 0 1 
1 0 0 0 F 1 
1 1 G 1 1 1 
D42 d41 r34 T7

Map6
1 1 1 1 1 1 
1 H 0 0 0 1 
1 0 0 F 0 1 
1 0 0 0 0 1 
1 F 0 0 0 S 
1 1 G 1 1 1 
U41 L12 R34 T4

Map6
1 1 1 1 1 1 
S 0 0 H 0 1 
1 0 0 # H 1 
1 0 0 # 1 1 
1 0 F 1 0 1 
1 1 G 1 1 1 
d13 PR14 PU21 T5

Map6
1 1 1 1 1 1 
1 0 0 0 0 1 
1 F 0 0 0 1 
G 0 1 0 0 1 
1 F # 0 0 S 
1 1 1 1 1 1 
P21 PL13 PU34 T4

Map6
1 G 1 1 S 1 
1 # 1 0 0 1 
1 # 0 0 H 1 
1 0 1 0 0 1 
1 F 0 0 0 1 
1 1 1 1 1 1 
PR24 PU41 p33 T6

Map6
1 S 1 1 1 1 
1 0 1 0 0 1 
G F F 0 0 1 
1 0 0 # 0 1 
1 0 0 0 H 1 
1 1 1 1 1 1 
U41 PR13 PU11 T3

Map6
1 1 S 1 1 1 
1 0 # 0 0 1 
1 # 0 1 0 G 
1 0 0 0 0 1 
1 0 H 0 H 1 
1 1 1 1 1 1 
l41 p14 P22 T9

Map6
1 1 S 1 1 1 
1 0 0 0 0 1 
1 0 # H 0 1 
1 1 0 0 0 1 
G 0 F # H 1 
1 1 1 1 1 1 
PR23 PL41 l31 T6

Map6
1 1 S 1 1 1 
1 0 0 0 H 1 
1 1 0 # 0 1 
1 0 H 1 0 1 
1 F 0 1 0 1 
1 1 G 1 1 1 
PD24 PR11 U22 T2

Map6
1 1 1 1 1 1 
1 0 0 H 0 1 
1 0 F # # 1 
G 0 0 0 0 1 
1 0 0 F 0 1 
1 1 1 S 1 1 
D14 PD33 PU23 T4

Map6
1 1 1 1 1 1 
1 0 0 0 F 1 
1 0 0 0 0 G 
1 0 0 H 0 1 
1 H 1 0 F 1 
1 1 1 1 S 1 
PU13 PD43 L11 T2

Map6
1 1 1 G 1 1 
1 0 H 0 0 1 
1 # 0 0 0 1 
1 0 0 0 # 1 
S 0 0 H 0 1 
1 1 1 1 1 1 
D42 PD11 PD24 T4

Map6
1 1 1 1 1 1 
1 H H 0 1 1 
G 0 0 1 F 1 
1 0 0 0 1 1 
1 0 0 0 0 1 
1 1 1 S 1 1 
PD22 PR13 U24 T3

Map6
1 1 S 1 1 1 
1 0 0 0 0 1 
1 1 F 0 0 1 
1 0 0 0 F 1 
G 0 H 0 H 1 
1 1 1 1 1 1 
PL34 PR41 R11 T5

Map6
1 1 1 1 1 1 
1 0 0 H 0 S 
1 F H 0 0 1 
1 0 0 0 F 1 
1 # # 0 0 1 
1 1 1 G 1 1 
d44 PR41 PR32 T5

Map6
1 S 1 1 1 1 
1 0 H 0 0 1 
1 0 F 0 # 1 
1 # H 1 0 1 
1 F 0 0 0 1 
1 1 1 G 1 1 
PU11 PU32 L24 T5

Map6
1 1 1 1 1 1 
1 0 0 0 F 1 
G 0 0 0 0 1 
1 0 H 0 0 S 
1 1 0 0 0 1 
1 1 1 1 1 1 
R31 PD42 PU33 T3

Map6
1 1 1 G 1 1 
1 1 0 0 H 1 
1 H 1 0 0 1 
S 0 0 0 F 1 
1 0 0 F 1 1 
1 1 1 1 1 1 
PR14 PL42 P33 T4

Map6
1 1 1 1 1 1 
1 0 0 # 0 S 
1 1 0 0 0 1 
1 0 0 H 1 1 
G 0 H # 0 1 
1 1 1 1 1 1 
u11 PL32 PL23 T7

Map6
1 S 1 1 1 1 
1 0 0 H 0 1 
1 0 0 0 F 1 
1 0 H F 0 G 
1 0 0 0 # 1 
1 1 1 1 1 1 
u24 PR43 PD32 T4

Map6
1 1 1 G 1 1 
1 0 0 F 0 1 
1 1 0 0 # 1 
1 0 0 0 0 1 
1 0 H 0 0 S 
1 1 1 1 1 1 
d43 PD41 PR44 T4

Map6
1 1 1 1 1 1 
1 H 0 0 0 1 
1 0 0 # 0 G 
1 # 0 0 0 1 
1 0 H 0 0 1 
1 S 1 1 1 1 
u14 l43 D12 T5

Map6
1 1 1 1 1 1 
1 1 0 0 0 1 
1 0 0 0 F G 
1 1 0 # 0 1 
S 0 H 0 # 1 
1 1 1 1 1 1 
r23 PL43 PL14 T4

Map6
1 1 1 1 G 1 
1 F 0 H 0 1 
1 0 1 F H 1 
1 1 0 0 1 1 
1 0 0 0 0 1 
1 1 1 S 1 1 
U33 PL44 PU41 T2

Map6
1 1 1 S 1 1 
G 0 1 0 0 1 
1 F # 0 H 1 
1 F 0 0 0 1 
1 0 H 0 1 1 
1 1 1 1 1 1 
PR23 PU14 D34 T3

Map6
1 1 1 1 1 1 
1 0 0 # 1 1 
S 0 0 H 0 1 
1 0 1 0 0 1 
1 0 0 H 0 G 
1 1 1 1 1 1 
PD42 PU22 l11 T6

Map6
1 1 S 1 1 1 
1 0 0 0 0 1 
G 0 0 F 0 1 
1 0 # 0 H 1 
1 # F 0 H 1 
1 1 1 1 1 1 
d11 U22 U13 T4

Map6
1 1 G 1 1 1 
1 H F 0 0 1 
S 0 0 # H 1 
1 0 0 0 0 1 
1 F 0 0 # 1 
1 1 1 1 1 1 
r33 D31 D34 T4

Map6
1 1 1 1 1 1 
1 0 # 0 H 1 
1 0 0 1 0 S 
1 0 0 1 H 1 
1 0 F 0 0 1 
1 1 1 G 1 1 
PL31 PR42 P44 T4

Map6
1 1 1 1 1 1 
1 H 0 0 0 1 
1 0 0 H 0 1 
1 0 1 0 0 1 
1 0 0 0 F 1 
1 S 1 1 G 1 
PL24 PR21 L13 T3

Map6
1 1 1 1 S 1 
1 0 H 0 0 1 
1 0 0 0 0 1 
1 0 # 0 H 1 
1 0 F F 0 1 
1 1 G 1 1 1 
PU41 PU33 l12 T6

Map6
1 1 G 1 1 1 
1 H 0 0 F 1 
1 0 0 0 0 1 
1 0 0 # 0 1 
1 F 0 0 0 S 
1 1 1 1 1 1 
d13 P24 p34 T7

Map6
1 1 1 1 1 1 
1 0 0 0 0 1 
G 0 1 0 H 1 
1 0 0 # # 1 
S F F 0 H 1 
1 1 1 1 1 1 
PL34 PD11 P13 T2

Map6
1 S 1 1 G 1 
1 0 1 0 0 1 
1 F 0 0 H 1 
1 1 # # 0 1 
1 0 0 1 F 1 
1 1 1 1 1 1 
p43 PU11 PD22 T8

Map6
1 1 1 1 1 1 
1 0 0 0 1 1 
S # 0 H 0 1 
1 1 1 0 0 1 
1 0 0 0 0 1 
1 G 1 1 1 1 
PD11 PD14 P22 T2

Map6
1 1 1 1 1 1 
1 0 0 0 F 1 
1 0 H 0 0 1 
1 1 0 0 0 G 
1 0 0 0 H 1 
1 S 1 1 1 1 
PU34 PL24 p14 T4

Map6
1 1 1 1 1 1 
S 0 0 0 1 1 
1 0 1 0 0 1 
1 0 F 0 0 G 
1 H 0 H 0 1 
1 1 1 1 1 1 
u31 l42 U33 T6

Map6
1 S 1 1 1 1 
1 0 0 0 0 1 
1 0 0 0 1 1 
1 H 0 F 0 G 
1 0 0 H 0 1 
1 1 1 1 1 1 
u11 u22 U12 T6

Map6
1 1 1 1 1 1 
S # 0 H 1 1 
1 0 0 0 0 1 
G 0 0 0 0 1 
1 F # F 0 1 
1 1 1 1 1 1 
D21 PL13 PU12 T2

Map6
1 1 1 1 1 1 
S 0 # 0 F 1 
1 0 H 0 0 1 
1 0 0 0 0 1 
1 0 0 0 H 1 
1 1 1 G 1 1 
P31 P43 R14 T5

Map6
1 1 1 G 1 1 
1 0 0 0 # 1 
1 0 0 0 0 1 
1 0 0 H 0 1 
1 0 0 0 0 1 
1 1 1 S 1 1 
PL11 PR42 L44 T4

Map6
1 1 1 1 1 1 
1 0 0 # 0 1 
1 0 0 0 0 1 
1 F 0 0 0 G 
S 0 0 0 F 1 
1 1 1 1 1 1 
U34 r23 u21 T5

Map6
1 1 1 1 1 1 
1 F 1 0 # S 
1 0 0 1 0 1 
1 0 0 1 F 1 
1 H # 0 0 1 
1 1 1 G 1 1 
PR31 PR12 R44 T4

Map6
1 1 G 1 S 1 
1 H 0 0 0 1 
1 F 0 H 0 1 
1 0 0 1 # 1 
1 0 1 # 0 1 
1 1 1 1 1 1 
u23 PD21 PU42 T3

Map6
1 1 1 1 G 1 
1 0 0 H 0 1 
1 H 0 # 0 1 
1 # 0 0 F 1 
1 0 0 0 1 1 
1 1 1 S 1 1 
u34 U21 P33 T6

Map6
1 1 1 1 1 1 
1 0 0 0 H 1 
1 1 F 0 0 1 
1 0 0 1 0 G 
1 0 0 0 0 1 
1 1 S 1 1 1 
l44 D21 D42 T4

Map6
1 1 1 1 1 1 
1 0 0 F H 1 
1 0 H 0 F 1 
G 0 0 0 0 1 
1 0 0 0 0 1 
1 1 1 1 S 1 
u14 D12 D43 T4

Map6
1 S 1 1 1 1 
1 0 0 0 0 1 
1 0 0 0 H 1 
G 0 0 0 0 1 
1 F 0 0 0 1 
1 1 1 1 1 1 
PR12 PR24 d11 T5

Map6
1 1 1 1 1 1 
1 0 # 0 H 1 
1 0 0 F 0 1 
1 F 1 0 1 1 
G 0 0 1 0 1 
1 1 1 1 S 1 
U33 PD44 PR22 T4

Map6
1 1 1 S 1 1 
1 0 0 F 0 1 
1 H 0 0 0 G 
1 0 0 # 0 1 
1 0 F # H 1 
1 1 1 1 1 1 
L21 L43 p13 T4

Map6
1 1 1 1 1 1 
1 0 0 0 H 1 
1 0 0 0 0 1 
1 0 0 0 H 1 
1 F # 0 0 S 
1 1 1 G 1 1 
PR44 PU13 P42 T4

Map6
1 1 G 1 1 1 
1 0 0 0 1 1 
1 0 H 0 0 S 
1 0 F 0 0 1 
1 H 0 0 # 1 
1 1 1 1 1 1 
P31 u42 L32 T7

Map6
1 1 1 1 1 1 
1 0 0 0 0 1 
1 0 F 0 0 1 
G 0 H 0 0 1 
1 0 H 0 F S 
1 1 1 1 1 1 
PU14 PR34 L12 T2

Map6
1 1 1 1 1 1 
1 F 0 # 0 1 
G 0 0 0 H 1 
1 0 0 0 F 1 
1 # 0 H 0 1 
1 1 1 1 S 1 
PR21 PD44 L33 T4

Map6
1 1 1 1 S 1 
1 0 0 0 0 1 
1 H F 0 0 1 
G F 0 0 H 1 
1 0 0 0 0 1 
1 1 1 1 1 1 
D42 d41 r32 T6

Map6
1 1 1 1 1 1 
1 0 0 0 1 1 
1 F 1 0 0 G 
1 0 1 0 0 1 
1 F # # 0 S 
1 1 1 1 1 1 
PR44 PL43 u31 T5

Map6
1 1 1 1 1 1 
S 0 0 # 1 1 
1 0 # 1 0 1 
1 0 1 0 H 1 
1 0 H 0 0 1 
1 1 1 1 G 1 
l11 PR12 PD44 T4

Map6
1 1 1 1 1 1 
1 0 0 0 0 1 
1 0 # 0 F G 
1 H 0 0 0 1 
1 0 0 F 0 1 
1 1 1 1 S 1 
r23 D43 P14 T5

Map6
1 1 1 1 1 1 
1 0 0 0 0 1 
1 0 0 F H 1 
1 0 1 0 F G 
1 0 0 0 0 1 
1 1 1 1 S 1 
U41 PL34 PD44 T5

Map6
1 1 1 1 1 1 
1 F 0 0 0 1 
1 H F 0 0 G 
S 0 0 H 0 1 
1 1 0 0 0 1 
1 1 1 1 1 1 
PL13 PL34 p41 T6

Map6
1 1 1 1 1 1 
1 0 0 1 0 1 
1 F 0 H 0 1 
G F 0 0 H 1 
1 0 0 0 0 1 
1 1 1 S 1 1 
D33 P14 R22 T4

Map6
1 1 1 1 1 1 
1 H 0 F 0 S 
1 1 0 0 0 1 
1 F 0 0 0 G 
1 0 0 H 0 1 
1 1 1 1 1 1 
PR21 PL32 P24 T3

Map6
1 S 1 1 1 1 
1 0 F 0 0 1 
1 0 0 0 F 1 
1 0 0 0 H 1 
1 0 0 H 0 1 
1 1 1 1 G 1 
P33 PR14 PD44 T4

Map6
1 1 1 G 1 1 
1 0 # 0 F 1 
1 0 0 1 0 1 
1 1 F 0 0 S 
1 0 0 0 1 1 
1 1 1 1 1 1 
PU31 PD42 P33 T2

Map6
1 1 1 1 1 1 
1 # 0 0 0 1 
G F 0 H 0 S 
1 0 0 0 0 1 
1 1 0 0 1 1 
1 1 1 1 1 1 
D41 D13 d23 T5

Map6
1 1 1 1 1 1 
S 0 H 0 0 1 
1 0 0 0 H 1 
1 1 0 0 0 1 
G 0 0 1 0 1 
1 1 1 1 1 1 
PL11 PU33 L12 T5

Map6
1 G 1 1 S 1 
1 0 1 0 0 1 
1 1 0 0 0 1 
1 0 0 H 0 1 
1 0 0 1 # 1 
1 1 1 1 1 1 
PL24 PU11 r41 T7

Map6
1 1 G 1 1 1 
1 0 0 0 0 1 
1 0 0 0 0 1 
1 0 0 0 1 1 
S F 0 F 1 1 
1 1 1 1 1 1 
L12 PL24 PD41 T3

Map6
1 1 1 1 1 1 
S F 0 0 0 1 
1 0 F 0 0 1 
G 0 H 0 H 1 
1 # 0 0 # 1 
1 1 1 1 1 1 
u31 U41 u12 T7

Map6
1 1 1 1 1 1 
1 0 # H 0 1 
1 1 H 0 F S 
1 0 0 0 0 1 
1 0 0 # 0 1 
1 1 1 G 1 1 
PU14 PR32 L24 T5

Map6
1 1 S 1 1 1 
1 0 0 0 0 1 
1 H 0 0 0 1 
1 0 1 F 0 1 
1 # 0 0 1 1 
1 1 G 1 1 1 
PL32 PL34 l22 T4

Map6
1 1 S 1 1 1 
1 0 0 F 0 1 
1 0 F 0 0 1 
1 0 1 0 0 1 
1 1 0 1 0 1 
1 1 G 1 1 1 
R12 PD24 PR11 T3

Map6
1 1 S 1 1 1 
1 0 0 0 0 1 
1 1 0 H 1 1 
1 0 F 0 0 1 
1 1 H 0 F 1 
1 1 1 1 G 1 
PL31 PD43 D22 T2

Map6
1 1 G 1 1 1 
1 0 0 H 0 1 
1 H 0 0 0 1 
1 1 0 F 0 1 
1 # 0 # 0 1 
1 1 1 S 1 1 
D32 PL44 PU21 T2

Map6
1 1 1 1 1 1 
1 0 H 0 0 S 
1 0 0 F 0 1 
1 0 0 1 0 1 
1 0 0 0 F 1 
1 1 G 1 1 1 
U31 l12 P43 T7

Map6
1 1 1 G 1 1 
1 H 0 0 F 1 
1 0 0 0 0 1 
1 0 0 H # 1 
1 0 # 1 F 1 
1 S 1 1 1 1 
l23 P13 r42 T8

Map6
1 S 1 1 1 1 
1 0 0 0 F 1 
1 0 0 F H 1 
1 # 0 0 1 1 
1 H # 0 0 1 
1 1 1 G 1 1 
r22 PL31 PU11 T5

Map6
1 1 1 1 S 1 
1 0 0 0 0 1 
1 0 0 0 0 1 
1 F 0 1 F 1 
1 1 H 0 1 1 
1 1 1 G 1 1 
U42 PR11 PD34 T2

Map6
1 1 1 1 1 1 
1 0 # 0 0 1 
G F 0 0 0 1 
1 0 0 # H 1 
S F 0 H 0 1 
1 1 1 1 1 1 
L22 PD11 PL24 T1

Map6
1 1 1 S 1 1 
1 0 0 0 0 1 
1 0 0 H H 1 
1 1 # 0 0 1 
1 0 0 0 0 1 
1 1 1 G 1 1 
r31 L41 p24 T6

Map6
1 1 S 1 1 1 
1 0 0 1 0 1 
1 0 # 0 0 1 
1 1 0 0 F 1 
1 0 H F 0 1 
1 G 1 1 1 1 
PD41 PD14 R12 T2

Map6
1 1 G 1 1 1 
1 0 0 0 0 1 
S 0 H 0 0 1 
1 # 0 H 0 1 
1 0 0 0 0 1 
1 1 1 1 1 1 
PD23 PL12 U11 T5

Map6
1 1 1 1 1 1 
1 0 0 0 0 1 
1 H 0 0 0 G 
1 0 0 1 H 1 
1 0 0 0 0 1 
1 S 1 1 1 1 
l23 R13 l14 T7

Map6
1 1 1 1 1 1 
1 # 0 1 0 S 
1 0 1 0 # 1 
1 0 0 0 0 1 
1 F 0 0 F 1 
1 1 G 1 1 1 
l32 R43 p13 T9

Map6
1 1 1 1 S 1 
1 0 # 0 0 1 
1 0 0 0 0 1 
1 0 # 0 0 G 
1 H 0 0 F 1 
1 1 1 1 1 1 
PL42 PD24 d31 T5

Map6
1 1 1 1 S 1 
1 0 0 1 0 1 
1 0 0 F H 1 
G 0 0 0 0 1 
1 0 0 F 0 1 
1 1 1 1 1 1 
l22 PU41 PR11 T4

Map6
1 1 1 1 1 1 
S 0 0 0 H 1 
1 # 0 0 0 1 
1 0 0 0 H 1 
1 0 0 F 0 1 
1 1 1 G 1 1 
P21 p11 d22 T6

Map6
1 1 1 1 1 1 
1 0 1 0 1 1 
1 0 1 F 0 S 
1 # 0 F 0 1 
1 0 # 0 0 1 
1 1 1 G 1 1 
u44 PR42 PR14 T4

Map6
1 1 1 1 1 1 
1 0 0 0 0 S 
1 0 H 0 0 1 
1 0 0 1 0 1 
G F 0 0 1 1 
1 1 1 1 1 1 
PL42 PD23 r41 T5

Map6
1 1 S 1 1 1 
1 F 0 # 0 1 
1 0 0 0 0 1 
G 0 H 0 0 1 
1 # H 0 0 1 
1 1 1 1 1 1 
P22 PL13 PD41 T5

Map6
1 1 1 1 1 1 
1 H 0 # 0 1 
1 0 F 0 0 1 
G 0 H 0 0 S 
1 0 0 0 1 1 
1 1 1 1 1 1 
U33 PL13 PD41 T2

Map6
1 1 1 1 1 1 
1 0 0 0 0 1 
1 1 0 0 0 1 
S 0 H 0 0 1 
1 0 0 0 0 1 
1 1 1 G 1 1 
R41 PU22 PL13 T3

Map6
1 1 1 1 1 1 
1 0 1 # # 1 
G 0 0 H 0 1 
1 0 0 0 H 1 
1 1 F 0 0 1 
1 1 1 S 1 1 
PL12 PL44 U33 T2

Map6
1 1 1 1 1 1 
1 H 0 F H 1 
1 0 0 0 0 G 
1 0 0 0 0 1 
1 0 0 0 F 1 
1 1 1 S 1 1 
L43 PU21 PL13 T3

Map6
1 1 S 1 1 1 
1 0 0 0 F 1 
1 0 0 F 1 1 
1 0 H 0 0 G 
1 H 0 1 1 1 
1 1 1 1 1 1 
R11 PU22 PL31 T3

Map6
1 1 1 1 1 1 
1 0 0 0 0 1 
G F 0 0 0 1 
1 0 1 0 0 1 
S F 0 1 0 1 
1 1 1 1 1 1 
R31 PL24 PU33 T2

Map6
1 1 1 1 S 1 
1 1 # 0 0 1 
1 0 1 0 0 1 
1 H 0 # 0 1 
1 0 0 H F 1 
1 G 1 1 1 1 
PL24 PD31 R43 T4

Map6
1 1 G 1 1 1 
1 0 0 # 0 1 
1 0 1 0 0 1 
1 0 0 1 F 1 
1 H 0 0 1 1 
1 1 1 S 1 1 
PL41 PR24 D11 T3

Map6
1 1 1 1 1 1 
1 0 F 0 0 1 
1 0 0 0 0 1 
1 0 # F H 1 
1 0 # H 0 1 
1 1 S 1 G 1 
PR13 PD44 L22 T2

Map6
1 1 1 G 1 1 
1 F # 0 0 1 
1 0 0 0 0 1 
S 0 0 0 F 1 
1 # 0 0 0 1 
1 1 1 1 1 1 
r41 R33 u22 T6

Map6
1 1 G 1 1 1 
1 0 F 0 0 S 
1 0 # 0 0 1 
1 0 H 0 0 1 
1 F 0 H 1 1 
1 1 1 1 1 1 
PL31 PD12 r41 T5

Map6
1 1 G 1 1 1 
1 H F 0 0 S 
1 0 0 0 0 1 
1 0 0 0 0 1 
1 # H F 0 1 
1 1 1 1 1 1 
L12 P31 l41 T5

Map6
1 1 1 1 1 1 
1 F 0 0 0 1 
1 0 0 0 F G 
1 0 0 0 H 1 
1 0 0 # 0 1 
1 1 1 1 S 1 
u21 PD44 PL33 T6

Map6
1 1 1 1 1 1 
1 1 0 H 0 1 
1 0 # 0 0 1 
1 1 0 # 0 1 
G 0 1 0 0 1 
1 1 1 S 1 1 
PR32 PL14 l43 T5

Map6
1 S 1 1 1 1 
1 F F # 0 1 
1 0 1 0 0 1 
1 0 1 0 0 1 
1 1 # 0 0 1 
1 1 1 G 1 1 
r12 PU13 PU43 T4

Map6
1 G 1 S 1 1 
1 F 0 0 0 1 
1 0 0 1 0 1 
1 H 0 0 H 1 
1 0 0 0 0 1 
1 1 1 1 1 1 
PD33 PR21 p34 T7

Map6
1 1 G 1 1 1 
1 H 0 0 0 1 
1 F 0 F 0 1 
1 0 0 H 0 S 
1 0 0 0 0 1 
1 1 1 1 1 1 
P34 PD13 PR43 T3

Map6
1 S 1 1 G 1 
1 F # 0 0 1 
1 0 0 0 0 1 
1 H 0 0 1 1 
1 0 0 0 H 1 
1 1 1 1 1 1 
PU12 PD32 u34 T6

Map6
1 1 1 1 1 1 
1 0 0 0 H 1 
1 0 1 0 0 1 
1 0 0 0 0 1 
S 0 H 0 0 1 
1 1 1 G 1 1 
PL14 PU32 R43 T5

Map6
1 1 1 1 S 1 
1 # 0 0 0 1 
1 0 # F 0 G 
1 1 0 0 H 1 
1 0 0 0 0 1 
1 1 1 1 1 1 
p31 PL34 PR42 T5

Map6
1 1 1 1 1 1 
S # 1 0 0 1 
1 0 0 H 0 1 
1 1 0 0 0 G 
1 0 0 0 0 1 
1 1 1 1 1 1 
D24 PD22 PU12 T3

Map6
1 1 1 1 1 1 
1 H 0 0 0 1 
1 0 0 F 0 S 
1 # 0 0 0 1 
1 0 0 0 H 1 
1 1 G 1 1 1 
p12 p23 u14 T8

Map6
1 1 1 1 1 1 
1 0 0 0 1 1 
1 0 H 1 F 1 
1 0 0 0 0 1 
1 F 0 0 0 S 
1 1 G 1 1 1 
u33 PD43 PU34 T5

Map6
1 1 1 1 1 1 
1 # H 1 0 G 
1 0 0 1 1 1 
1 0 0 0 0 1 
1 0 0 0 0 1 
1 1 S 1 1 1 
l13 PL22 PR41 T5

Map6
1 1 1 1 S 1 
1 1 0 0 0 1 
1 0 # 0 H 1 
1 0 0 0 0 1 
1 0 0 1 0 1 
1 1 1 1 G 1 
PU41 PL31 D24 T4

Map6
1 1 1 S 1 1 
1 0 # 0 0 1 
1 0 0 F 0 1 
1 1 1 0 # 1 
1 0 H 0 H 1 
1 G 1 1 1 1 
PD14 PR11 U33 T2

Map6
1 1 1 1 G 1 
1 0 0 1 0 1 
1 0 F 0 0 1 
1 1 0 0 0 1 
1 0 # 1 0 1 
1 1 S 1 1 1 
PR11 PL43 p23 T5

Map6
1 1 1 1 1 1 
1 0 F # 0 1 
1 H 0 0 0 1 
1 0 0 0 0 1 
1 0 1 F 0 S 
1 1 1 G 1 1 
PR44 PU43 U22 T4

Map6
1 1 1 1 1 1 
1 0 H 1 1 1 
1 0 1 F 0 S 
G F 0 0 # 1 
1 0 0 H 0 1 
1 1 1 1 1 1 
PD11 PR42 L23 T1

Map6
1 1 1 1 1 1 
1 F 0 0 0 1 
1 0 H # # 1 
G 0 0 0 H 1 
1 0 0 0 0 1 
1 1 1 1 S 1 
L33 PR14 PD44 T3

Map6
1 1 S 1 1 1 
1 0 0 0 0 G 
1 0 H 0 1 1 
1 0 0 F 1 1 
1 F 0 0 0 1 
1 1 1 1 1 1 
PU21 PD23 D44 T4

Map6
1 1 1 G 1 1 
S 0 0 0 H 1 
1 0 0 0 F 1 
1 0 0 0 0 1 
1 0 0 F 0 1 
1 1 1 1 1 1 
P21 PD43 PR14 T4

Map6
1 1 1 G 1 1 
1 0 0 0 F 1 
1 0 F 0 0 1 
1 0 0 0 # 1 
S 0 0 H 0 1 
1 1 1 1 1 1 
PR12 PR24 d23 T5

Map6
1 1 1 1 1 1 
1 F 0 0 0 1 
1 1 F 0 0 S 
1 0 0 0 1 1 
1 0 # 0 0 1 
1 G 1 1 1 1 
PL23 PU32 L21 T5

Map6
1 S 1 1 1 1 
1 F 0 0 0 1 
1 0 # 0 0 1 
1 0 0 H H 1 
1 F 0 0 0 1 
1 1 1 G 1 1 
PU12 PL32 R44 T4

Map6
1 1 1 S 1 1 
1 H 0 0 0 1 
1 0 # 0 # 1 
1 0 0 H 0 1 
G 0 1 0 1 1 
1 1 1 1 1 1 
PR32 PD12 l41 T6

Map6
1 1 1 G 1 1 
1 0 0 0 F 1 
1 0 0 # 0 1 
1 0 0 0 0 1 
1 0 F 1 0 1 
1 1 1 1 S 1 
l22 r13 L42 T6

Map6
1 1 G 1 1 1 
1 0 0 H 0 1 
1 0 0 0 0 1 
1 0 1 0 0 1 
1 H 0 0 # S 
1 1 1 1 1 1 
P41 R24 p32 T5

Map6
1 1 1 1 S 1 
1 0 0 0 0 1 
1 H 0 0 0 1 
1 0 0 0 0 G 
1 F F 0 H 1 
1 1 1 1 1 1 
PD21 PR42 r32 T5

Map6
1 1 1 1 1 1 
1 # 1 0 1 1 
1 F 0 0 0 1 
1 0 # F 0 G 
1 0 0 0 H 1 
1 S 1 1 1 1 
D34 d24 L13 T5

Map6
1 1 1 1 1 1 
1 0 0 H 0 1 
1 0 0 1 0 1 
1 1 0 F 0 1 
1 0 # 0 0 S 
1 1 1 G 1 1 
R42 PU12 PD34 T6

Map6
1 1 G 1 1 1 
1 F 0 0 0 1 
1 0 0 0 0 1 
1 0 0 0 H 1 
S 0 0 H 1 1 
1 1 1 1 1 1 
PL32 PD12 D24 T3

Map6
1 G 1 1 1 1 
1 0 0 1 0 1 
1 1 H 0 0 S 
1 0 0 0 0 1 
1 0 0 0 # 1 
1 1 1 1 1 1 
PU11 PD41 D32 T2

Map6
1 1 1 1 1 1 
S 0 0 0 0 1 
1 1 0 H 0 1 
1 1 0 0 0 1 
1 0 0 0 F 1 
1 1 1 G 1 1 
L24 U31 p23 T5

Map6
1 1 G 1 1 1 
1 1 0 0 0 1 
1 0 # 0 # 1 
1 0 1 1 H 1 
1 0 H 0 0 1 
1 1 1 S 1 1 
D12 PD31 PD34 T3

Map6
1 1 1 1 1 1 
1 0 # 0 0 1 
1 H 0 0 F S 
G 0 0 0 0 1 
1 0 0 F H 1 
1 1 1 1 1 1 
U22 PU24 PD31 T3

Map6
1 G 1 1 1 1 
1 0 H 0 0 1 
1 0 0 0 0 1 
1 0 0 0 0 1 
S 0 H 0 # 1 
1 1 1 1 1 1 
PR13 PL14 d43 T5

Map6
1 1 1 1 1 1 
S 0 0 H F 1 
1 # 0 # 0 1 
1 0 F 1 0 G 
1 0 H 0 0 1 
1 1 1 1 1 1 
PU13 PD44 U21 T5

Map6
1 1 1 S 1 1 
1 # F 0 # 1 
1 0 1 0 0 1 
1 F 1 0 0 1 
1 0 0 H 0 1 
1 1 G 1 1 1 
d44 PR33 PD24 T6

Map6
1 S 1 1 1 1 
1 0 1 0 0 1 
1 0 0 0 0 1 
1 0 # 0 0 1 
1 F # 0 0 1 
1 1 G 1 1 1 
R32 u11 U13 T3

Map6
1 1 1 1 1 1 
1 H 1 # 1 1 
1 H 0 0 0 1 
1 0 F 0 0 1 
S 0 1 F 0 1 
1 1 1 G 1 1 
PD13 PR22 l14 T4

Map6
1 1 1 1 1 1 
1 0 0 0 H 1 
1 0 H 0 0 G 
1 1 0 0 0 1 
1 0 0 0 0 1 
1 1 S 1 1 1 
u24 d33 L23 T6

Map6
1 1 1 1 1 1 
1 H 0 0 0 1 
1 0 0 0 H 1 
G # 0 0 0 1 
1 0 # 0 0 1 
1 1 1 1 S 1 
p34 U43 u21 T8

Map6
1 1 1 1 1 1 
1 0 0 0 F 1 
1 F 0 0 0 S 
1 H 1 0 1 1 
1 H 0 1 0 G 
1 1 1 1 1 1 
PU22 PR44 u31 T5

Map6
1 1 1 1 1 1 
S 0 H 0 F 1 
1 0 0 0 0 1 
1 0 0 0 0 1 
1 0 0 0 0 1 
1 1 1 G 1 1 
PU13 PL11 D31 T2

Map6
1 1 1 1 1 1 
S 0 1 0 1 1 
1 0 H # 0 1 
1 0 H 0 0 1 
1 1 0 0 0 1 
1 1 1 G 1 1 
R44 PU12 PR24 T3

Map6
1 1 1 1 1 1 
G 0 H 0 0 1 
1 0 0 0 1 1 
1 0 H F 0 1 
1 0 0 0 0 1 
1 1 S 1 1 1 
R14 U31 l24 T6

Map6
1 1 1 S 1 1 
1 # 0 0 0 1 
1 0 0 1 0 G 
1 # 0 F F 1 
1 0 0 H 1 1 
1 1 1 1 1 1 
d31 PR42 PD12 T6

Map6
1 1 1 1 1 1 
S 0 0 0 H 1 
1 H 0 0 0 1 
1 0 0 0 0 1 
1 0 0 1 0 G 
1 1 1 1 1 1 
d11 L31 L23 T5

Map6
1 1 1 1 1 1 
1 F 0 0 0 S 
1 0 # 0 0 1 
G 0 H 0 0 1 
1 0 H 1 0 1 
1 1 1 1 1 1 
P21 d33 p12 T8

Map6
1 1 1 G 1 1 
1 0 1 0 1 1 
1 0 0 H 0 1 
1 0 0 0 0 1 
1 0 1 0 0 1 
1 1 1 S 1 1 
PU31 PL44 L33 T2

Map6
1 G 1 1 1 1 
1 F 0 H 0 1 
1 # F 0 # 1 
1 1 0 H 0 1 
1 0 0 0 1 1 
1 1 1 S 1 1 
L32 PD34 PR14 T3

Map6
1 1 1 1 1 1 
1 0 H 0 F S 
1 0 # 0 0 1 
1 # 0 H 0 1 
1 0 0 0 0 1 
1 1 1 G 1 1 
U24 PR31 PL44 T2

Map6
1 1 1 1 S 1 
1 0 H 0 0 1 
G # 0 0 1 1 
1 0 0 0 0 1 
1 0 # H 0 1 
1 1 1 1 1 1 
U43 PR31 PR13 T4

Map6
1 1 1 1 1 1 
1 0 0 0 0 1 
1 0 0 1 0 G 
S 0 0 0 F 1 
1 H F 0 0 1 
1 1 1 1 1 1 
PD21 PD33 P41 T5

Map6
1 1 1 1 1 1 
1 0 0 0 0 1 
1 H 0 0 F 1 
1 0 0 H 0 S 
1 0 0 # 1 1 
1 1 G 1 1 1 
u31 PU32 PR43 T4

Map6
1 1 G 1 1 1 
S 0 F 0 0 1 
1 0 0 0 0 1 
1 H F 0 # 1 
1 # 0 0 0 1 
1 1 1 1 1 1 
PD31 PL11 u34 T4

Map6
1 1 G 1 1 1 
1 H 0 0 0 1 
1 0 0 0 0 1 
S # 1 0 0 1 
1 0 H 0 0 1 
1 1 1 1 1 1 
p12 PU14 PL32 T4

Map6
1 1 G 1 1 1 
1 1 0 0 0 1 
1 H 0 1 F 1 
S # 0 F 1 1 
1 0 0 0 0 1 
1 1 1 1 1 1 
PD23 PU21 l14 T5

Map6
1 S 1 1 1 1 
1 0 H 0 # 1 
1 0 H 0 1 1 
1 0 # 0 F 1 
1 F 0 0 0 1 
1 1 1 G 1 1 
PL44 PU11 D33 T1

Map6
1 1 1 G 1 1 
1 0 0 0 H 1 
1 1 0 0 H 1 
1 0 # 1 0 1 
1 0 0 # 1 1 
1 1 S 1 1 1 
L22 PU31 PU14 T3

Map6
1 1 1 1 1 1 
1 H 0 0 0 1 
1 0 0 F 0 1 
1 H 0 0 1 1 
1 # 0 F 0 1 
1 1 G 1 S 1 
L12 PD44 PL42 T2

Map6
1 1 G 1 1 1 
1 F 0 0 0 1 
1 0 0 F 0 1 
1 # 0 0 0 1 
1 0 1 0 0 1 
1 1 1 S 1 1 
P42 PU21 PR33 T4

Map6
1 1 G 1 1 1 
1 0 F 0 0 1 
1 0 0 0 # 1 
1 0 H 0 0 S 
1 0 H 0 0 1 
1 1 1 1 1 1 
PD12 PU33 d43 T5

Map6
1 1 1 1 1 1 
1 0 # H 0 G 
1 0 0 0 0 1 
1 0 0 0 1 1 
1 F 0 0 F S 
1 1 1 1 1 1 
d13 PR24 PL23 T6

Map6
1 1 1 1 1 1 
1 # # 0 0 S 
G 0 1 0 0 1 
1 H 0 0 0 1 
1 0 1 F 0 1 
1 1 1 1 1 1 
r41 PL12 PD31 T5

Map6
1 1 1 G 1 1 
1 0 H 0 H 1 
1 # 0 0 0 1 
S 0 0 F 1 1 
1 0 0 F 0 1 
1 1 1 1 1 1 
P23 u22 l13 T6

Map6
1 S 1 G 1 1 
1 0 F # 0 1 
1 H 0 0 0 1 
1 F 0 0 1 1 
1 0 0 H 0 1 
1 1 1 1 1 1 
P22 PU11 PL42 T2

Map6
1 1 1 1 1 1 
1 H F 0 0 1 
1 F 0 0 0 1 
1 0 0 0 0 G 
S 0 H 1 0 1 
1 1 1 1 1 1 
PL42 PL14 D31 T2

Map6
1 1 1 1 1 1 
S 0 0 0 1 1 
1 0 1 H 0 1 
1 1 0 H 0 G 
1 0 0 0 0 1 
1 1 1 1 1 1 
u42 PD23 PU12 T8

Map6
1 1 1 1 S 1 
1 0 0 # 0 1 
1 H 0 # 0 1 
1 0 1 0 0 1 
1 0 0 0 F 1 
1 1 G 1 1 1 
PR21 PL14 P42 T5

Map6
1 1 1 S 1 1 
1 F 0 0 0 1 
1 1 F 1 0 1 
1 0 H 0 H 1 
1 0 0 0 0 1 
1 1 G 1 1 1 
PR21 PL34 L14 T3

Map6
1 1 1 1 1 1 
1 0 0 1 1 1 
1 0 0 0 F G 
1 0 0 1 0 1 
1 H F 0 0 1 
1 1 1 S 1 1 
u34 PU13 PL44 T4

Map6
1 1 1 1 1 1 
1 0 0 0 F 1 
1 H 0 F 0 1 
1 0 0 0 0 1 
S 0 0 H 0 G 
1 1 1 1 1 1 
R24 PD13 PR44 T2

Map6
1 1 1 1 1 1 
1 1 H F 0 S 
1 0 0 0 0 1 
1 0 H 0 1 1 
1 0 0 0 0 1 
1 1 1 1 G 1 
PU13 PR41 d22 T6

Map6
1 1 1 1 1 1 
S 0 0 H 0 1 
1 # 0 # 0 1 
1 0 H F 0 1 
1 0 1 0 1 1 
1 1 1 G 1 1 
u11 U21 P42 T5

Map6
1 1 1 1 1 1 
1 0 0 1 0 1 
1 0 0 H 0 1 
G 0 # 0 0 1 
1 1 F 0 0 1 
1 1 1 S 1 1 
PR33 PL13 d44 T5

Map6
1 1 1 1 1 1 
1 F 0 # H 1 
1 0 0 H 0 G 
1 1 0 0 0 1 
1 0 0 F 0 1 
1 1 1 S 1 1 
R24 PR42 PR23 T3

Map6
1 1 1 1 1 1 
S 0 # 0 F 1 
1 0 1 H H 1 
1 1 0 1 0 G 
1 0 # 0 0 1 
1 1 1 1 1 1 
PU12 PR43 R31 T3

Map6
1 1 1 1 1 1 
1 0 1 F 0 1 
1 0 0 0 0 1 
1 0 H 0 # S 
1 0 0 0 # 1 
1 1 1 G 1 1 
p41 P33 l24 T9

Map6
1 1 1 1 1 1 
1 0 0 0 0 1 
1 0 0 0 0 1 
1 1 H 0 0 S 
1 0 0 0 H 1 
1 1 G 1 1 1 
PU22 PR43 r34 T8

Map6
1 1 1 1 1 1 
G 0 0 1 H 1 
1 1 0 0 0 1 
1 # 0 H 1 1 
1 F F 0 # 1 
1 S 1 1 1 1 
PL23 PR22 l42 T6

Map6
1 1 1 S 1 1 
1 0 1 0 # 1 
1 0 0 0 H 1 
1 0 0 0 0 1 
1 0 0 H 0 G 
1 1 1 1 1 1 
PD43 PL33 d14 T7

Map6
1 1 1 1 1 1 
1 0 F 0 0 1 
1 H 0 0 H 1 
G 0 F 0 0 1 
1 0 0 0 0 1 
1 1 S 1 1 1 
P32 R14 d24 T4

Map6
1 1 1 1 1 1 
1 # # H 0 1 
1 0 0 F 0 G 
1 0 0 0 H 1 
S 0 F 1 0 1 
1 1 1 1 1 1 
PL23 PL14 p13 T4

Map6
1 G 1 1 1 1 
1 0 0 1 0 1 
1 1 0 0 H 1 
1 0 0 0 0 1 
S F 0 H 1 1 
1 1 1 1 1 1 
PR13 PL24 l23 T7

Map6
1 1 1 1 1 1 
1 0 0 # 0 1 
1 H 0 0 H 1 
G 0 F 0 0 1 
1 # 0 0 0 1 
1 S 1 1 1 1 
P41 PL13 PU34 T5

Map6
1 1 1 1 1 1 
1 0 0 0 0 1 
G 0 H 0 F 1 
1 0 0 0 0 1 
1 H 0 0 F 1 
1 1 1 1 S 1 
d41 r11 u32 T8

Map6
1 1 1 1 1 1 
1 1 0 0 H 1 
1 0 1 0 0 G 
1 0 H 0 0 1 
S F 0 0 F 1 
1 1 1 1 1 1 
PL24 PD31 L33 T2

Map6
1 1 G 1 1 1 
1 0 0 H 0 1 
1 0 0 0 0 1 
S 0 0 F H 1 
1 0 0 0 # 1 
1 1 1 1 1 1 
PD32 PR23 p13 T5

Map6
1 1 1 G 1 1 
1 0 0 0 H 1 
1 0 F 0 0 1 
1 0 0 0 0 1 
1 1 F 0 0 S 
1 1 1 1 1 1 
PL42 PD34 d43 T5

Map6
1 1 1 1 1 1 
1 0 # 0 0 1 
S 0 F H 0 1 
1 0 # 0 F G 
1 1 0 0 0 1 
1 1 1 1 1 1 
PD11 PR24 U13 T4

Map6
1 1 1 1 1 1 
1 0 1 0 1 1 
1 0 0 0 0 1 
1 0 1 # 0 S 
1 F 0 F 0 1 
1 1 G 1 1 1 
PL42 PD24 L31 T3

Map6
1 1 1 1 1 1 
1 H F 0 0 S 
1 0 0 0 0 1 
1 0 0 0 H 1 
G 0 0 0 F 1 
1 1 1 1 1 1 
L31 PU42 PL14 T2

Map6
1 1 1 1 1 1 
1 # 0 0 0 1 
1 0 F H 0 1 
S 0 F 0 0 1 
1 H 0 0 0 1 
1 1 G 1 1 1 
PL13 PR12 D21 T1

Map6
1 1 1 1 1 1 
1 0 # 0 0 1 
1 0 0 0 0 1 
G F 0 1 F S 
1 0 0 0 # 1 
1 1 1 1 1 1 
P22 u34 D42 T5

Map6
1 1 1 1 1 1 
1 F 0 0 H 1 
G 0 0 F 0 1 
1 H 0 0 # 1 
1 1 1 0 0 S 
1 1 1 1 1 1 
D23 PU34 PL42 T4

Map6
1 1 1 1 1 1 
1 F 0 0 F 1 
G 0 0 0 0 1 
1 0 H 0 0 1 
1 0 0 0 0 1 
1 S 1 1 1 1 
PU44 PL13 r33 T5

Map6
1 1 S 1 1 1 
1 0 0 0 0 1 
1 1 H 1 0 1 
1 0 0 F 0 1 
1 0 0 0 # 1 
1 1 1 G 1 1 
D24 PU21 PU14 T5

Map6
1 1 1 1 1 1 
S F 0 0 0 1 
1 0 0 # 1 1 
G 0 H 0 F 1 
1 # 0 1 0 1 
1 1 1 1 1 1 
PU33 PL13 u21 T3

Map6
1 1 1 1 1 1 
1 0 0 0 0 1 
S 0 0 H 0 1 
1 0 0 0 0 1 
1 0 0 0 H 1 
1 1 1 G 1 1 
D11 p12 l23 T5

Map6
1 1 S 1 1 1 
1 H 0 0 0 1 
1 # 0 0 1 1 
1 0 H 0 0 G 
1 0 F 0 F 1 
1 1 1 1 1 1 
R22 R34 d21 T6

Map6
1 1 1 1 1 1 
1 0 0 0 0 1 
1 0 H 0 F G 
1 1 H 1 1 1 
1 # 0 0 # 1 
1 S 1 1 1 1 
PU12 PL24 d21 T6

Map6
1 1 1 1 1 1 
1 H 0 0 # 1 
G 0 0 0 H 1 
1 F F 0 0 1 
1 0 # 0 0 1 
1 1 1 1 S 1 
r33 r44 P43 T6

Map6
1 1 1 S 1 1 
1 0 1 0 0 1 
1 1 0 0 0 1 
G 0 H 0 H 1 
1 0 1 0 0 1 
1 1 1 1 1 1 
PR22 PU14 r31 T4

Map6
1 1 1 1 1 1 
1 H 0 1 0 S 
1 # 0 0 0 1 
G 0 0 H 0 1 
1 # 0 0 0 1 
1 1 1 1 1 1 
l22 U34 D43 T7

Map6
1 1 1 1 1 1 
1 0 0 0 0 1 
G 0 H 0 0 1 
1 0 0 H 0 S 
1 0 0 0 0 1 
1 1 1 1 1 1 
l11 PR32 PR43 T6

Map6
1 1 1 1 1 1 
1 0 0 F 0 1 
G F 0 0 H 1 
1 0 0 0 0 1 
1 0 1 1 0 1 
1 S 1 1 1 1 
PR13 PD14 U21 T4

Map6
1 1 S 1 1 1 
1 0 0 0 F 1 
1 0 H 0 0 G 
1 H 0 0 0 1 
1 1 0 0 0 1 
1 1 1 1 1 1 
PU21 PL44 r33 T5

Map6
1 1 1 1 1 1 
1 F # 0 1 1 
G # 0 0 F 1 
1 0 0 0 0 1 
1 0 0 0 0 1 
1 1 1 1 S 1 
D43 P31 P24 T4

Map6
1 1 1 1 1 1 
1 0 0 0 F 1 
S 0 0 0 1 1 
1 # 0 H 0 1 
1 1 0 1 0 1 
1 1 1 1 G 1 
P32 PU23 PD43 T2

Map6
1 1 1 1 1 1 
1 0 0 F # 1 
G 0 F 0 1 1 
1 0 0 0 # 1 
1 0 H 0 0 1 
1 1 1 S 1 1 
l13 D32 p34 T5

Map6
1 S 1 1 1 1 
1 0 0 0 H 1 
1 0 H # 0 1 
1 1 # 0 0 G 
1 0 0 0 0 1 
1 1 1 1 1 1 
U42 PL21 PL33 T7

Map6
1 1 1 1 1 1 
S 0 0 0 0 1 
1 # # 1 H 1 
1 F 0 0 0 1 
1 1 F 0 0 1 
1 1 1 G 1 1 
PD33 PU23 U31 T2

Map6
1 1 G 1 1 1 
1 # 0 0 0 1 
1 0 0 F 0 1 
1 1 1 0 1 1 
1 H 0 0 0 S 
1 1 1 1 1 1 
D24 PU21 PD31 T2

Map6
1 S 1 1 1 1 
1 F F H 0 G 
1 0 0 0 1 1 
1 0 1 0 0 1 
1 H 0 0 0 1 
1 1 1 1 1 1 
R13 PR41 PD43 T5

Map6
1 1 1 1 1 1 
1 0 0 0 0 S 
1 # F 0 H 1 
1 0 # H 0 1 
1 F 0 1 0 G 
1 1 1 1 1 1 
PD43 PL32 L13 T4

Map6
1 1 1 1 1 1 
1 0 0 0 F S 
1 1 0 H 1 1 
1 0 0 # 0 1 
G 0 H 0 0 1 
1 1 1 1 1 1 
P11 PD13 PU22 T3

Map6
1 1 1 1 1 1 
1 0 0 0 F 1 
1 0 0 0 0 1 
1 0 0 0 H 1 
S 0 H F 0 1 
1 1 1 G 1 1 
p22 PU13 PL14 T5

Map6
1 1 1 1 1 1 
1 H 0 0 F 1 
1 H 0 0 0 G 
1 0 0 0 1 1 
1 0 0 0 0 1 
1 S 1 1 1 1 
PR21 PU13 d14 T5

Map6
1 1 1 1 1 1 
1 0 0 0 0 1 
1 0 F 0 F G 
1 0 H H 0 1 
1 0 # 0 1 1 
1 1 1 S 1 1 
r11 PL21 PD34 T4

Map6
1 1 1 S 1 1 
1 H 0 F 0 1 
1 0 0 H 0 1 
1 0 0 0 0 1 
1 F 0 0 0 1 
1 1 G 1 1 1 
R21 L44 d33 T5

Map6
1 1 1 G 1 1 
1 H 0 # 0 1 
1 0 0 0 H 1 
1 0 1 1 0 1 
1 0 # 0 0 1 
1 1 1 1 S 1 
l21 PD44 PL32 T6

Map6
1 1 1 1 1 1 
1 0 0 F 0 1 
1 # H 0 0 1 
G 0 0 0 1 1 
1 0 0 H 0 1 
1 1 S 1 1 1 
PR14 PD11 P23 T3

Map6
1 1 G 1 1 1 
1 1 F F 0 1 
1 # 0 # 0 1 
1 0 0 0 0 1 
1 H 0 0 0 1 
1 1 1 S 1 1 
R24 r33 P42 T5

Map6
1 1 S 1 1 1 
1 0 0 H 0 1 
1 0 F 0 0 1 
1 0 H 0 0 1 
1 0 0 0 0 1 
1 1 1 G 1 1 
PU21 PU44 r43 T6

Map6
1 1 1 1 S 1 
1 0 H # 0 1 
1 0 0 F 0 1 
1 1 # 0 0 1 
1 F 0 0 H 1 
1 1 1 G 1 1 
U12 L43 D33 T4

Map6
1 1 1 1 1 1 
1 0 0 0 0 1 
1 H F 0 0 S 
1 0 1 0 0 1 
1 0 1 0 0 1 
1 G 1 1 1 1 
r41 PD13 PU32 T5

Map6
1 1 1 1 1 1 
1 # F F 0 1 
1 0 0 H 0 1 
S 0 0 0 1 1 
1 0 # H 0 1 
1 1 1 1 G 1 
l13 PD44 PR14 T4

Map6
1 1 1 S 1 1 
1 0 1 0 0 1 
1 1 0 1 0 1 
1 0 F 0 F 1 
1 0 H 0 0 1 
1 1 1 G 1 1 
PU42 PL33 R13 T4

Map6
1 1 1 1 1 1 
G 0 1 0 0 1 
1 H 1 F 0 1 
1 1 0 0 0 1 
1 0 F 0 0 S 
1 1 1 1 1 1 
R14 PD41 PL11 T2

Map6
1 1 1 1 1 1 
1 0 0 0 H 1 
S 0 0 H 0 G 
1 0 0 # 0 1 
1 1 0 0 F 1 
1 1 1 1 1 1 
L22 PR42 PU13 T2

Map6
1 S 1 1 1 1 
1 0 0 0 # 1 
1 0 1 0 1 1 
1 F 0 0 0 G 
1 0 1 0 F 1 
1 1 1 1 1 1 
d21 PD12 PL34 T5

Map6
1 1 1 1 1 1 
1 1 0 0 1 1 
G F 0 # 0 1 
1 0 0 # 1 1 
1 0 0 0 0 1 
1 S 1 1 1 1 
D13 r23 P34 T5

Map6
1 1 1 1 1 1 
1 H # 0 0 S 
1 0 0 0 0 1 
1 0 0 0 0 1 
1 0 0 H 0 1 
1 1 G 1 1 1 
u41 d32 L31 T6

Map6
1 1 1 1 1 1 
1 0 0 0 0 1 
G 0 1 0 0 1 
1 F 0 1 0 1 
1 F 0 0 0 1 
1 1 1 S 1 1 
PU32 PL12 P21 T5

Map6
1 1 1 1 1 1 
1 0 0 0 H 1 
1 H 0 0 0 G 
1 # 0 F 1 1 
1 0 0 0 0 1 
1 S 1 1 1 1 
L31 D44 L23 T5

Map6
1 1 1 1 1 1 
S 0 0 0 1 1 
1 1 F 0 0 1 
G 0 H 0 0 1 
1 0 0 H 0 1 
1 1 1 1 1 1 
PL13 PR33 L44 T5

Map6
1 1 1 1 1 1 
1 1 # F 0 1 
1 0 1 # 0 G 
S 0 1 0 0 1 
1 0 0 0 F 1 
1 1 1 1 1 1 
p13 PU43 PD12 T4

Map6
1 1 1 1 1 1 
1 0 0 0 1 1 
1 0 H 0 0 S 
1 0 0 0 0 1 
1 F 0 F 0 1 
1 1 G 1 1 1 
u42 L32 r33 T6

Map6
1 1 1 S 1 1 
1 0 F 0 H 1 
1 0 0 0 F 1 
1 0 0 0 0 1 
1 0 0 H 0 1 
1 1 1 1 G 1 
D32 p12 r23 T6

Map6
1 1 1 1 1 1 
1 0 0 0 F S 
1 0 0 H 0 1 
1 0 1 0 0 1 
1 0 1 F H 1 
1 1 1 G 1 1 
PL22 PL43 P13 T4

Map6
1 1 1 1 1 1 
1 0 0 0 0 1 
1 0 0 0 0 1 
S 0 H 1 0 1 
1 0 0 F # 1 
1 1 G 1 1 1 
P14 PU12 PL13 T5

Map6
1 S 1 G 1 1 
1 0 0 0 F 1 
1 0 0 1 0 1 
1 0 1 F H 1 
1 0 0 0 0 1 
1 1 1 1 1 1 
PU31 PD21 p11 T4

Map6
1 1 1 G 1 1 
1 1 0 # 0 1 
1 0 1 0 0 1 
S 0 0 0 H 1 
1 F 0 # 0 1 
1 1 1 1 1 1 
PD12 PD23 p24 T5

Map6
1 1 G 1 1 1 
1 F 0 0 0 1 
1 0 H 1 # 1 
1 0 0 0 0 1 
1 0 0 0 0 1 
1 S 1 1 1 1 
PR13 PU21 l24 T5

Map6
1 1 1 G 1 1 
1 H 0 0 0 1 
1 # 0 # F 1 
1 1 0 0 F 1 
1 0 H 0 0 1 
1 S 1 1 1 1 
L21 PD33 PD14 T5

Map6
1 1 1 1 1 1 
1 0 0 H 0 1 
S 0 0 H 0 1 
1 0 # 0 0 1 
1 # 0 F 0 1 
1 1 1 G 1 1 
l12 PR22 PR43 T5

Map6
1 1 1 1 1 1 
1 H 0 0 0 1 
1 1 F 0 0 G 
S 0 0 H 0 1 
1 0 0 0 F 1 
1 1 1 1 1 1 
P23 PU14 PR32 T2

Map6
1 1 1 1 1 1 
1 0 0 0 0 1 
1 F 0 0 # S 
1 0 1 1 0 1 
1 0 H 0 0 1 
1 1 1 G 1 1 
PD41 PD34 R22 T2

Map6
1 1 1 1 1 1 
1 0 # 0 0 1 
1 0 0 H 0 1 
1 # 0 0 H 1 
1 0 0 0 0 1 
1 1 G 1 S 1 
PU42 PD44 L11 T3

Map6
1 1 1 1 S 1 
1 H 0 0 0 1 
G # 0 H 0 1 
1 0 0 0 # 1 
1 0 F F 0 1 
1 1 1 1 1 1 
p21 d13 p44 T12

Map6
1 1 1 1 1 1 
1 H 0 # F 1 
1 0 0 0 0 G 
1 0 0 0 0 1 
1 0 0 0 F 1 
1 S 1 1 1 1 
L21 PD13 PL33 T3

Map6
1 1 1 1 1 1 
1 0 H 0 0 1 
S 0 0 0 F 1 
1 0 0 0 0 1 
1 # F 0 # 1 
1 1 1 G 1 1 
P32 u23 R13 T4

Map6
1 1 1 1 1 1 
1 F 1 # 0 1 
1 0 H 0 0 S 
1 0 # 0 0 1 
G F 0 H 0 1 
1 1 1 1 1 1 
u42 L24 R32 T5

Map6
1 1 G 1 1 1 
1 0 0 0 H 1 
1 0 1 0 0 1 
1 F 0 0 0 1 
1 1 0 H 0 1 
1 1 1 1 S 1 
PR23 PL11 R42 T5

Map6
1 1 1 1 1 1 
1 0 0 0 0 1 
G 0 1 0 0 1 
1 0 0 0 H 1 
1 H 0 1 0 S 
1 1 1 1 1 1 
PR44 PD11 P13 T2

Map6
1 S 1 1 1 1 
1 0 0 0 0 1 
1 0 0 0 0 1 
1 H 0 H 0 G 
1 0 0 0 # 1 
1 1 1 1 1 1 
U12 d11 R42 T7

Map6
1 1 G 1 S 1 
1 # 0 0 0 1 
1 0 0 F 0 1 
1 1 0 H F 1 
1 H 0 0 0 1 
1 1 1 1 1 1 
L42 PD31 PU41 T4

Map6
1 1 1 1 1 1 
1 0 0 0 F 1 
1 0 H 0 0 1 
1 0 # 0 F G 
1 0 0 1 0 1 
1 1 1 1 S 1 
PD44 PL42 D31 T2

Map6
1 1 1 1 1 1 
1 F F 0 0 G 
1 0 0 0 0 1 
S 0 0 H 1 1 
1 0 1 0 # 1 
1 1 1 1 1 1 
R23 PD12 PU32 T3

Map6
1 1 1 1 1 1 
S 0 0 0 H 1 
1 0 0 0 0 1 
1 0 0 0 0 1 
1 H # F 0 1 
1 1 1 G 1 1 
L21 P13 l22 T5

Map6
1 1 1 1 S 1 
1 0 1 0 0 1 
G 0 1 0 0 1 
1 0 0 0 # 1 
1 0 0 H # 1 
1 1 1 1 1 1 
D33 PL12 PL42 T4

Map6
1 S 1 G 1 1 
1 0 0 0 H 1 
1 0 0 # 0 1 
1 0 0 0 0 1 
1 F F 0 0 1 
1 1 1 1 1 1 
U13 l11 l22 T4

Map6
1 1 1 1 S 1 
1 H 0 0 0 1 
1 0 F 0 0 1 
1 0 0 0 0 G 
1 0 0 0 H 1 
1 1 1 1 1 1 
D21 U42 L34 T4

Map6
1 1 1 1 G 1 
1 F 0 1 0 1 
1 0 0 0 1 1 
1 0 0 0 1 1 
1 H 0 0 0 1 
1 1 1 1 S 1 
L12 PU41 PU24 T5

Map6
1 1 1 1 1 1 
G 0 H 0 F 1 
1 0 0 0 F 1 
1 1 0 0 0 1 
1 0 0 0 0 1 
1 1 S 1 1 1 
D23 l33 l24 T8

Map6
1 1 G 1 1 1 
1 F 0 0 # 1 
1 # 0 0 1 1 
1 F 0 0 0 1 
1 0 0 1 0 1 
1 1 1 1 S 1 
r32 D23 P31 T6

Map6
1 1 1 1 1 1 
G # F 0 0 1 
1 F 0 H 0 1 
1 1 0 0 1 1 
S 0 0 0 0 1 
1 1 1 1 1 1 
PU42 PD22 P34 T3

Map6
1 1 1 1 1 1 
1 0 H 0 0 G 
1 0 0 1 0 1 
1 0 1 0 1 1 
1 0 F 0 0 1 
1 1 1 1 S 1 
p13 PL22 PR31 T5

Map6
1 1 1 1 1 1 
1 1 0 H F 1 
1 0 # 0 0 S 
1 1 0 0 H 1 
1 0 F 0 0 1 
1 1 1 G 1 1 
P12 R14 D33 T2

Map6
1 1 1 1 1 1 
1 0 0 1 0 1 
S F H F 0 1 
1 0 0 0 0 1 
1 0 1 0 0 G 
1 1 1 1 1 1 
PL21 PR34 U13 T2

Map6
1 1 1 1 1 1 
1 H H F 0 1 
1 0 0 0 0 1 
S 0 1 0 0 G 
1 0 1 0 0 1 
1 1 1 1 1 1 
PU34 PD12 U32 T3

Map6
1 1 1 1 1 1 
1 0 0 1 F 1 
1 1 0 0 0 1 
G F # H 0 1 
1 0 0 0 0 1 
1 S 1 1 1 1 
PD14 PL34 U22 T3

Map6
1 1 1 G 1 1 
1 0 1 0 0 1 
S 0 0 0 H 1 
1 0 0 0 0 1 
1 0 0 0 H 1 
1 1 1 1 1 1 
D11 R43 r12 T4

Map6
1 S 1 1 1 1 
1 0 0 0 F 1 
1 0 0 1 0 1 
1 F H 0 0 1 
1 1 0 0 0 G 
1 1 1 1 1 1 
PR24 PL21 U12 T2

Map6
1 1 1 1 S 1 
1 0 0 0 0 1 
G F 0 0 0 1 
1 H 0 0 F 1 
1 0 0 0 H 1 
1 1 1 1 1 1 
R42 U11 P23 T4

Map6
1 1 1 1 1 1 
1 0 1 F 0 G 
1 # 0 H 0 1 
S 0 # 0 F 1 
1 1 1 0 0 1 
1 1 1 1 1 1 
R33 PD22 PU42 T3

Map6
1 1 1 1 1 1 
S 0 0 H 0 1 
1 0 0 1 0 1 
1 0 # 1 0 1 
1 # 0 H 0 1 
1 1 1 1 G 1 
PL21 PU43 d41 T4

Map6
1 S 1 1 1 1 
1 0 H 0 0 1 
1 0 0 0 0 G 
1 # 0 0 H 1 
1 0 1 0 0 1 
1 1 1 1 1 1 
U34 PR31 PL14 T3

Map6
1 1 1 1 1 1 
1 0 0 H 0 1 
1 0 F 0 0 1 
G 0 # 1 0 1 
1 F 0 0 0 S 
1 1 1 1 1 1 
PL13 PD41 U34 T2

Map6
1 1 1 1 1 1 
S 0 0 1 H 1 
1 1 H F 0 1 
1 0 F 1 # G 
1 0 0 # 0 1 
1 1 1 1 1 1 
R42 PL11 PU44 T2

Map6
1 1 1 1 1 1 
S 0 0 H F 1 
1 0 0 0 0 1 
1 0 0 F 0 1 
1 H # 0 0 1 
1 1 G 1 1 1 
PR21 PD32 P13 T4

Map6
1 1 1 1 G 1 
1 0 1 0 # 1 
1 0 0 F H 1 
1 0 0 0 0 1 
S 0 0 0 H 1 
1 1 1 1 1 1 
D43 P24 r14 T7

Map6
1 S 1 1 1 1 
1 0 0 F 0 1 
1 0 F 0 0 1 
1 H 0 0 H 1 
1 0 0 0 # 1 
1 G 1 1 1 1 
L41 U12 u11 T5

Map6
1 1 1 1 1 1 
1 0 0 0 1 1 
1 0 # 0 0 1 
1 0 0 F F G 
1 0 0 0 0 1 
1 1 1 1 S 1 
U12 PD44 PL24 T3

Map6
1 G 1 1 S 1 
1 F 0 0 0 1 
1 0 0 0 0 1 
1 0 1 0 H 1 
1 0 1 0 0 1 
1 1 1 1 1 1 
PU12 PR21 D42 T2

Map6
1 1 1 1 1 1 
1 0 F 0 0 1 
1 0 0 0 H 1 
1 0 0 # 0 1 
S 0 0 0 H 1 
1 1 1 G 1 1 
l23 r14 L24 T6

Map6
1 1 G 1 1 1 
1 0 F 0 F 1 
1 0 0 # 0 1 
1 0 1 0 0 1 
1 0 0 # 0 S 
1 1 1 1 1 1 
D12 D24 R31 T4

Map6
1 1 G 1 1 1 
1 0 # 0 H 1 
1 0 H 0 0 1 
1 F 0 0 0 1 
1 0 0 0 0 1 
1 1 1 1 S 1 
P43 p44 l11 T10

Map6
1 1 1 1 1 1 
1 F 0 0 0 1 
1 0 0 0 0 1 
1 # H 0 0 S 
1 0 0 0 F 1 
1 1 G 1 1 1 
r43 PL33 PU34 T7

Map6
1 1 1 G 1 1 
1 0 0 0 0 1 
1 1 # H 0 1 
1 H 0 F 1 1 
1 0 # 0 0 1 
1 1 1 S 1 1 
p21 u14 L44 T6

Map6
1 1 S 1 1 1 
1 F 0 1 F 1 
1 H 0 0 1 1 
1 # H 0 0 1 
1 # 0 0 0 1 
1 1 G 1 1 1 
PR22 PU21 p34 T5

Map6
1 1 S 1 1 1 
1 0 0 0 1 1 
1 0 1 H 0 1 
1 0 0 0 0 1 
1 F # F 0 1 
1 1 1 G 1 1 
r21 PR11 PL43 T4

Map6
1 1 S 1 1 1 
1 0 0 H 0 1 
1 1 0 F 0 1 
1 0 H 0 0 1 
1 0 0 # # G 
1 1 1 1 1 1 
PD41 PR11 D22 T3

Map6
1 1 1 1 1 1 
1 0 1 0 0 1 
1 0 H 0 F G 
1 0 0 0 0 1 
1 0 F 0 0 1 
1 S 1 1 1 1 
r32 r14 u23 T7

Map6
1 S 1 1 1 1 
1 # 0 0 0 1 
G 0 0 H # 1 
1 0 0 0 0 1 
1 0 H 0 0 1 
1 1 1 1 1 1 
l23 l14 p31 T9

Map6
1 1 1 1 1 1 
1 0 0 F 0 1 
1 # 0 0 0 1 
S # 1 0 0 G 
1 0 H 0 F 1 
1 1 1 1 1 1 
L34 p11 p22 T8

Map6
1 1 1 1 S 1 
1 0 0 0 0 1 
1 0 0 0 0 1 
1 # H 0 0 1 
1 0 0 0 F 1 
1 1 1 G 1 1 
L22 u41 L42 T5

Map6
1 1 1 1 S 1 
1 1 0 0 0 1 
1 # 0 0 0 1 
1 1 0 0 0 G 
1 0 # 0 H 1 
1 1 1 1 1 1 
D42 l22 r33 T5

Map6
1 S 1 1 1 1 
1 0 0 H 0 1 
1 1 # 0 0 1 
1 1 0 0 H 1 
1 1 0 0 F 1 
1 1 1 G 1 1 
u42 PU11 PU23 T6

Map6
1 1 1 1 1 1 
1 0 0 1 0 1 
1 0 0 1 F 1 
1 0 0 H 0 G 
1 0 H 0 0 1 
1 1 1 S 1 1 
PD41 PD34 R44 T2

Map6
1 1 1 1 1 1 
1 0 # 0 F 1 
G # 0 0 1 1 
1 0 0 1 0 1 
1 F 1 0 0 S 
1 1 1 1 1 1 
u11 PU13 PD43 T6

Map6
1 1 G 1 1 1 
1 0 F 0 H 1 
1 0 0 0 0 1 
1 0 0 0 0 1 
1 0 H 0 0 S 
1 1 1 1 1 1 
P42 P34 r33 T5

Map6
1 1 1 G 1 1 
1 H # 0 F 1 
1 0 0 0 0 1 
1 0 0 0 0 1 
S 0 0 H # 1 
1 1 1 1 1 1 
r43 L12 P24 T6

Map6
1 S 1 1 1 1 
1 0 0 # 0 1 
G F F 0 H 1 
1 0 0 0 0 1 
1 0 # 0 0 1 
1 1 1 1 1 1 
R33 PU11 PR21 T4

Map6
1 1 1 G 1 1 
1 H 0 0 0 1 
1 0 0 0 F 1 
1 0 0 H 0 1 
1 0 0 0 0 1 
1 1 1 S 1 1 
PL32 PD34 u21 T6

Map6
1 1 1 1 1 1 
1 0 # H 1 1 
1 0 0 0 # 1 
1 F 0 1 H 1 
1 0 0 0 0 1 
1 S 1 G 1 1 
PU11 PU32 U44 T5

Map6
1 1 1 1 S 1 
1 1 0 # # 1 
1 0 1 0 0 1 
G 0 0 0 H 1 
1 0 1 0 0 1 
1 1 1 1 1 1 
u32 P21 P42 T5

Map6
1 1 1 1 1 1 
1 F 0 # 0 1 
G 0 F H 0 1 
1 1 0 0 0 1 
1 0 # 0 0 S 
1 1 1 1 1 1 
PL41 PL12 p34 T4

Map6
1 1 1 1 1 1 
1 0 0 0 H 1 
1 0 0 0 0 1 
1 # 1 0 F G 
S 0 1 0 # 1 
1 1 1 1 1 1 
r33 U11 d22 T7

Map6
1 1 1 1 1 1 
1 F # 0 F 1 
1 0 0 0 0 G 
1 0 0 0 0 1 
1 0 0 # 0 1 
1 1 1 1 S 1 
L43 l23 D14 T5

Map6
1 1 S 1 1 1 
1 0 0 0 0 1 
1 1 0 0 0 1 
G 0 F 0 0 1 
1 F H 0 H 1 
1 1 1 1 1 1 
R11 U41 u32 T4

Map6
1 1 1 1 1 1 
1 0 # 0 1 1 
G 0 0 1 0 1 
1 H 0 0 0 S 
1 0 0 0 0 1 
1 1 1 1 1 1 
PR33 PD14 p23 T6

Map6
1 1 1 1 1 1 
1 0 1 0 0 1 
G 0 H 0 0 S 
1 0 F # 0 1 
1 0 0 1 0 1 
1 1 1 1 1 1 
PD41 PD32 u11 T7

Map6
1 1 S 1 1 1 
1 1 0 0 0 1 
1 0 # 0 # 1 
G 0 F 0 H 1 
1 H 0 0 0 1 
1 1 1 1 1 1 
U44 PL13 PD31 T3

Map6
1 1 1 G 1 1 
1 0 F 0 0 1 
1 0 # # 0 1 
1 0 0 0 0 1 
S 0 0 0 F 1 
1 1 1 1 1 1 
p23 P24 d14 T6

Map6
1 1 1 1 S 1 
1 0 # 0 0 1 
1 0 0 1 0 1 
1 H 0 0 0 1 
1 0 0 0 H 1 
1 1 1 G 1 1 
p31 PD43 PD24 T7

Map6
1 1 1 1 1 1 
1 0 H 0 1 1 
1 0 0 1 # 1 
1 0 0 0 0 1 
S 0 0 # F 1 
1 1 1 G 1 1 
p23 PD24 PR12 T5

Map6
1 1 1 1 1 1 
1 0 1 0 0 1 
1 H 0 0 0 S 
1 0 0 0 H 1 
1 0 F 0 0 1 
1 1 G 1 1 1 
u33 L22 R34 T5

Map6
1 1 1 1 1 1 
1 H 0 0 0 S 
1 0 0 0 0 1 
G F 0 0 H 1 
1 1 # 0 1 1 
1 1 1 1 1 1 
u32 d41 R21 T4

Map6
1 1 1 1 1 1 
1 0 0 0 0 1 
S 0 H 0 1 1 
1 0 1 0 H 1 
1 0 0 0 0 1 
1 1 G 1 1 1 
U13 R41 p34 T6

Map6
1 1 1 1 1 1 
1 0 0 0 1 1 
1 1 1 0 F 1 
1 0 0 0 0 1 
S 0 0 H H 1 
1 1 G 1 1 1 
PD24 PR11 P43 T5

Map6
1 S 1 1 1 1 
1 # 0 0 0 1 
1 F H 0 0 1 
1 0 0 0 0 1 
1 # 0 0 H 1 
1 1 1 G 1 1 
PL24 PU42 p41 T5

Map6
1 1 G 1 1 1 
1 0 F 1 1 1 
1 # 0 0 0 1 
1 0 H 0 0 S 
1 0 # 0 0 1 
1 1 1 1 1 1 
R32 PD33 PL11 T6

Map6
1 1 G 1 1 1 
1 0 F 0 0 1 
1 0 0 0 0 1 
1 0 H 0 0 S 
1 0 1 H 0 1 
1 1 1 1 1 1 
R33 L12 l43 T5

Map6
1 1 1 1 1 1 
1 0 0 0 H 1 
1 1 0 0 0 1 
1 H F 0 0 1 
1 0 # 0 0 S 
1 1 1 G 1 1 
L21 PU42 PL14 T4

Map6
1 1 1 G 1 1 
1 0 H 0 0 1 
1 0 0 0 0 1 
1 H 0 0 0 1 
1 0 0 0 0 1 
1 1 1 1 S 1 
p41 u44 p12 T8

Map6
1 1 1 1 1 1 
1 0 0 0 0 S 
1 0 0 1 0 1 
1 H 0 0 0 1 
1 0 0 0 H 1 
1 1 1 G 1 1 
P11 PU23 PL43 T3

Map6
1 1 1 1 1 1 
S 0 # # 0 1 
1 1 H 0 H 1 
1 0 0 1 0 1 
1 0 0 0 0 G 
1 1 1 1 1 1 
d41 PU32 PD13 T5

Map6
1 1 1 1 1 1 
1 1 1 0 H 1 
1 H 0 0 0 1 
G 0 0 F 0 1 
1 0 0 0 0 1 
1 1 1 S 1 1 
P31 PL13 PR22 T2

Map6
1 G 1 1 1 1 
1 0 # H 1 1 
1 F H 0 0 S 
1 1 0 0 0 1 
1 0 0 0 0 1 
1 1 1 1 1 1 
u44 PU11 PD32 T5

Map6
1 1 1 1 1 1 
1 0 0 1 0 1 
S F 0 H F 1 
1 1 0 0 1 1 
1 0 0 0 H 1 
1 G 1 1 1 1 
PD14 PR11 U23 T2

Map6
1 1 S 1 1 1 
1 0 0 F 0 1 
G # 0 0 F 1 
1 H # 0 H 1 
1 0 0 0 0 1 
1 1 1 1 1 1 
d24 PL32 PD33 T4

Map6
1 1 1 1 1 1 
S 0 1 0 0 1 
1 F 0 0 F 1 
1 0 1 0 0 G 
1 0 1 0 0 1 
1 1 1 1 1 1 
p32 PU13 PD31 T4

Map6
1 G 1 1 1 1 
1 0 H 1 0 1 
1 1 0 F 0 1 
1 H 0 0 0 1 
1 1 F 0 0 1 
1 1 1 S 1 1 
PU11 PL44 R33 T2

Map6
1 1 1 1 S 1 
1 0 # # 0 1 
1 0 0 0 0 1 
1 0 0 0 0 1 
1 0 0 0 F 1 
1 1 1 G 1 1 
r11 l22 L42 T6

Map6
1 1 G 1 1 1 
1 # F 0 0 S 
1 0 0 0 0 1 
1 0 # F 0 1 
1 0 0 0 0 1 
1 1 1 1 1 1 
r34 L31 u22 T5

Map6
1 1 1 G 1 1 
S 0 0 F # 1 
1 0 1 0 0 1 
1 1 0 0 0 1 
1 H 0 0 0 1 
1 1 1 1 1 1 
p24 PD23 PL11 T4

Map6
1 1 1 1 1 1 
S 0 H 0 F 1 
1 0 0 0 0 G 
1 1 0 0 0 1 
1 0 0 0 0 1 
1 1 1 1 1 1 
PL11 PL43 u31 T6

Map6
1 1 G 1 1 1 
1 H 0 0 0 1 
1 0 # 0 0 1 
1 0 H 0 0 S 
1 # 0 0 0 1 
1 1 1 1 1 1 
R41 PL12 PU33 T4

Map6
1 G 1 1 1 1 
1 # 0 0 1 1 
1 1 0 0 1 1 
1 0 0 0 0 1 
S 0 F H 0 1 
1 1 1 1 1 1 
U33 PL14 PD31 T5

Map6
1 1 S 1 1 1 
1 1 0 0 H 1 
1 F 0 # 0 1 
1 0 H 0 1 1 
1 0 0 0 # 1 
1 G 1 1 1 1 
U42 PR22 PL31 T5

Map6
1 1 1 1 1 1 
1 0 0 0 F 1 
1 0 H 0 1 1 
1 F 0 0 # 1 
1 0 0 0 0 1 
1 S 1 G 1 1 
PU44 PD11 P23 T3

Map6
1 1 1 1 1 1 
1 0 H 0 F 1 
1 0 0 0 F 1 
G 0 H 0 0 1 
1 0 # # 0 1 
1 1 S 1 1 1 
U44 R14 L31 T5

Map6
1 S 1 1 1 1 
1 0 0 0 # 1 
1 0 0 1 0 1 
G 0 # 0 0 1 
1 F 0 H F 1 
1 1 1 1 1 1 
u11 R12 L33 T5

Map6
1 1 1 S 1 1 
1 0 H 0 0 1 
1 # F H 0 1 
G 0 0 1 0 1 
1 0 0 0 0 1 
1 1 1 1 1 1 
PU31 PD11 P14 T2

Map6
1 1 1 1 1 1 
1 0 0 H 0 S 
1 0 0 H 0 1 
1 F 0 0 0 1 
1 0 0 # 0 1 
1 1 G 1 1 1 
PL44 PR41 L14 T2

Map6
1 1 1 1 S 1 
1 0 0 0 # 1 
1 0 0 0 0 1 
G F 0 0 0 1 
1 0 0 0 H 1 
1 1 1 1 1 1 
D11 U42 u22 T5

Map6
1 1 S 1 1 1 
1 0 0 0 0 1 
1 0 0 H 0 1 
1 0 0 0 0 1 
1 0 H 0 F 1 
1 1 1 G 1 1 
r12 PU22 PU43 T6

Map6
1 1 G 1 1 1 
1 0 0 0 H 1 
1 0 H 1 0 S 
1 0 0 1 F 1 
1 0 0 1 0 1 
1 1 1 1 1 1 
PU44 PL31 D11 T3

Map6
1 1 1 1 1 1 
1 0 F # 0 S 
1 0 0 0 H 1 
1 0 1 # 0 1 
G F 0 1 0 1 
1 1 1 1 1 1 
PL22 PL24 R13 T3

Map6
1 S 1 1 1 1 
1 0 # 0 0 1 
1 0 0 # 1 1 
1 H 1 0 0 G 
1 0 0 0 1 1 
1 1 1 1 1 1 
U12 d41 r34 T8

Map6
1 1 1 1 1 1 
1 # 0 0 0 1 
1 # 1 0 H 1 
1 0 1 1 0 1 
1 0 H 0 0 1 
1 S 1 G 1 1 
D41 PD34 PU32 T3

Map6
1 1 G 1 1 1 
1 0 0 H # 1 
1 0 0 F 1 1 
1 0 0 H 0 1 
1 # 0 0 F S 
1 1 1 1 1 1 
PU21 PL22 L11 T3

Map6
1 1 S 1 1 1 
1 H 0 0 0 1 
G 0 1 0 0 1 
1 1 F 0 # 1 
1 0 0 1 0 1 
1 1 1 1 1 1 
PR33 PL12 L44 T4

Map6
1 1 1 1 1 1 
S F 0 H 1 1 
1 0 0 F 0 1 
G 0 0 0 0 1 
1 0 0 0 H 1 
1 1 1 1 1 1 
P14 PR23 PL21 T5

Map6
1 1 1 1 1 1 
1 F 0 0 0 1 
G 0 0 0 H 1 
1 0 H 0 0 1 
1 F 0 0 0 1 
1 1 1 1 S 1 
PL12 PR24 U43 T2

Map6
1 S 1 1 1 1 
1 0 0 0 # 1 
1 0 0 F H 1 
1 0 0 0 0 G 
1 H # 0 0 1 
1 1 1 1 1 1 
r22 PD31 PD12 T5

Map6
1 1 1 1 1 1 
G F 0 1 0 1 
1 0 1 0 1 1 
1 0 0 0 0 1 
1 0 0 0 0 1 
1 S 1 1 1 1 
PL21 PU44 P12 T3

Map6
1 1 1 G 1 1 
1 0 0 0 # 1 
1 0 0 H 0 1 
1 1 F # 0 S 
1 0 0 0 F 1 
1 1 1 1 1 1 
PL21 PU31 U24 T4

Map6
1 1 1 G 1 1 
1 0 0 # F 1 
1 0 0 0 0 1 
1 0 0 F 0 1 
1 0 H 0 0 S 
1 1 1 1 1 1 
PR12 PD42 D34 T3

Map6
1 S 1 1 1 1 
1 # 0 0 0 1 
1 0 0 1 1 1 
1 0 F 0 0 1 
1 F 1 0 0 1 
1 1 1 G 1 1 
PL21 PL44 U12 T3

Map6
1 1 1 1 1 1 
1 1 0 0 H 1 
G 0 0 # F 1 
1 0 0 H 0 S 
1 0 0 0 0 1 
1 1 1 1 1 1 
PR43 PR14 L21 T4

Map6
1 1 1 1 1 1 
1 0 H 0 0 S 
1 0 0 0 0 1 
1 0 0 F 0 1 
1 0 F 0 0 1 
1 1 G 1 1 1 
p41 PL31 PL12 T5

Map6
1 1 1 G 1 1 
1 0 0 0 0 1 
1 1 0 0 H 1 
1 0 # 0 0 1 
1 H 0 F 0 S 
1 1 1 1 1 1 
p43 PD21 PR24 T5

Map6
1 1 1 S 1 1 
1 0 0 0 0 1 
1 0 F 0 0 1 
1 0 F 0 1 1 
1 0 0 H 0 G 
1 1 1 1 1 1 
PL41 PR44 R32 T2

Map6
1 1 1 1 1 1 
1 H 0 0 0 1 
1 0 # 1 0 1 
S # 1 0 0 G 
1 1 H 0 0 1 
1 1 1 1 1 1 
r42 PD41 PD12 T4

Map6
1 1 1 1 G 1 
1 0 1 0 0 1 
1 0 0 H H 1 
1 0 0 # 0 1 
1 F 0 0 F 1 
1 S 1 1 1 1 
PR31 PR12 d13 T6

Map6
1 S 1 G 1 1 
1 0 0 F 0 1 
1 0 0 # # 1 
1 0 0 0 0 1 
1 H 1 F H 1 
1 1 1 1 1 1 
PL21 PL43 L23 T4

Map6
1 1 1 1 1 1 
G 0 0 0 F 1 
1 0 1 0 H 1 
1 0 0 0 0 1 
S 0 H F 0 1 
1 1 1 1 1 1 
PL14 PD12 u23 T5

Map6
1 1 1 G 1 1 
1 0 F 0 0 1 
1 H 0 1 0 1 
1 0 0 0 0 1 
1 0 0 0 H 1 
1 1 1 S 1 1 
PR11 PR13 U41 T3

Map6
1 1 1 S 1 1 
1 0 0 0 F 1 
1 F 0 0 0 1 
G 0 0 0 0 1 
1 0 0 H 0 1 
1 1 1 1 1 1 
r22 d31 D32 T6

Map6
1 1 1 1 1 1 
1 H 0 # 1 1 
1 # 0 1 H 1 
G 0 0 1 0 1 
1 0 F 0 0 1 
1 1 1 S 1 1 
P14 PU23 PD34 T5

Map6
1 1 1 1 1 1 
1 H 0 0 0 1 
G 0 0 # 0 1 
1 F 0 H # 1 
1 0 0 0 0 1 
1 1 1 S 1 1 
L44 PU21 PR14 T3

Map6
1 1 1 1 1 1 
1 0 0 H 0 1 
1 0 # 1 0 1 
1 0 1 0 0 1 
S 0 F 0 0 1 
1 G 1 1 1 1 
PL21 PR33 R42 T4

Map6
1 1 1 1 1 1 
1 0 0 0 0 1 
1 0 0 0 # 1 
1 0 F H F S 
1 H 0 0 0 1 
1 1 1 G 1 1 
R31 R41 U44 T7

Map6
1 1 G 1 1 1 
1 0 0 # 0 1 
1 0 0 F 1 1 
1 0 F 0 0 1 
1 0 1 1 # S 
1 1 1 1 1 1 
P14 PD11 PD43 T6

Map6
1 1 1 G 1 1 
1 0 0 0 H 1 
1 # # 0 0 1 
1 0 0 0 H 1 
S 0 0 0 F 1 
1 1 1 1 1 1 
R24 r42 l13 T7

Map6
1 1 1 1 1 1 
1 H 0 0 F 1 
1 0 0 0 0 G 
1 0 0 0 0 1 
1 0 H 0 0 1 
1 S 1 1 1 1 
D33 PU21 PL12 T4

Map6
1 1 1 S 1 1 
1 0 0 # 0 1 
1 0 # H 0 1 
G 0 0 H 0 1 
1 1 F 0 0 1 
1 1 1 1 1 1 
R21 PL13 PU42 T2

Map6
1 S 1 1 1 1 
1 0 0 0 H 1 
1 0 1 0 0 G 
1 0 0 1 0 1 
1 H 0 # 0 1 
1 1 1 1 1 1 
PR32 PL21 P12 T2

Map6
1 1 1 1 1 1 
1 0 1 0 0 1 
1 0 0 0 0 1 
1 0 0 0 0 1 
1 0 F 0 0 S 
1 1 G 1 1 1 
l12 l42 U34 T6

Map6
1 1 1 1 1 1 
1 0 0 0 # 1 
1 # 0 1 0 1 
S 0 0 0 H 1 
1 0 H 0 0 G 
1 1 1 1 1 1 
U23 PU14 PR34 T2

Map6
1 1 1 1 1 1 
G 0 F 1 0 1 
1 H H 1 # 1 
1 0 0 0 0 1 
1 0 0 0 0 1 
1 1 1 1 S 1 
PL11 PU14 P24 T6

Map6
1 1 1 1 1 1 
1 0 0 H # 1 
S F 0 0 F 1 
1 0 H 0 0 G 
1 0 0 # 0 1 
1 1 1 1 1 1 
P32 PR33 PD21 T2

Map6
1 1 1 1 1 1 
G # 0 F 1 1 
1 1 # 1 0 1 
1 H 0 0 0 S 
1 0 0 0 F 1 
1 1 1 1 1 1 
PL21 PU34 D23 T2

Map6
1 1 1 1 1 1 
1 F 0 1 0 1 
1 0 0 1 0 G 
1 0 0 0 1 1 
1 0 0 0 0 1 
1 S 1 1 1 1 
l24 PR42 PR13 T5

Map6
1 1 1 S 1 1 
1 H 0 0 0 1 
1 0 0 1 0 1 
1 0 1 0 0 G 
1 0 1 F # 1 
1 1 1 1 1 1 
d31 PR21 PD42 T4

Map6
1 S 1 1 1 1 
1 0 0 H 1 1 
1 0 1 0 # 1 
1 0 0 F 0 1 
1 H 0 0 # 1 
1 1 1 G 1 1 
PL21 PU43 R12 T4

Map6
1 G 1 1 1 1 
1 F # 0 0 S 
1 # 0 0 0 1 
1 H 0 F H 1 
1 1 0 0 0 1 
1 1 1 1 1 1 
D44 PR31 PR24 T4

Map6
1 1 1 S 1 1 
1 0 # 0 0 1 
1 1 0 # 0 1 
1 0 0 H 0 1 
1 0 H 0 0 1 
1 G 1 1 1 1 
PL41 PD13 L42 T3

Map6
1 1 1 1 1 1 
1 0 0 # H 1 
1 H 0 0 0 S 
1 0 0 0 0 1 
1 F 0 0 0 1 
1 1 G 1 1 1 
r42 R32 u33 T6

Map6
1 1 1 S 1 1 
1 0 0 0 1 1 
1 0 0 0 0 G 
1 0 F H H 1 
1 0 1 0 0 1 
1 1 1 1 1 1 
PL21 PU31 u11 T4

Map6
1 1 G 1 1 1 
1 H 0 H 0 1 
1 0 0 0 0 1 
1 0 1 1 0 1 
1 F F 0 0 S 
1 1 1 1 1 1 
D12 PU41 PL34 T4

Map6
1 1 1 G 1 1 
1 H F 0 F 1 
1 0 0 0 0 1 
1 0 0 # 0 1 
1 0 0 H 0 S 
1 1 1 1 1 1 
PR44 PD42 d43 T4

Map6
1 1 1 1 1 1 
1 0 F # 0 S 
1 0 1 1 0 1 
1 0 0 0 0 1 
G F 0 1 0 1 
1 1 1 1 1 1 
d33 D44 R11 T6

Map6
1 1 1 G 1 1 
1 0 H 0 0 S 
1 0 0 0 0 1 
1 0 0 0 0 1 
1 0 0 0 H 1 
1 1 1 1 1 1 
d14 PU31 PL43 T7

Map6
1 1 1 1 1 1 
1 0 1 0 0 1 
G 0 H 0 # 1 
1 0 0 1 0 1 
1 F 0 0 0 1 
1 1 1 S 1 1 
PU13 PR24 u34 T4

Map6
1 1 S 1 1 1 
1 0 0 0 0 1 
1 H 0 1 0 1 
1 # 0 0 0 1 
G 0 H 1 0 1 
1 1 1 1 1 1 
D22 r42 l33 T7

Map6
1 1 1 1 1 1 
1 0 0 H 0 S 
1 0 F 0 0 1 
G 0 0 1 0 1 
1 0 H 0 0 1 
1 1 1 1 1 1 
PR41 PR34 R14 T5

Map6
1 1 1 1 1 1 
1 H 0 0 0 S 
G 0 0 H 0 1 
1 0 # 0 0 1 
1 0 1 0 # 1 
1 1 1 1 1 1 
PD21 PD33 d34 T7

Map6
1 1 1 1 1 1 
1 0 0 0 0 1 
G 0 H 0 F S 
1 # 0 0 0 1 
1 0 0 H 0 1 
1 1 1 1 1 1 
PR32 PD23 L11 T4

Map6
1 1 1 1 1 1 
1 0 # 1 1 1 
G 0 H 0 0 1 
1 H # 0 0 S 
1 1 0 0 0 1 
1 1 1 1 1 1 
PU44 PL12 D33 T2

Map6
1 1 1 1 1 1 
1 0 0 F 0 1 
1 0 0 0 0 1 
1 0 0 0 0 G 
S 0 0 0 F 1 
1 1 1 1 1 1 
p14 U24 u22 T8

Map6
1 G 1 1 1 1 
1 0 0 0 0 1 
1 0 0 0 0 1 
1 1 F 0 0 1 
1 # 0 H 0 1 
1 S 1 1 1 1 
u44 PD41 PL24 T5

Map6
1 1 1 1 1 1 
1 F 0 1 H 1 
1 H 0 0 0 S 
1 0 1 0 0 1 
1 0 1 0 0 1 
1 G 1 1 1 1 
PD13 PL44 L22 T3

Map6
1 1 1 1 1 1 
1 # H 0 1 1 
G 0 0 0 F 1 
1 H 0 F 0 1 
1 0 # 0 0 1 
1 1 S 1 1 1 
p44 P31 D23 T6

Map6
1 1 1 G 1 1 
1 0 0 0 0 1 
1 H 0 1 H 1 
1 0 1 0 0 1 
1 0 0 # # S 
1 1 1 1 1 1 
PR11 PR14 R41 T2

Map6
1 1 1 1 1 1 
1 0 1 0 0 1 
S 0 F 0 0 1 
1 0 0 0 H 1 
1 0 0 F H 1 
1 G 1 1 1 1 
PR31 PR13 P33 T6

Map6
1 1 1 1 1 1 
1 H 0 0 # 1 
1 # 0 0 F G 
1 0 0 F 0 1 
1 0 0 0 0 1 
1 1 1 1 S 1 
D43 p34 l23 T6

Map6
1 G 1 1 1 1 
1 0 0 0 H 1 
1 1 0 0 0 1 
1 F # F 0 1 
1 # H 0 0 1 
1 1 1 1 S 1 
L42 PD31 PD43 T4

Map6
1 1 1 1 1 1 
1 0 # 0 0 S 
1 1 0 0 # 1 
1 0 1 H 0 1 
1 0 1 0 0 1 
1 G 1 1 1 1 
D11 PL32 PD13 T3

Map6
1 1 1 1 1 1 
1 0 0 # 0 1 
1 1 0 1 0 1 
1 0 F 1 0 1 
S 0 0 # F 1 
1 1 1 1 G 1 
PD41 PD13 P24 T2

Map6
1 1 G 1 1 1 
1 0 0 0 H 1 
1 0 0 0 0 1 
1 H 0 # 0 1 
1 0 0 1 0 1 
1 1 1 1 S 1 
L12 D23 L42 T4

Map6
1 1 1 1 1 1 
1 0 1 0 0 1 
1 0 0 0 0 1 
1 H # H 0 S 
1 # 0 F 0 1 
1 1 G 1 1 1 
D12 p41 U44 T4

Map6
1 1 1 1 1 1 
1 F 0 0 0 1 
1 0 H 0 0 S 
1 0 # 0 0 1 
1 F 0 0 H 1 
1 1 G 1 1 1 
PU43 PD24 L32 T2

Map6
1 1 1 1 1 1 
1 # H 0 # S 
1 0 0 0 0 1 
1 0 0 0 0 1 
1 0 0 H 0 1 
1 1 G 1 1 1 
r42 D31 D22 T4

Map6
1 1 1 1 S 1 
1 F 0 0 0 1 
1 0 0 0 1 1 
1 0 0 0 0 G 
1 F 0 # 1 1 
1 1 1 1 1 1 
d31 PR21 PL32 T7

Map6
1 1 1 1 S 1 
1 F F 0 # 1 
1 0 0 0 0 1 
1 0 0 0 H 1 
1 0 0 0 0 1 
1 1 G 1 1 1 
PR31 PL42 d32 T4

Map6
1 1 1 1 1 1 
1 F 1 H 0 1 
1 0 0 0 F 1 
1 0 0 1 0 G 
1 0 1 0 0 1 
1 1 1 S 1 1 
PL44 PU43 D41 T3

Map6
1 1 G 1 1 1 
S 0 0 H 0 1 
1 0 0 # 0 1 
1 0 0 0 # 1 
1 0 0 0 0 1 
1 1 1 1 1 1 
d14 PD12 PL11 T4

Map6
1 1 1 G 1 1 
1 H # 0 0 1 
1 F 0 1 0 1 
1 0 0 F 1 1 
1 # 0 0 0 1 
1 S 1 1 1 1 
PR41 PL13 P34 T5

Map6
1 1 1 G 1 1 
S # 0 0 H 1 
1 0 0 0 0 1 
1 0 0 1 H 1 
1 0 # 0 1 1 
1 1 1 1 1 1 
D42 r12 L21 T6

Map6
1 1 1 1 1 1 
1 F 0 0 1 1 
1 1 H 0 0 1 
1 0 0 F 1 1 
G 0 H 0 # 1 
1 1 1 S 1 1 
L31 PL42 PL14 T2

Map6
1 1 1 1 1 1 
S # 0 0 F 1 
1 0 1 0 H 1 
1 0 0 0 0 1 
1 0 H 0 # 1 
1 1 1 G 1 1 
P21 u12 D32 T4

Map6
1 1 G 1 1 1 
1 1 # 0 0 1 
1 F 0 0 H 1 
1 0 0 0 # 1 
1 0 0 H 0 1 
1 S 1 1 1 1 
PR13 PL24 R33 T3

Map6
1 1 G 1 S 1 
1 0 0 0 0 1 
1 F 0 F H 1 
1 0 0 # 0 1 
1 0 H 0 0 1 
1 1 1 1 1 1 
PD31 PU41 R34 T5

Map6
1 1 1 G 1 1 
1 0 F F 0 1 
1 0 0 0 0 1 
1 0 0 0 0 1 
S 0 0 0 H 1 
1 1 1 1 1 1 
PR11 PU42 D24 T4

Map6
1 1 1 1 1 1 
1 0 0 F H 1 
G 0 0 # 0 1 
1 0 0 0 0 1 
1 0 H 0 0 1 
1 1 1 S 1 1 
D44 P11 R22 T5

Map6
1 1 1 1 1 1 
1 1 F 0 0 S 
1 H 1 0 0 1 
G 0 0 0 0 1 
1 0 F 0 H 1 
1 1 1 1 1 1 
D43 PU31 PU34 T5

Map6
1 S 1 1 1 1 
1 0 0 0 0 1 
1 0 0 0 0 1 
G 0 0 H 0 1 
1 H 0 0 0 1 
1 1 1 1 1 1 
PD31 PR12 r22 T5

Map6
1 1 1 1 1 1 
1 F 0 # F 1 
G 0 # 0 1 1 
1 0 H 0 H 1 
1 0 0 0 0 1 
1 1 1 S 1 1 
PD21 PR14 L32 T3

Map6
1 1 1 1 1 1 
1 # 0 0 F 1 
1 0 0 1 0 S 
G 0 H 1 # 1 
1 0 H 1 0 1 
1 1 1 1 1 1 
PU44 PD12 D14 T3

Map6
1 1 G 1 1 1 
1 0 0 0 0 1 
1 H 0 0 0 1 
1 0 1 # 1 1 
S 0 0 0 # 1 
1 1 1 1 1 1 
PD13 PL31 L11 T4

Map6
1 1 1 1 S 1 
1 0 H 0 0 1 
G 0 0 0 1 1 
1 0 0 0 1 1 
1 0 0 0 0 1 
1 1 1 1 1 1 
D13 PD11 PR31 T3

Map6
1 1 1 1 1 1 
1 0 H 0 0 S 
G 0 0 0 0 1 
1 0 0 0 # 1 
1 F 0 0 F 1 
1 1 1 1 1 1 
PL12 PU42 D31 T2

Map6
1 S 1 1 1 1 
1 F 0 0 1 1 
1 0 0 F H 1 
1 1 1 0 0 1 
G # 0 0 0 1 
1 1 1 1 1 1 
U33 PR21 PD43 T4

Map6
1 1 1 1 S 1 
1 H 0 0 0 1 
G 0 0 0 0 1 
1 0 0 0 H 1 
1 0 0 0 0 1 
1 1 1 1 1 1 
R42 R33 L21 T4

Map6
1 1 1 1 1 1 
S 0 0 H 0 1 
1 0 0 0 0 1 
1 0 0 H # 1 
1 F 0 0 0 1 
1 1 G 1 1 1 
L21 PR32 PR13 T4

Map6
1 1 1 1 1 1 
1 0 0 0 0 1 
1 0 0 1 0 1 
G 0 H 1 F 1 
1 0 0 0 # 1 
1 1 S 1 1 1 
d14 PR34 PD24 T7

Map6
1 1 1 1 G 1 
1 0 0 1 0 1 
1 H 0 0 H 1 
1 0 0 0 1 1 
1 # 0 F 0 1 
1 S 1 1 1 1 
D13 PL24 PU41 T2

Map6
1 1 1 1 1 1 
1 H 0 0 0 1 
S 0 1 0 F 1 
1 0 0 0 0 1 
1 F 0 0 0 1 
1 1 G 1 1 1 
PU13 PU34 L43 T3

Map6
1 S 1 1 1 1 
1 0 0 0 # 1 
1 0 0 0 0 1 
1 0 1 0 0 G 
1 0 0 # H 1 
1 1 1 1 1 1 
PU42 PL13 l32 T5

Map6
1 1 1 1 1 1 
G 0 1 0 H 1 
1 0 0 0 0 1 
1 1 H 0 0 S 
1 0 0 0 0 1 
1 1 1 1 1 1 
L33 PU44 PL11 T2

Map6
1 1 G 1 1 1 
1 # F 0 0 1 
S 0 F 0 0 1 
1 0 0 # 0 1 
1 H 0 0 0 1 
1 1 1 1 1 1 
PD32 PL12 L13 T4

Map6
1 1 1 1 S 1 
1 0 0 0 0 1 
1 1 0 0 0 1 
1 H 1 0 H 1 
1 0 0 0 # 1 
1 1 G 1 1 1 
L21 PR42 PR14 T5

Map6
1 1 1 1 1 1 
1 0 0 0 0 1 
G 0 F 0 H 1 
1 # 0 0 0 1 
1 0 H 0 0 1 
1 1 1 1 S 1 
PL43 PR34 r11 T6

Map6
1 S 1 1 1 1 
1 0 0 0 0 1 
1 0 0 0 0 1 
1 H 0 0 F G 
1 0 0 0 0 1 
1 1 1 1 1 1 
u11 D24 U12 T5

Map6
1 1 1 1 1 1 
1 0 0 F # S 
1 H # 0 0 1 
1 H 0 0 0 1 
1 0 0 0 F 1 
1 1 1 G 1 1 
r21 L11 R42 T5

Map6
1 1 1 1 1 1 
1 0 0 1 1 1 
1 0 0 0 0 1 
S 0 F H 0 1 
1 # # 0 0 1 
1 1 1 G 1 1 
PL13 PR12 p44 T5

Map6
1 1 1 G 1 1 
1 0 0 0 F 1 
1 0 H 1 0 1 
1 F 0 0 0 1 
1 0 0 0 0 1 
1 1 1 1 S 1 
PL21 PU31 U43 T4

Map6
1 1 1 1 1 1 
1 0 F 0 1 1 
S 0 0 H 0 1 
1 1 F 0 0 G 
1 0 0 1 0 1 
1 1 1 1 1 1 
PR33 PD11 L22 T2

Map6
1 1 1 S 1 1 
1 0 0 # 0 1 
1 0 1 0 0 G 
1 1 0 0 0 1 
1 0 H H 0 1 
1 1 1 1 1 1 
d41 U32 U43 T4

Map6
1 1 S 1 1 1 
1 0 0 0 0 1 
1 # H 0 F G 
1 0 0 0 0 1 
1 0 H # 0 1 
1 1 1 1 1 1 
r14 L31 p23 T8

Map6
1 1 S 1 1 1 
1 0 0 0 0 1 
1 0 0 0 0 1 
1 0 H 0 F 1 
1 # 0 0 H 1 
1 1 G 1 1 1 
r34 U22 d21 T7

Map6
1 1 1 1 S 1 
1 0 0 0 0 1 
1 0 1 0 0 1 
1 0 0 1 1 1 
1 0 H 0 F G 
1 1 1 1 1 1 
PL42 PR34 p41 T5

Map6
1 S 1 G 1 1 
1 0 0 0 H 1 
1 H 1 0 0 1 
1 0 0 0 0 1 
1 0 0 0 0 1 
1 1 1 1 1 1 
PU11 PD42 D24 T3

Map6
1 1 1 1 S 1 
1 0 0 0 0 1 
1 H 0 H 0 1 
1 0 # 0 0 G 
1 # 0 0 F 1 
1 1 1 1 1 1 
PD11 PL42 P24 T4

Map6
1 1 1 1 1 1 
1 0 0 F 0 S 
1 0 0 0 0 1 
1 # 0 # 0 1 
1 F H 0 0 1 
1 1 1 G 1 1 
D11 D23 u22 T5

Map6
1 1 1 1 1 1 
1 F 0 0 0 S 
1 0 0 0 1 1 
G F 0 1 0 1 
1 0 0 1 H 1 
1 1 1 1 1 1 
r24 PR21 PR14 T4

Map6
1 1 1 1 1 1 
1 H F 0 0 1 
1 1 0 0 0 G 
S 0 0 0 H 1 
1 0 F 1 1 1 
1 1 1 1 1 1 
PU14 PR22 R23 T2

Map6
1 1 1 1 1 1 
1 1 0 0 0 S 
1 0 H 0 0 1 
1 0 0 0 F 1 
1 0 F 0 0 1 
1 1 G 1 1 1 
PU21 PL13 l32 T5

Map6
1 1 1 1 1 1 
S 0 0 F 0 1 
1 0 0 0 0 G 
1 0 0 0 H 1 
1 # 0 0 0 1 
1 1 1 1 1 1 
l11 r23 D21 T8

Map6
1 1 1 G 1 1 
1 0 H 0 F 1 
1 0 0 F 0 1 
1 0 0 0 0 1 
1 0 H 0 0 S 
1 1 1 1 1 1 
L34 r43 U42 T5

Map6
1 S 1 1 1 1 
1 0 0 0 0 1 
1 0 # # F 1 
1 H 0 0 0 G 
1 0 H 0 0 1 
1 1 1 1 1 1 
l34 P12 u21 T7

Map6
1 S 1 1 1 1 
1 0 0 0 0 1 
1 0 0 H 0 1 
G 0 0 0 0 1 
1 H 0 # # 1 
1 1 1 1 1 1 
P31 PD12 PL24 T4

Map6
1 1 1 1 1 1 
S 0 0 H 0 1 
1 0 0 0 0 1 
1 0 0 0 H 1 
1 1 0 0 0 1 
1 1 1 G 1 1 
u22 PL11 PU13 T4

Map6
1 1 1 G 1 1 
1 0 H 0 F 1 
1 0 0 0 0 1 
S 0 0 H 0 1 
1 0 0 1 0 1 
1 1 1 1 1 1 
L11 l22 P23 T5

Map6
1 1 1 S 1 1 
1 0 H 0 0 1 
1 0 0 0 1 1 
1 0 # F # 1 
1 0 0 1 F 1 
1 G 1 1 1 1 
D32 PL41 PR12 T5

Map6
1 1 1 1 1 1 
1 0 0 0 0 1 
1 H 0 0 H 1 
G 0 0 0 # 1 
1 0 0 0 0 1 
1 S 1 1 1 1 
PL13 PU34 u21 T6

Map6
1 1 1 1 1 1 
1 0 0 0 0 1 
1 0 H 0 0 1 
1 0 0 0 0 G 
1 0 0 0 H 1 
1 1 S 1 1 1 
r41 PL23 PL34 T8

Map6
1 1 1 1 1 1 
1 H 0 0 0 1 
G 0 0 0 0 1 
1 0 # 0 0 1 
S 0 1 1 0 1 
1 1 1 1 1 1 
u14 PD21 PD13 T4

Map6
1 1 1 1 1 1 
1 0 0 0 0 1 
1 H H 0 0 1 
1 0 0 0 F G 
1 0 0 0 0 1 
1 1 S 1 1 1 
PU32 PR44 U23 T4

Map6
1 1 1 S 1 1 
1 0 1 0 0 1 
1 0 0 0 0 1 
1 H 0 H 0 1 
G # 0 0 1 1 
1 1 1 1 1 1 
r31 PL41 PL32 T5

Map6
1 1 1 1 1 1 
1 0 0 0 1 1 
1 1 0 0 0 1 
S # 0 H 0 G 
1 0 1 0 0 1 
1 1 1 1 1 1 
PL23 PU44 l42 T4

Map6
1 1 G 1 1 1 
1 H F 0 0 1 
1 0 0 0 F 1 
1 0 H 0 0 1 
S 0 0 0 0 1 
1 1 1 1 1 1 
R32 PR12 PD43 T3

Map6
1 1 1 1 S 1 
1 H 0 # F 1 
G 0 0 1 0 1 
1 0 0 0 # 1 
1 H 0 0 0 1 
1 1 1 1 1 1 
d23 P13 u42 T6

Map6
1 1 1 1 1 1 
1 # F 0 0 S 
1 # 0 0 0 1 
1 H 0 0 0 1 
1 0 1 0 F 1 
1 1 1 G 1 1 
L31 U22 R43 T4

Map6
1 1 G 1 1 1 
1 1 F 0 0 1 
1 0 0 0 0 1 
1 # 0 0 0 1 
1 F # 0 0 S 
1 1 1 1 1 1 
p32 PD34 PL41 T5

Map6
1 1 1 S 1 1 
1 F 0 0 0 1 
1 0 1 0 0 1 
G 0 H 0 F 1 
1 1 0 H 0 1 
1 1 1 1 1 1 
PD12 PR21 P32 T3

Map6
1 1 1 1 S 1 
1 0 H 0 0 1 
1 F 1 0 0 1 
1 0 0 0 1 1 
1 0 0 H F 1 
1 1 G 1 1 1 
PR32 PL33 L13 T3

Map6
1 1 1 1 1 1 
1 0 0 0 0 1 
1 0 0 # 0 1 
1 0 1 0 F G 
1 0 F 0 0 1 
1 1 1 1 S 1 
PD31 PD44 D34 T2

Map6
1 1 1 S 1 1 
1 1 0 0 0 1 
G F 0 H 0 1 
1 H 0 0 F 1 
1 0 0 0 0 1 
1 1 1 1 1 1 
u21 PR14 PU31 T6

Map6
1 1 1 1 1 1 
1 # F 0 0 S 
1 1 1 # 0 1 
1 0 0 0 0 1 
1 F 0 1 0 1 
1 1 G 1 1 1 
L31 l42 U13 T5

Map6
1 1 1 1 1 1 
1 0 1 0 H 1 
S 0 1 0 0 G 
1 0 0 0 0 1 
1 0 0 H 0 1 
1 1 1 1 1 1 
r12 U31 p23 T7

Map6
1 1 1 1 1 1 
S 0 0 0 1 1 
1 0 1 H 0 1 
1 0 0 1 0 G 
1 0 0 0 H 1 
1 1 1 1 1 1 
D34 PR43 PD23 T5

Map6
1 1 S 1 1 1 
1 0 0 0 0 1 
1 0 H 0 1 1 
G F 0 # 0 1 
1 H 0 F # 1 
1 1 1 1 1 1 
R11 P41 R24 T4

Map6
1 1 1 1 S 1 
1 # 1 1 0 1 
1 0 # 0 0 1 
1 0 0 0 0 G 
1 F 0 H H 1 
1 1 1 1 1 1 
PD12 PR43 P24 T5

Map6
1 1 1 1 1 1 
1 0 0 0 H 1 
1 H F 0 0 1 
1 0 0 0 0 1 
1 F 0 0 0 S 
1 1 G 1 1 1 
PL42 PL34 d33 T5

Map6
1 1 1 1 1 1 
1 H 0 0 # 1 
G 0 0 0 H 1 
1 0 0 0 0 1 
1 0 F 0 0 S 
1 1 1 1 1 1 
R14 p33 r44 T4

Map6
1 1 1 S 1 1 
1 0 1 0 0 1 
1 H 0 0 0 1 
G 0 0 H 0 1 
1 # 0 0 0 1 
1 1 1 1 1 1 
PR32 PL13 r41 T5

Map6
1 1 G 1 1 1 
1 H 0 0 0 1 
1 0 1 0 0 1 
S 0 0 0 H 1 
1 1 0 0 # 1 
1 1 1 1 1 1 
PU21 PU24 U33 T2

Map6
1 S 1 G 1 1 
1 0 0 0 # 1 
1 0 0 0 1 1 
1 H 0 0 0 1 
1 0 0 0 H 1 
1 1 1 1 1 1 
PL34 PU12 R14 T1

Map6
1 1 S 1 1 1 
1 F 0 # 0 1 
G 0 0 0 H 1 
1 0 H 0 0 1 
1 0 0 0 0 1 
1 1 1 1 1 1 
PL22 PD13 P41 T5

Map6
1 1 1 1 S 1 
1 H 0 # 0 1 
1 0 0 1 1 1 
1 # F 0 0 1 
1 0 1 0 0 G 
1 1 1 1 1 1 
PU41 PL22 D14 T5

Map6
1 1 1 G 1 1 
1 H 0 0 0 1 
S 0 1 # # 1 
1 F 0 0 0 1 
1 0 0 H 0 1 
1 1 1 1 1 1 
U41 PU14 PR21 T3

Map6
1 G 1 1 1 1 
1 0 F 0 # 1 
1 1 0 1 1 1 
S 0 0 0 0 1 
1 H 0 # F 1 
1 1 1 1 1 1 
PU11 PU24 R33 T2

Map6
1 1 1 G 1 1 
1 0 # 0 F 1 
1 0 0 0 0 1 
1 0 0 1 1 1 
S 0 # F 1 1 
1 1 1 1 1 1 
r13 D23 d22 T7

Map6
1 1 1 1 1 1 
1 0 0 0 H 1 
G 0 # H 0 1 
1 0 0 0 0 1 
1 F 0 F 0 1 
1 1 1 S 1 1 
PU24 PD33 p23 T3

Map6
1 1 G 1 1 1 
1 # 0 0 0 1 
1 0 0 0 1 1 
1 H 0 0 1 1 
1 H 0 0 0 1 
1 1 1 1 S 1 
R24 l44 p31 T6

Map6
1 1 1 1 G 1 
S 0 1 0 0 1 
1 0 1 0 0 1 
1 0 1 0 0 1 
1 0 0 0 H 1 
1 1 1 1 1 1 
PD31 PU12 l11 T5

Map6
1 1 1 1 1 1 
1 F 0 0 F G 
1 # 0 H 0 1 
1 0 0 0 0 1 
1 H 0 0 # 1 
1 1 1 S 1 1 
P33 PR24 PU22 T3

Map6
1 1 G 1 1 1 
1 F 0 0 0 S 
1 0 0 # 1 1 
1 0 0 0 1 1 
1 0 0 F 0 1 
1 1 1 1 1 1 
PU21 PL33 u12 T6

Map6
1 G 1 1 1 1 
1 0 F 0 1 1 
1 H 0 0 0 1 
1 0 0 1 1 1 
1 H F 0 0 1 
1 1 1 1 S 1 
PR22 PR34 D42 T5

Map6
1 1 1 1 1 1 
1 0 H 1 F 1 
1 0 0 0 0 1 
1 0 1 0 0 G 
1 # 0 0 H 1 
1 S 1 1 1 1 
U11 l22 L34 T5

Map6
1 1 1 1 1 1 
1 F 0 0 0 1 
G 0 0 H 0 1 
1 1 0 # # 1 
1 0 0 0 F 1 
1 1 1 S 1 1 
PD34 PR14 r23 T4

Map6
1 S 1 1 1 1 
1 0 0 0 1 1 
1 0 0 H 0 1 
1 H 0 0 0 1 
1 1 0 # 0 1 
1 1 1 G 1 1 
PL21 PD33 L12 T2

Map6
1 1 1 1 1 1 
1 0 H H 0 1 
1 0 0 1 0 G 
S F 0 1 0 1 
1 0 1 0 0 1 
1 1 1 1 1 1 
PD22 PU43 U41 T3

Map6
1 1 1 1 1 1 
1 1 0 0 0 1 
S F 0 1 0 1 
1 0 1 0 0 1 
1 # 0 0 0 1 
1 1 G 1 1 1 
PL31 PL34 l21 T5

Map6
1 1 1 1 1 1 
S F 0 0 0 1 
1 1 0 H 1 1 
1 # 0 0 0 1 
1 1 0 # F 1 
1 1 1 G 1 1 
PU31 PU43 P24 T4

Map6
1 1 1 1 1 1 
1 H 0 0 0 1 
S 0 0 F 0 1 
1 0 0 0 1 1 
1 H F 0 0 1 
1 1 1 G 1 1 
R41 PU22 PU13 T4

Map6
1 1 1 1 1 1 
G 0 H 0 0 1 
1 0 0 0 H 1 
1 1 0 0 0 1 
1 0 0 0 0 1 
1 1 1 1 S 1 
PR31 PL43 u44 T7

Map6
1 1 1 G 1 1 
1 0 H 0 0 1 
1 0 0 0 0 1 
1 0 0 0 0 1 
1 0 H 0 0 S 
1 1 1 1 1 1 
d43 P34 r12 T8

Map6
1 1 1 1 G 1 
1 0 H 0 F 1 
1 F 0 1 0 1 
1 0 0 1 H 1 
1 0 0 0 0 1 
1 1 S 1 1 1 
PU42 PR13 P22 T2

Map6
1 1 1 1 1 1 
1 0 H 0 0 1 
S 0 0 # H 1 
1 0 1 0 1 1 
1 0 0 F 1 1 
1 1 G 1 1 1 
D22 PU13 PD24 T2

Map6
1 1 1 1 1 1 
1 0 H 0 0 1 
1 0 0 0 0 G 
S 0 0 H 0 1 
1 F 0 0 0 1 
1 1 1 1 1 1 
PD11 PD23 u41 T7

Map6
1 1 1 S 1 1 
1 1 0 0 0 1 
1 0 0 H 0 1 
1 0 0 0 0 G 
1 0 0 0 0 1 
1 1 1 1 1 1 
d14 PU31 PL24 T4

Map6
1 1 1 1 S 1 
1 H 0 F 0 1 
1 0 H 0 1 1 
1 0 1 0 0 1 
1 0 0 F 0 1 
1 1 G 1 1 1 
PL44 PR21 U14 T3

Map6
1 1 1 1 1 1 
1 F 0 0 0 1 
1 F 0 H 0 G 
1 1 0 0 1 1 
1 H # # 0 1 
1 1 1 S 1 1 
PR42 PL44 R33 T2

Map6
1 1 1 G 1 1 
1 0 H 0 0 1 
1 0 F 0 0 1 
1 0 # H 0 1 
1 0 0 0 0 1 
1 1 1 S 1 1 
L44 l13 P42 T5

Map6
1 1 1 1 1 1 
1 H 0 0 H 1 
1 0 0 1 0 1 
1 0 0 1 0 1 
1 0 0 # F 1 
1 S 1 1 G 1 
PU24 PD42 R12 T3

Map6
1 1 G 1 1 1 
1 H 0 0 0 1 
1 0 F 0 H 1 
1 # # 0 0 1 
1 0 F 0 0 1 
1 1 1 1 S 1 
L12 PR33 PD43 T5

Map6
1 1 1 1 1 1 
1 1 0 0 0 1 
S 0 0 # F 1 
1 H H 1 0 1 
1 0 0 0 F 1 
1 1 G 1 1 1 
U43 PR21 PD24 T2

Map6
1 1 1 1 1 1 
1 0 # H 0 G 
1 0 0 0 0 1 
1 # F 0 1 1 
1 0 H F 0 1 
1 1 1 S 1 1 
PU42 PL32 u11 T7

Map6
1 1 1 S 1 1 
1 0 H 0 0 1 
1 0 0 0 F 1 
1 0 0 H 0 1 
1 0 0 # 1 1 
1 1 1 G 1 1 
P32 PD11 PL41 T4

Map6
1 1 1 1 1 1 
1 0 1 0 0 G 
S 0 0 H 1 1 
1 0 0 0 0 1 
1 0 1 F 0 1 
1 1 1 1 1 1 
D22 PU13 PR31 T2

Map6
1 1 1 1 1 1 
1 0 0 0 0 1 
1 0 0 F # S 
1 1 1 H 1 1 
1 0 0 0 0 1 
1 1 G 1 1 1 
u11 PL21 PL34 T5

Map6
1 1 1 1 1 1 
1 H 0 0 1 1 
G 0 0 1 0 1 
1 0 F 0 0 S 
1 H F # 0 1 
1 1 1 1 1 1 
P33 PD42 PL12 T2

Map6
1 1 G 1 1 1 
1 0 F 0 H 1 
1 0 0 0 0 1 
1 0 H 0 0 S 
1 0 F 0 0 1 
1 1 1 1 1 1 
d12 d33 U34 T6

Map6
1 1 1 S 1 1 
1 H 0 0 F 1 
1 0 0 0 0 1 
1 0 F H 0 G 
1 0 0 0 # 1 
1 1 1 1 1 1 
PL32 PR21 P42 T6

Map6
1 G 1 1 1 1 
1 0 F H 0 1 
S F 0 0 0 1 
1 0 0 # 1 1 
1 1 H 0 0 1 
1 1 1 1 1 1 
PU11 PU34 p22 T3

Map6
1 1 1 1 1 1 
1 # H 1 0 1 
1 F 0 1 0 S 
1 # 0 H 1 1 
1 0 0 0 0 1 
1 1 1 G 1 1 
d42 PL44 PD41 T4

Map6
1 S 1 1 1 1 
1 F 0 0 0 1 
1 0 0 0 0 1 
G F 0 # # 1 
1 0 0 0 0 1 
1 1 1 1 1 1 
D24 PU12 PD21 T2

Map6
1 1 1 1 1 1 
1 1 0 0 0 1 
G 0 0 0 H 1 
1 H 0 0 0 1 
1 0 0 0 0 1 
1 1 1 1 S 1 
PU21 PU43 d34 T5

Map6
1 S 1 1 1 1 
1 0 0 0 0 1 
1 0 # F H 1 
G 0 0 0 0 1 
1 F 0 0 0 1 
1 1 1 1 1 1 
l11 PD12 PR24 T5

Map6
1 1 1 G 1 1 
1 0 0 0 F 1 
1 0 0 0 0 1 
S 0 0 H H 1 
1 0 0 0 0 1 
1 1 1 1 1 1 
PD11 PL13 d22 T4

Map6
1 1 1 1 1 1 
S 0 # 0 0 1 
1 0 0 0 0 G 
1 # F 0 H 1 
1 H F 0 0 1 
1 1 1 1 1 1 
l11 p41 p34 T9

Map6
1 1 1 1 1 1 
1 0 0 0 F 1 
G 0 H 0 0 S 
1 0 0 0 0 1 
1 0 F 0 H 1 
1 1 1 1 1 1 
P32 PU43 PL12 T2

Map6
1 1 1 G 1 1 
1 0 0 F H 1 
1 # 0 0 0 1 
1 0 0 F 0 1 
1 0 H 0 # S 
1 1 1 1 1 1 
PR42 PL34 p13 T7

Map6
1 1 1 1 S 1 
1 0 # 0 0 1 
1 0 0 0 0 1 
1 F 0 F 0 G 
1 0 # H H 1 
1 1 1 1 1 1 
p31 R42 l22 T6

Map6
1 1 1 1 G 1 
S F 0 1 0 1 
1 0 0 0 0 1 
1 0 # 0 1 1 
1 1 F 0 # 1 
1 1 1 1 1 1 
L33 l21 U13 T5

Map6
1 1 1 1 1 1 
1 F 0 0 0 1 
1 0 H H 0 1 
1 0 0 0 F G 
S 0 0 # 0 1 
1 1 1 1 1 1 
p14 D12 D24 T3

Map6
1 1 1 1 1 1 
1 0 0 1 0 1 
G 0 0 H 0 1 
1 F 1 0 0 1 
1 0 0 1 0 1 
1 1 1 1 S 1 
PU14 PR33 r44 T6

Map6
1 1 1 1 1 1 
1 0 1 0 0 1 
1 0 0 F # 1 
1 0 1 0 0 1 
1 0 0 # H 1 
1 S 1 G 1 1 
PR31 PL43 d13 T6

Map6
1 S 1 1 1 1 
1 0 0 0 F 1 
G 0 0 0 0 1 
1 H 0 0 0 1 
1 0 H F 0 1 
1 1 1 1 1 1 
PD21 PU11 D23 T2

Map6
1 1 1 G 1 1 
S 0 0 F F 1 
1 0 0 0 # 1 
1 0 0 0 0 1 
1 H H 0 0 1 
1 1 1 1 1 1 
PU21 PR13 d22 T5

Map6
1 1 1 1 1 1 
1 0 0 0 1 1 
1 F 0 0 0 1 
1 0 0 0 0 1 
1 H 0 0 0 S 
1 1 G 1 1 1 
r33 R42 R34 T5

Map6
1 1 G 1 1 1 
1 F 0 0 H 1 
1 0 0 0 0 1 
1 0 0 0 0 1 
1 0 H 0 0 S 
1 1 1 1 1 1 
PL42 PD13 P34 T4

Map6
1 1 1 1 1 1 
1 0 H 0 F 1 
G 0 0 0 0 1 
1 1 0 F 0 1 
1 0 0 0 0 1 
1 1 1 1 S 1 
PR23 PD11 R42 T3

Map6
1 1 1 1 1 1 
1 F 0 H 0 G 
1 0 0 0 0 1 
1 0 0 0 F 1 
1 # # 0 1 1 
1 S 1 1 1 1 
r23 PU33 PL12 T7

Map6
1 S 1 1 1 1 
1 0 0 0 H 1 
1 0 0 0 0 1 
1 H 0 F 0 1 
1 # 0 1 0 1 
1 1 1 1 G 1 
L12 PU23 PL21 T4

Map6
1 1 S 1 1 1 
1 H 0 0 0 1 
1 0 F 0 1 1 
1 0 0 1 # 1 
G # F 0 H 1 
1 1 1 1 1 1 
R12 PD31 PL34 T2

Map6
1 1 1 S 1 1 
1 0 1 0 0 1 
1 0 0 0 1 1 
1 1 0 0 0 1 
1 0 0 H 0 1 
1 1 G 1 1 1 
p31 U33 u32 T4

Map6
1 1 S 1 1 1 
1 0 F 0 0 G 
1 0 # 0 1 1 
1 0 H # 1 1 
1 0 1 0 0 1 
1 1 1 1 1 1 
L31 PR41 PU12 T2

Map6
1 1 1 G 1 1 
1 # 0 0 0 1 
1 0 0 0 0 1 
1 0 0 1 H 1 
1 0 H 0 0 1 
1 1 1 S 1 1 
P23 PD21 PD34 T5

Map6
1 1 G 1 1 1 
1 0 0 0 # 1 
1 1 0 0 H 1 
S 0 1 0 0 1 
1 0 0 1 # 1 
1 1 1 1 1 1 
PD31 PU14 p13 T5

Map6
1 G 1 1 1 1 
1 0 F 0 0 1 
S F 0 0 H 1 
1 0 0 0 0 1 
1 0 0 0 0 1 
1 1 1 1 1 1 
l23 PL22 PR13 T5

Map6
1 1 G 1 1 1 
1 1 0 1 H 1 
1 0 0 0 F 1 
1 H 1 # 0 1 
1 0 0 0 # 1 
1 1 1 1 S 1 
PR43 PL12 L24 T5

Map6
1 1 1 1 1 1 
1 0 0 0 0 1 
1 1 0 0 0 1 
1 0 0 F H 1 
1 0 0 F 0 1 
1 1 G 1 S 1 
PD44 PU32 U11 T3

Map6
1 1 1 1 1 1 
1 F 0 0 0 S 
G 0 0 F 0 1 
1 0 0 0 0 1 
1 0 0 1 0 1 
1 1 1 1 1 1 
u21 D31 u42 T10

Map6
1 G 1 1 1 1 
1 0 0 0 1 1 
1 H 1 1 0 1 
1 H 0 0 0 S 
1 0 0 0 0 1 
1 1 1 1 1 1 
U23 PU11 PL44 T3

Map6
1 1 1 1 1 1 
1 0 0 0 F 1 
G F 0 1 0 1 
1 0 0 0 0 1 
1 1 1 0 0 1 
1 1 1 1 S 1 
l22 D13 U42 T5

Map6
1 G 1 1 1 1 
1 0 0 1 F 1 
1 0 H 0 0 1 
1 0 0 F 0 1 
1 1 0 0 0 1 
1 1 S 1 1 1 
PD24 PR32 R44 T4

Map6
1 1 1 G 1 1 
1 0 1 0 F 1 
1 0 0 0 0 1 
1 H 0 0 0 1 
1 0 F 0 0 S 
1 1 1 1 1 1 
PU42 PU23 P34 T4

Map6
1 1 1 1 1 1 
1 0 0 # 0 1 
1 0 H F 0 1 
1 1 0 0 # 1 
1 0 H 0 0 S 
1 G 1 1 1 1 
PD14 PU34 d41 T5

Map6
1 1 1 G 1 1 
1 # H 0 1 1 
1 0 0 1 0 1 
1 F 0 0 1 1 
S 0 0 0 0 1 
1 1 1 1 1 1 
PR23 PU31 p24 T4

Map6
1 1 1 1 1 1 
S 0 0 H 0 1 
1 # 0 1 0 1 
1 0 H 0 0 1 
1 0 1 0 0 1 
1 1 1 G 1 1 
L21 PU13 PR33 T5

Map6
1 1 1 G 1 1 
1 0 F 0 0 1 
1 0 0 H 0 1 
1 0 0 0 0 1 
1 F 0 0 0 1 
1 1 S 1 1 1 
R22 p41 r44 T9

Map6
1 1 S 1 1 1 
1 0 0 1 # 1 
1 0 1 0 H 1 
1 0 0 0 # G 
1 F 0 0 0 1 
1 1 1 1 1 1 
PD32 PR11 R23 T2

Map6
1 S 1 1 1 1 
G 0 # 0 0 1 
1 F 0 # 0 1 
1 0 1 0 0 1 
1 0 0 H 0 1 
1 1 1 1 1 1 
PL24 PD42 l14 T6

Map6
1 1 1 1 1 1 
1 0 F 0 0 1 
1 0 0 0 0 G 
1 H 0 0 H 1 
1 F 0 # 0 1 
1 1 S 1 1 1 
D23 l33 u24 T6

Map6
1 1 1 1 1 1 
1 # 0 H 0 1 
G 0 0 F 0 1 
1 0 F 0 0 1 
1 0 H 0 0 1 
1 S 1 1 1 1 
PD13 PR33 P41 T3

Map6
1 1 1 1 G 1 
1 0 H 0 0 1 
1 0 0 0 F 1 
1 0 0 0 F 1 
1 0 0 H 0 1 
1 1 S 1 1 1 
d13 PU41 PL22 T5

Map6
1 1 G 1 1 1 
1 0 0 0 F 1 
1 0 H 0 # S 
1 H 0 0 0 1 
1 0 0 0 0 1 
1 1 1 1 1 1 
D31 PR11 PR32 T2

Map6
1 1 1 1 1 1 
1 0 0 0 # 1 
1 H F 0 H 1 
1 0 0 # 0 1 
S 0 0 0 F 1 
1 1 1 1 G 1 
l21 U34 u32 T7

Map6
1 1 1 1 1 1 
S # 0 0 H 1 
1 0 0 0 0 1 
1 0 F 0 0 1 
1 F 0 0 H 1 
1 1 1 G 1 1 
p22 L13 U21 T5

Map6
1 1 1 G 1 1 
S 0 H 0 0 1 
1 # 1 0 0 1 
1 1 # 1 0 1 
1 0 0 0 0 1 
1 1 1 1 1 1 
r43 PR14 PL11 T5

Map6
1 S 1 G 1 1 
1 0 0 F 0 1 
1 0 0 0 0 1 
1 F 0 0 H 1 
1 0 H 0 1 1 
1 1 1 1 1 1 
U14 d22 l11 T4

Map6
1 1 1 1 1 1 
1 0 0 0 1 1 
1 H 0 0 0 1 
1 F 0 0 0 1 
1 0 F 0 # 1 
1 1 G 1 S 1 
PR11 PR32 R31 T3

Map6
1 1 1 1 G 1 
1 F 0 0 0 1 
1 0 0 # 0 1 
1 0 0 0 H 1 
1 0 # H 0 1 
1 S 1 1 1 1 
L12 L33 d13 T5

Map6
1 1 1 1 1 1 
S # 0 0 0 1 
1 0 0 0 0 1 
1 0 0 0 H 1 
1 0 0 H 0 1 
1 1 1 1 G 1 
PD41 PD44 L33 T4

Map6
1 1 1 1 1 1 
1 0 1 H 0 1 
1 0 F 0 0 1 
1 0 0 0 0 1 
S F 0 0 H 1 
1 1 1 G 1 1 
l23 PL24 PR13 T3

Map6
1 G 1 1 1 1 
S 0 F 0 H 1 
1 0 0 0 1 1 
1 0 0 0 0 1 
1 1 1 0 H 1 
1 1 1 1 1 1 
PR22 PL31 r32 T5

Map6
1 1 1 G 1 1 
1 0 0 0 1 1 
1 0 0 1 F 1 
1 1 0 0 0 1 
1 0 F 0 0 1 
1 1 1 1 S 1 
P43 PR14 PU31 T2

Map6
1 1 1 1 1 1 
1 # 0 0 0 1 
1 H 0 0 0 1 
1 0 0 0 0 1 
S 0 0 0 H 1 
1 1 1 G 1 1 
r14 PL34 PU33 T3

Map6
1 S 1 1 1 1 
1 # F 0 1 1 
1 1 0 0 0 G 
1 # 0 F 1 1 
1 0 0 0 0 1 
1 1 1 1 1 1 
PD22 PR42 l14 T7

Map6
1 1 1 1 1 1 
1 F 0 0 0 1 
1 0 0 0 0 1 
1 1 0 0 0 G 
S 0 0 F H 1 
1 1 1 1 1 1 
PL32 PL24 D21 T2

Map6
1 1 1 1 1 1 
1 0 0 H 0 1 
1 0 0 0 0 1 
1 0 0 0 0 1 
S 0 0 H 0 1 
1 1 G 1 1 1 
PD24 PR12 r43 T6

Map6
1 1 1 1 S 1 
1 0 0 0 0 1 
1 0 H 0 0 1 
1 1 0 0 H 1 
1 F 0 0 0 1 
1 1 G 1 1 1 
PL21 PL42 r32 T6

Map6
1 S 1 1 1 1 
1 0 # 0 0 1 
1 0 # 0 0 1 
1 H 0 0 0 1 
1 0 0 H 0 1 
1 G 1 1 1 1 
R12 u41 p32 T8

Map6
1 1 1 1 1 1 
1 0 1 0 # 1 
1 F 0 # 0 1 
G 0 1 1 0 1 
1 0 0 F 0 1 
1 1 1 S 1 1 
D11 p14 L44 T3

Map6
1 1 1 1 1 1 
1 0 0 F 0 1 
1 1 0 0 0 1 
1 0 H 0 0 S 
1 0 0 0 F 1 
1 1 G 1 1 1 
PR43 PU22 r34 T8

Map6
1 1 1 1 1 1 
1 0 0 0 # 1 
1 H H # 1 1 
G 0 0 0 1 1 
1 F 0 0 0 1 
1 1 S 1 1 1 
PR11 PL23 R44 T4

Map6
1 1 G 1 1 1 
1 0 0 0 0 1 
1 1 1 0 0 1 
1 0 0 1 # 1 
1 0 0 0 H 1 
1 1 S 1 1 1 
L11 PR13 PL31 T3

Map6
1 G 1 1 1 1 
1 0 H F 0 1 
1 0 # 0 1 1 
1 H 0 0 0 S 
1 0 1 F 0 1 
1 1 1 1 1 1 
PU11 PD32 D23 T2

Map6
1 1 1 1 1 1 
1 F 0 F 0 1 
1 0 1 0 0 1 
G # H 0 # S 
1 0 1 0 0 1 
1 1 1 1 1 1 
PD33 PU14 L12 T5

Map6
1 1 1 1 1 1 
1 0 1 0 # 1 
1 H 0 # 1 1 
1 0 0 0 0 1 
S 0 0 H 0 1 
1 1 1 1 G 1 
PD13 PU24 L22 T4

Map6
1 1 1 1 1 1 
1 0 F 0 0 1 
S F 0 H H 1 
1 0 # 0 0 G 
1 0 0 0 0 1 
1 1 1 1 1 1 
PD13 PL22 p14 T5

Map6
1 1 S 1 1 1 
1 0 0 0 0 1 
1 0 H 0 1 1 
1 0 # # F 1 
1 F 0 1 0 1 
1 1 G 1 1 1 
PD41 PR13 R11 T4

Map6
1 1 1 1 1 1 
1 0 0 0 0 1 
1 1 0 0 H 1 
1 0 0 1 0 1 
1 F 0 1 0 G 
1 1 S 1 1 1 
U41 PR44 PU32 T3

Map6
1 1 1 1 1 1 
1 0 0 H 0 S 
1 0 0 0 F 1 
1 F 0 0 0 G 
1 H 0 1 0 1 
1 1 1 1 1 1 
PL32 PR41 P24 T4

Map6
1 1 1 G 1 1 
1 H 0 0 0 1 
1 0 0 F 0 1 
1 H 1 0 0 1 
1 1 0 0 F 1 
1 1 S 1 1 1 
PR21 PL34 u24 T4

Map6
1 1 1 1 1 1 
1 0 0 H 0 1 
1 0 0 0 0 1 
1 0 0 0 0 1 
S 0 0 F F 1 
1 1 1 G 1 1 
PD42 PR24 l13 T5

Map6
1 1 1 G 1 1 
S 0 0 # H 1 
1 0 0 F 0 1 
1 0 0 0 0 1 
1 0 0 # H 1 
1 1 1 1 1 1 
PU21 PU43 R14 T4

Map6
1 1 1 1 1 1 
1 0 0 0 0 1 
G F 0 0 0 1 
1 0 0 0 0 S 
1 0 1 0 0 1 
1 1 1 1 1 1 
D21 D23 D33 T6

Map6
1 1 1 1 1 1 
1 0 0 1 0 S 
1 # 0 0 0 1 
G 0 F 0 F 1 
1 0 # 1 0 1 
1 1 1 1 1 1 
U44 u41 d14 T7

Map6
1 1 1 1 1 1 
1 0 1 F 0 1 
1 0 0 0 0 1 
S 0 0 H 0 G 
1 0 H F 0 1 
1 1 1 1 1 1 
U14 p11 R44 T5

Map6
1 S 1 1 1 1 
1 0 0 F 0 1 
1 1 H 0 0 1 
1 1 0 0 0 G 
1 0 0 0 H 1 
1 1 1 1 1 1 
PL21 PD32 p11 T4

Map6
1 1 G 1 1 1 
1 F 0 0 0 1 
1 0 0 0 0 1 
1 0 H 0 0 S 
1 0 H 0 0 1 
1 1 1 1 1 1 
P41 L33 u32 T5

Map6
1 1 1 1 1 1 
1 0 0 0 H 1 
1 0 0 0 0 1 
1 0 0 0 H 1 
1 0 0 F 0 S 
1 1 1 G 1 1 
PU13 PR44 R42 T4

Map6
1 1 1 1 1 1 
1 H 0 # 0 1 
G 0 0 0 H 1 
1 0 0 0 0 1 
1 1 F 0 # 1 
1 1 1 S 1 1 
U21 PD33 PR13 T3

Map6
1 1 1 1 S 1 
1 F 0 0 0 1 
1 0 0 0 0 1 
G 0 0 0 H 1 
1 0 0 0 0 1 
1 1 1 1 1 1 
U21 r32 D42 T5

Map6
1 1 1 1 1 1 
S 0 0 H 0 1 
1 0 0 0 0 1 
1 0 0 0 0 1 
1 F F 0 0 1 
1 1 1 G 1 1 
PU21 PU13 U42 T4

Map6
1 S 1 1 1 1 
1 0 # 0 0 1 
1 0 0 0 H 1 
1 0 0 0 0 G 
1 F 0 0 0 1 
1 1 1 1 1 1 
d11 d24 U12 T7

Map6
1 1 G 1 1 1 
1 0 F 0 0 1 
1 0 0 # 0 1 
1 0 F 0 1 1 
1 0 H H 0 1 
1 1 1 1 S 1 
PL42 PD44 P12 T2

Map6
1 1 1 G 1 1 
1 0 0 0 0 1 
1 1 F 0 0 1 
1 0 0 H 0 S 
1 0 0 0 0 1 
1 1 1 1 1 1 
r41 D42 r34 T8

Map6
1 1 1 1 S 1 
1 1 # 0 0 1 
1 0 0 1 0 1 
1 0 # 0 H 1 
1 0 1 0 0 1 
1 1 1 1 G 1 
PR31 PD44 D42 T2

Map6
1 S 1 1 1 1 
1 0 0 1 F 1 
1 0 0 0 H 1 
1 1 0 0 0 1 
1 0 H 0 0 1 
1 1 1 G 1 1 
PR12 PR23 D32 T4

Map6
1 1 1 G 1 1 
1 0 F 0 0 1 
1 1 0 0 0 1 
1 0 0 1 0 1 
1 0 0 0 F 1 
1 1 1 S 1 1 
d24 PR14 PL42 T4

Map6
1 1 1 1 1 1 
1 F 0 0 0 1 
1 0 H 0 0 1 
1 0 0 0 # 1 
1 0 # H 0 1 
1 1 G 1 S 1 
D42 D13 u44 T3

Map6
1 1 1 1 1 1 
1 0 # 0 # 1 
S F 1 H 0 1 
1 0 0 0 0 1 
1 0 H 0 F 1 
1 1 1 G 1 1 
D11 p23 R14 T4

Map6
1 1 1 1 1 1 
G 0 0 # 0 1 
1 0 0 H 1 1 
1 F 1 0 0 1 
1 F 0 0 1 1 
1 1 S 1 1 1 
PD33 PR21 L41 T6

Map6
1 G 1 1 1 1 
1 0 1 1 0 1 
1 H 0 0 H 1 
1 0 0 0 0 1 
S 0 0 0 0 1 
1 1 1 1 1 1 
d24 PU11 PR22 T4

Map6
1 1 1 1 1 1 
1 0 0 0 0 1 
S 0 0 H 1 1 
1 0 H F 0 1 
1 0 1 0 0 1 
1 1 1 1 G 1 
U22 PU13 PR34 T3

Map6
1 1 1 G 1 1 
1 0 0 0 0 1 
1 0 0 H 0 S 
1 0 0 0 0 1 
1 0 1 0 F 1 
1 1 1 1 1 1 
PU43 PL22 D41 T4

Map6
1 1 1 1 1 1 
1 0 0 1 0 1 
1 # 1 F 0 1 
G 0 1 0 0 1 
1 # 0 0 0 1 
1 1 1 S 1 1 
PL13 PR33 l44 T5

Map6
1 1 1 1 1 1 
1 0 0 0 H 1 
1 H 0 0 0 1 
1 0 0 0 0 1 
S 0 0 0 F 1 
1 1 1 G 1 1 
PU43 PD34 R21 T4

Map6
1 1 1 1 1 1 
S 0 0 1 0 1 
1 H 0 0 1 1 
1 0 H 0 # 1 
1 0 0 0 1 1 
1 1 G 1 1 1 
PU22 PL34 D14 T3

Map6
1 1 1 G 1 1 
1 0 0 0 F 1 
1 0 0 1 1 1 
S 0 0 F # 1 
1 0 # 1 0 1 
1 1 1 1 1 1 
PU31 PR11 P23 T5

Map6
1 1 1 1 1 1 
1 0 0 0 0 1 
G 0 0 0 H 1 
1 0 0 0 0 1 
1 0 H 0 0 1 
1 1 1 1 S 1 
PR13 PR34 D43 T6

Map6
1 1 G 1 1 1 
S 0 0 F 0 1 
1 # 0 H 0 1 
1 F # 0 0 1 
1 0 1 1 0 1 
1 1 1 1 1 1 
r42 PR33 PU22 T4

Map6
1 1 1 1 1 1 
1 # 0 0 0 G 
1 H 0 0 H 1 
1 0 0 0 # 1 
1 1 1 0 0 1 
1 1 1 1 S 1 
PD32 PD44 L13 T5

Map6
1 1 1 G 1 1 
S 0 H # 0 1 
1 0 0 0 0 1 
1 0 1 0 1 1 
1 F 0 H F 1 
1 1 1 1 1 1 
D22 PD41 PL11 T3

Map6
1 1 1 1 1 1 
1 0 0 H 0 S 
1 0 # F H 1 
1 0 0 1 1 1 
1 1 0 # 0 1 
1 1 1 1 G 1 
PU13 PR41 D21 T5

Map6
1 1 1 S 1 1 
1 0 0 0 0 1 
1 0 # H H 1 
G 0 0 F # 1 
1 0 0 0 F 1 
1 1 1 1 1 1 
PU31 PR11 D24 T3

Map6
1 1 1 1 1 1 
1 0 0 0 H 1 
1 0 0 0 0 1 
G F 0 H 0 1 
1 0 # # 0 1 
1 1 1 1 S 1 
U22 PU14 PR43 T4

Map6
1 1 1 1 1 1 
1 0 H # 0 S 
1 F 0 0 0 1 
G 0 # H 0 1 
1 0 0 0 0 1 
1 1 1 1 1 1 
r34 U32 R22 T7

Map6
1 1 1 G 1 1 
1 F 0 0 # 1 
1 0 0 0 0 1 
1 0 F 0 0 1 
S 0 0 H 0 1 
1 1 1 1 1 1 
PU24 PD12 u21 T5

Map6
1 1 1 G 1 1 
1 0 0 0 F 1 
1 0 0 0 0 1 
1 0 0 0 0 1 
1 F 0 0 0 1 
1 1 1 1 S 1 
L42 d22 r13 T6

Map6
1 1 G 1 1 1 
1 1 0 1 0 1 
1 0 1 0 0 1 
1 0 0 0 F 1 
1 # 0 # 0 S 
1 1 1 1 1 1 
d44 PL42 PU21 T4

Map6
1 1 G 1 1 1 
1 0 F 0 0 S 
1 0 0 0 # 1 
1 0 0 0 0 1 
1 0 F 0 0 1 
1 1 1 1 1 1 
PD31 PD12 P43 T4

Map6
1 1 1 1 1 1 
1 # 0 0 0 1 
1 0 0 0 1 1 
1 # 0 F 0 S 
1 F H 0 0 1 
1 1 1 1 G 1 
PD44 PU32 p21 T5

Map6
1 S 1 1 1 1 
1 F 0 0 F 1 
1 0 0 0 0 1 
1 0 0 H H 1 
1 0 1 0 1 1 
1 1 1 G 1 1 
PD34 PR13 U32 T4

Map6
1 1 1 1 1 1 
1 0 0 F 0 1 
1 F 0 # 0 1 
G 0 0 0 # 1 
1 H 0 0 0 1 
1 1 1 S 1 1 
PU11 PU33 l22 T7

Map6
1 1 1 G 1 1 
1 0 H 0 F 1 
1 H 0 0 0 1 
1 0 0 0 0 1 
S # 0 1 0 1 
1 1 1 1 1 1 
D22 u23 p24 T5

Map6
1 1 1 1 1 1 
G 0 1 H 1 1 
1 F 0 0 F 1 
1 1 0 0 # 1 
1 0 H 0 0 1 
1 1 1 S 1 1 
P32 PL11 PU44 T3

Map6
1 1 1 1 1 1 
1 0 0 0 0 1 
1 0 H 0 0 S 
1 0 0 0 0 1 
1 # 0 # 0 1 
1 1 G 1 1 1 
PD32 PL13 P44 T4

Map6
1 1 1 1 1 1 
1 F 0 0 0 S 
1 H 0 1 0 1 
1 0 1 0 F 1 
1 1 0 0 H 1 
1 1 G 1 1 1 
R21 PU42 PD24 T2

Map6
1 1 1 1 G 1 
1 H 0 F F 1 
1 0 0 0 0 1 
1 0 0 H 0 1 
1 # # 0 0 1 
1 1 1 S 1 1 
l23 L44 u34 T6

Map6
1 1 1 1 S 1 
1 F 0 0 0 1 
G 0 0 1 0 1 
1 0 0 0 0 1 
1 0 F 1 0 1 
1 1 1 1 1 1 
r42 U21 u33 T6

Map6
1 1 1 1 1 1 
1 H 0 0 0 1 
1 0 0 # 0 1 
1 0 1 0 0 G 
1 1 0 0 H 1 
1 1 S 1 1 1 
L21 PL34 PU42 T5

Map6
1 S 1 1 1 1 
1 0 0 0 F 1 
1 1 0 F 0 1 
1 0 H 0 0 G 
1 H 1 1 0 1 
1 1 1 1 1 1 
PU11 PL42 D31 T2

Map6
1 1 1 1 1 1 
1 0 0 0 0 1 
G F 0 H 0 1 
1 0 0 0 1 1 
1 # 0 0 0 1 
1 S 1 1 1 1 
PU34 PL13 d23 T5

Map6
1 1 1 1 1 1 
1 0 0 0 0 1 
G F 0 F 1 1 
1 1 0 0 0 1 
1 0 # 0 0 1 
1 1 1 S 1 1 
r31 d23 l33 T7

Map6
1 1 1 1 1 1 
1 H 0 0 0 1 
1 0 F F 0 1 
1 0 1 0 0 G 
1 0 0 1 0 1 
1 1 S 1 1 1 
PU44 PR14 p24 T4

Map6
1 1 1 G 1 1 
1 0 H 0 0 1 
S 0 0 # F 1 
1 0 0 0 0 1 
1 0 0 F H 1 
1 1 1 1 1 1 
PR22 PR43 u12 T5

Map6
1 1 G 1 1 1 
1 # 0 0 0 1 
1 1 0 H 0 1 
1 # 0 0 0 1 
1 1 0 H 0 1 
1 1 1 1 S 1 
PD22 PR21 l41 T4

Map6
1 1 1 1 1 1 
G 0 # 0 # 1 
1 1 0 0 0 1 
1 1 0 F 1 1 
1 0 0 F 0 1 
1 S 1 1 1 1 
L42 PD31 PD14 T3

Map6
1 1 1 S 1 1 
1 0 0 0 0 1 
1 0 0 H 0 1 
1 0 0 0 0 1 
1 0 0 0 # 1 
1 1 1 G 1 1 
r43 L41 L14 T6

Map6
1 1 1 S 1 1 
1 F 0 0 0 1 
G 0 0 1 0 1 
1 0 0 0 0 1 
1 F 0 0 # 1 
1 1 1 1 1 1 
P21 r42 D13 T7

Map6
1 1 1 1 G 1 
1 H F 0 F 1 
1 0 0 0 # 1 
1 0 # 0 1 1 
S 0 0 H 0 1 
1 1 1 1 1 1 
L12 D24 d33 T7

Map6
1 1 1 1 1 1 
1 1 0 0 0 1 
1 0 0 0 0 1 
1 0 0 1 # 1 
1 0 H 0 0 S 
1 1 1 G 1 1 
PD34 PL41 d32 T6

Map6
1 1 1 1 S 1 
1 0 0 0 F 1 
1 0 0 0 0 1 
1 0 0 0 0 1 
1 0 0 F H 1 
1 1 1 G 1 1 
l12 r23 L43 T6

Map6
1 1 1 1 S 1 
1 1 0 0 0 1 
1 0 0 0 H 1 
G 0 1 1 F 1 
1 0 0 0 0 1 
1 1 1 1 1 1 
D14 PR21 PU41 T5

Map6
1 1 G 1 1 1 
1 # 0 0 0 1 
1 H 0 0 F 1 
1 0 0 F 0 1 
1 0 0 # H 1 
1 S 1 1 1 1 
PL43 PL24 L13 T3

Map6
1 1 G 1 1 1 
1 # 0 H 0 1 
1 0 H 0 0 1 
1 0 0 # 1 1 
1 0 0 0 0 S 
1 1 1 1 1 1 
PL23 PU21 l14 T4

Map6
1 1 G 1 1 1 
1 F 0 0 0 1 
1 0 0 0 0 1 
S 0 0 H 0 1 
1 0 # # 1 1 
1 1 1 1 1 1 
U23 PR12 PU14 T2

Map6
1 1 1 S 1 1 
1 1 0 0 1 1 
1 H 0 0 0 1 
1 F # H F 1 
1 0 0 1 0 1 
1 1 1 1 G 1 
PL32 PD42 r21 T5

Map6
1 1 1 1 1 1 
1 H F 0 0 1 
G F 0 0 H 1 
1 0 0 0 0 1 
1 0 0 0 0 1 
1 1 1 1 S 1 
PR13 PD43 R31 T3

Map6
1 1 1 1 1 1 
S 0 0 0 H 1 
1 0 0 1 H 1 
1 1 1 0 0 1 
1 # 0 0 0 1 
1 1 1 G 1 1 
PR24 PD21 l22 T6

Map6
1 1 1 1 1 1 
S 0 H 0 0 1 
1 # 0 # 0 1 
1 0 1 0 0 1 
G 0 0 F H 1 
1 1 1 1 1 1 
PL11 PR33 r43 T6

Map6
1 1 1 1 1 1 
1 1 # 0 0 1 
1 0 0 0 0 1 
G 0 H 0 0 S 
1 0 0 H 0 1 
1 1 1 1 1 1 
R41 P33 r12 T6

Map6
1 1 1 1 1 1 
S 0 F 0 0 1 
1 0 0 0 1 1 
1 H 0 F 0 1 
1 1 0 H 0 G 
1 1 1 1 1 1 
PD43 PU32 D41 T3

Map6
1 1 1 1 1 1 
1 1 # 0 F 1 
1 0 1 H F 1 
1 H 1 0 0 G 
1 0 0 0 0 1 
1 S 1 1 1 1 
R33 PD14 PU44 T1

Map6
1 1 1 1 1 1 
1 0 0 H H 1 
1 0 0 0 0 1 
1 0 F 0 0 1 
1 F 0 0 0 S 
1 1 G 1 1 1 
D22 R42 D34 T3

Map6
1 1 1 1 1 1 
1 0 0 1 0 1 
1 0 H 0 0 S 
1 F 0 H 0 1 
1 0 F 0 0 1 
1 1 1 G 1 1 
PR32 PL21 P44 T4

Map6
1 1 1 1 1 1 
1 0 0 0 # 1 
G F 0 0 0 1 
1 0 0 H 0 1 
1 # 0 0 0 1 
1 S 1 1 1 1 
D43 PR11 PD13 T3

Map6
1 1 1 1 1 1 
1 0 1 0 0 1 
G # 0 0 H 1 
1 # 1 0 H 1 
1 0 0 0 0 1 
1 1 1 1 S 1 
u31 PR14 PD44 T5

Map6
1 1 1 G 1 1 
1 0 0 0 0 1 
1 0 # 1 H 1 
1 0 1 # 0 1 
1 0 0 H 0 1 
1 1 1 1 S 1 
u21 PD11 PD44 T7

Map6
1 1 1 1 1 1 
1 0 0 # H 1 
G 0 0 0 0 1 
1 H 0 0 0 1 
1 0 0 0 0 1 
1 1 1 1 S 1 
d23 R43 d34 T6

Map6
1 1 1 1 1 1 
1 0 0 0 0 1 
G 0 # 1 1 1 
1 0 1 0 0 1 
1 F 0 0 0 1 
1 1 S 1 1 1 
PR11 PR33 l43 T7

Map6
1 1 1 1 1 1 
1 0 H F H 1 
G 0 F 0 0 1 
1 0 0 0 0 1 
1 0 0 1 0 S 
1 1 1 1 1 1 
D42 p13 p44 T6

Map6
1 1 1 1 1 1 
1 0 H 0 F 1 
1 0 0 0 0 G 
1 0 # 0 0 1 
1 F 0 0 0 1 
1 1 S 1 1 1 
PL33 PD24 r13 T4

Map6
1 1 1 1 1 1 
1 0 0 # 0 1 
G 0 0 0 H 1 
1 F 0 0 0 1 
1 F 0 0 0 1 
1 1 1 1 S 1 
PR24 PL12 U43 T2

Map6
1 1 1 S 1 1 
1 0 # 0 0 1 
1 # H 0 0 1 
1 0 0 H 0 1 
1 1 0 0 F G 
1 1 1 1 1 1 
PD23 PL41 D32 T3

Map6
1 1 1 1 S 1 
1 0 F 0 0 1 
1 H 0 0 # 1 
G 0 0 1 1 1 
1 1 0 0 0 1 
1 1 1 1 1 1 
PU41 PU24 R22 T2

Map6
1 1 1 1 1 1 
1 0 0 0 H 1 
1 H 1 0 F G 
1 0 0 F 0 1 
1 0 0 0 0 1 
1 1 1 1 S 1 
p44 PU31 PU43 T5

Map6
1 1 1 G 1 1 
1 0 H 0 0 1 
1 0 # # 0 1 
1 0 0 H 0 1 
1 0 0 F 0 1 
1 1 S 1 1 1 
PR14 PU31 D23 T2

Map6
1 G 1 1 1 1 
1 0 F 0 0 1 
1 1 0 0 0 1 
S 0 0 H 0 1 
1 0 0 0 1 1 
1 1 1 1 1 1 
PD23 PR22 u14 T8

Map6
1 1 1 1 1 1 
1 0 F 0 0 1 
1 0 0 0 H 1 
G 0 0 F 0 1 
1 H 0 0 0 1 
1 1 1 S 1 1 
r22 PD32 PR12 T4

Map6
1 1 1 1 1 1 
1 0 # 1 1 1 
1 0 0 0 0 1 
S 0 H 0 H 1 
1 0 0 0 # 1 
1 1 1 G 1 1 
U11 R42 U14 T3

Map6
1 1 1 1 1 1 
1 F 0 0 F 1 
1 # 0 0 0 G 
1 0 0 0 0 1 
1 0 0 0 0 1 
1 S 1 1 1 1 
D13 U21 P34 T4

Map6
1 1 1 1 1 1 
1 0 0 0 H 1 
1 0 0 0 0 1 
1 0 0 0 0 1 
S 0 0 F 0 1 
1 1 1 G 1 1 
PL11 PU24 R42 T4

Map6
1 1 1 1 1 1 
1 H 0 0 1 1 
1 0 0 0 # 1 
G 0 0 0 1 1 
1 0 H # 0 S 
1 1 1 1 1 1 
l32 PU22 PR44 T5

Map6
1 S 1 1 G 1 
1 # 0 0 F 1 
1 0 0 1 0 1 
1 0 # 0 1 1 
1 F 0 0 0 1 
1 1 1 1 1 1 
PU42 PR13 P24 T4

Map6
1 1 1 1 1 1 
1 # 0 0 0 1 
1 0 0 0 0 G 
S 0 H 0 0 1 
1 0 0 0 H 1 
1 1 1 1 1 1 
U43 u41 U14 T4

Map6
1 1 G 1 1 1 
1 F 0 0 0 S 
1 0 0 0 0 1 
1 0 0 0 0 1 
1 0 # 0 F 1 
1 1 1 1 1 1 
p13 L43 D31 T5

Map6
1 1 1 1 1 1 
1 H 0 0 0 S 
1 0 0 0 0 1 
G 0 0 H 1 1 
1 0 0 F 0 1 
1 1 1 1 1 1 
d12 L31 d14 T6

Map6
1 1 1 1 1 1 
1 0 F 0 H 1 
1 F # 0 0 S 
1 0 0 0 0 1 
1 H 0 0 # 1 
1 1 1 G 1 1 
d31 PU32 PR24 T6

Map6
1 1 1 S 1 1 
1 0 0 0 0 1 
1 0 0 0 1 1 
G F 0 H H 1 
1 0 0 0 1 1 
1 1 1 1 1 1 
PL11 PD32 P24 T4

Map6
1 1 1 G 1 1 
1 # 0 0 F 1 
1 H 0 0 0 1 
1 0 H 0 0 1 
1 0 # 0 F S 
1 1 1 1 1 1 
PR21 PR14 U32 T1

Map6
1 1 G 1 1 1 
1 H 0 0 0 S 
1 F 0 0 0 1 
1 0 0 0 0 1 
1 0 F H 0 1 
1 1 1 1 1 1 
r42 P31 P13 T5

Map6
1 1 1 1 1 1 
1 0 1 F 1 1 
G 0 F 1 0 1 
1 0 0 0 0 1 
1 0 H 0 0 S 
1 1 1 1 1 1 
p13 R34 d44 T7

Map6
1 1 G 1 1 1 
1 0 0 F 0 1 
1 0 0 0 H 1 
1 0 H 0 0 S 
1 0 0 0 # 1 
1 1 1 1 1 1 
r13 PU32 PD33 T7

Map6
1 1 1 1 1 1 
1 0 0 0 1 1 
1 F H 0 0 S 
G 0 1 0 F 1 
1 0 0 0 0 1 
1 1 1 1 1 1 
R14 PU32 PU44 T5

Map6
1 1 1 1 1 1 
1 0 0 1 1 1 
S 0 0 H 0 1 
1 0 0 H 0 G 
1 0 1 0 0 1 
1 1 1 1 1 1 
PD42 PU22 u21 T6

Map6
1 1 1 1 1 1 
1 H 0 # H 1 
G 0 0 F 0 1 
1 0 0 0 1 1 
1 0 0 0 0 1 
1 S 1 1 1 1 
PR21 PR13 R34 T4

Map6
1 1 1 1 1 1 
1 0 0 0 0 1 
1 H 1 0 0 1 
1 0 F # H 1 
1 0 0 0 0 1 
1 1 S 1 G 1 
P21 PD24 PU42 T5

Map6
1 1 1 1 1 1 
1 F 0 0 0 1 
1 0 # 0 0 G 
1 H # 0 0 1 
1 0 0 0 0 1 
1 S 1 1 1 1 
L21 PL34 PD14 T3

Map6
1 1 1 1 1 1 
S 0 0 0 F 1 
1 0 0 0 0 G 
1 0 0 0 1 1 
1 0 0 0 0 1 
1 1 1 1 1 1 
u22 p33 D31 T6

Map6
1 1 1 1 1 1 
1 F 0 0 0 1 
1 0 0 0 F 1 
1 H 0 0 0 S 
1 0 1 0 0 1 
1 G 1 1 1 1 
P23 PL41 PD14 T3

Map6
1 1 1 1 1 1 
1 H 0 # H 1 
1 0 0 # 0 G 
1 0 0 F 0 1 
1 0 0 0 0 1 
1 1 1 1 S 1 
P43 U21 d34 T5

Map6
1 1 1 1 S 1 
G F 0 0 F 1 
1 0 0 0 0 1 
1 0 0 # H 1 
1 0 0 0 0 1 
1 1 1 1 1 1 
l14 PU42 PD12 T5

Map6
1 1 1 G 1 1 
1 H F 0 0 1 
1 0 1 # # 1 
S 0 1 1 0 1 
1 0 0 0 H 1 
1 1 1 1 1 1 
PD41 PL13 D43 T3

Map6
1 1 1 1 1 1 
1 0 0 0 0 1 
1 0 0 0 0 1 
S F 0 F H 1 
1 0 0 0 H 1 
1 1 1 G 1 1 
u21 PU12 PL23 T4

Map6
1 1 1 1 1 1 
1 0 1 0 0 G 
1 0 0 0 H 1 
1 0 0 0 0 1 
S 0 0 F 1 1 
1 1 1 1 1 1 
P12 L24 P43 T5

Map6
1 1 1 1 1 1 
1 0 0 # 0 1 
1 H 0 0 # 1 
1 0 0 F 0 G 
1 0 0 F 0 1 
1 S 1 1 1 1 
u22 PU11 PL13 T7

Map6
1 1 1 1 1 1 
1 0 0 0 0 1 
1 0 1 1 H 1 
1 0 F 0 0 1 
1 F # 0 # 1 
1 1 S 1 G 1 
PD11 PD43 L33 T2

Map6
1 S 1 1 1 1 
1 0 0 0 F 1 
1 0 0 0 0 1 
G F 0 0 0 1 
1 # 0 0 H 1 
1 1 1 1 1 1 
PL31 PL12 r22 T5

Map6
1 1 1 1 1 1 
1 H 0 0 0 1 
1 0 0 0 0 1 
1 0 0 0 0 1 
S 0 0 0 F 1 
1 1 1 G 1 1 
l23 L24 R12 T5

Map6
1 1 1 1 1 1 
1 0 1 H 0 S 
1 F 0 0 0 1 
1 F 0 0 0 1 
1 0 1 0 0 1 
1 1 1 1 G 1 
PR41 PL43 D32 T3

Map6
1 1 S 1 1 1 
1 0 0 0 0 1 
1 F 0 0 # 1 
1 0 H 0 0 G 
1 1 0 0 F 1 
1 1 1 1 1 1 
P41 L22 P34 T4

Map6
1 1 1 1 1 1 
1 0 0 0 H 1 
1 0 0 0 0 1 
S 0 H 0 0 1 
1 0 0 0 0 1 
1 1 1 G 1 1 
PU33 PL13 L24 T6

Map6
1 1 1 1 1 1 
1 0 H 0 0 S 
1 0 1 H 0 1 
1 # F 0 0 1 
1 # F 0 0 1 
1 1 1 G 1 1 
u42 L31 U44 T6

Map6
1 1 S 1 1 1 
1 F 0 1 0 1 
1 1 0 0 0 1 
1 0 0 0 F G 
1 0 H 0 0 1 
1 1 1 1 1 1 
l22 PR23 PR34 T5

Map6
1 1 G 1 1 1 
1 1 0 1 0 S 
1 0 0 0 0 1 
1 F 0 0 H 1 
1 1 F 0 0 1 
1 1 1 1 1 1 
PL32 PU42 p41 T4

Map6
1 1 1 1 1 1 
1 0 0 0 0 1 
S 0 H 0 0 1 
1 0 0 0 H 1 
1 0 0 0 0 1 
1 1 1 G 1 1 
PL12 PU42 u41 T4

Map6
1 1 1 1 1 1 
1 0 0 H 0 1 
1 0 0 0 0 1 
1 0 0 0 0 1 
1 H F 0 0 S 
1 1 G 1 1 1 
PD41 PD34 p32 T5

Map6
1 1 1 G 1 1 
1 0 F 0 F 1 
1 0 # 0 0 1 
S 0 0 H 0 1 
1 0 0 0 0 1 
1 1 1 1 1 1 
r11 r42 U14 T6

Map6
1 1 G 1 1 1 
1 H 0 0 0 S 
1 0 0 0 # 1 
1 0 H 0 0 1 
1 # 0 1 0 1 
1 1 1 1 1 1 
u41 R31 L12 T5

Map6
1 1 1 1 1 1 
G 0 0 1 0 1 
1 H 1 0 0 1 
1 0 0 0 0 1 
1 0 # F 0 1 
1 1 1 S 1 1 
u42 PL11 PR13 T5

Map6
1 1 1 G 1 1 
1 0 0 0 H 1 
1 # 0 0 0 1 
1 0 0 # 0 1 
1 0 0 0 0 1 
1 1 1 1 S 1 
u34 L43 L24 T3

Map6
1 1 1 1 S 1 
1 H 0 0 0 1 
1 0 0 0 # G 
1 0 0 0 0 1 
1 H 0 0 0 1 
1 1 1 1 1 1 
d21 d33 d44 T10

Map6
1 1 1 1 S 1 
1 0 # 0 0 1 
1 0 0 0 0 1 
1 0 0 F 0 G 
1 H 0 0 H 1 
1 1 1 1 1 1 
PD11 PL42 u22 T5

Map6
1 1 1 1 1 1 
1 H 1 0 0 1 
1 0 0 0 0 1 
1 0 0 H 0 S 
1 0 0 0 0 1 
1 1 G 1 1 1 
u41 U44 p32 T5

Map6
1 1 1 1 G 1 
1 0 0 1 0 1 
1 1 0 0 1 1 
1 0 0 0 0 1 
S 0 0 F F 1 
1 1 1 1 1 1 
U24 PU41 PR11 T4

Map6
1 1 S 1 1 1 
1 0 0 0 1 1 
1 0 0 H 0 1 
1 0 0 0 0 1 
1 0 F 0 H 1 
1 1 1 G 1 1 
PL22 PL43 r12 T6

Map6
1 1 1 1 G 1 
1 F # 0 0 1 
1 0 0 0 0 1 
1 0 0 0 1 1 
1 0 H 0 # 1 
1 1 1 1 S 1 
l12 PR34 PL32 T7

Map6
1 1 1 1 1 1 
1 # H # 0 1 
1 0 0 0 F 1 
1 0 0 0 0 1 
S 0 0 0 F 1 
1 1 1 G 1 1 
R12 U43 L24 T4

Map6
1 1 G 1 1 1 
1 F 0 1 0 S 
1 H 0 0 1 1 
1 0 0 H 0 1 
1 0 0 0 0 1 
1 1 1 1 1 1 
U14 PR41 PD43 T3

Map6
1 1 1 S 1 1 
1 0 0 0 0 1 
1 F H 1 1 1 
1 0 0 0 0 1 
1 H 0 F # 1 
1 1 1 G 1 1 
P43 PR11 PR13 T3

Map6
1 1 1 1 1 1 
S 0 0 0 0 1 
1 0 0 H 0 1 
1 0 0 0 0 1 
1 F 0 0 H 1 
1 1 1 G 1 1 
r43 l11 L24 T7

Map6
1 S 1 1 1 1 
1 0 0 0 1 1 
G F # H 0 1 
1 0 0 0 0 1 
1 0 0 1 F 1 
1 1 1 1 1 1 
P21 PR14 PU11 T3

Map6
1 1 1 G 1 1 
1 0 F # 0 1 
1 1 0 0 0 1 
1 F H 0 0 S 
1 0 0 0 0 1 
1 1 1 1 1 1 
R33 u22 l43 T7

Map6
1 1 1 1 1 1 
1 0 0 0 F 1 
1 0 0 0 1 1 
1 0 0 1 0 1 
1 H 0 0 F S 
1 1 G 1 1 1 
p31 PR34 PU32 T4

Map6
1 1 1 1 1 1 
1 0 0 0 0 1 
1 # 0 # F 1 
1 0 F 0 1 1 
1 H 0 0 0 1 
1 1 G 1 S 1 
PR34 PL31 L11 T3

Map6
1 1 1 1 1 1 
1 F 0 0 0 1 
1 0 H # 0 S 
G 0 # H 0 1 
1 0 0 0 0 1 
1 1 1 1 1 1 
R12 PR42 PU14 T2

Map6
1 S 1 1 1 1 
1 0 0 H 0 1 
1 0 0 1 0 1 
1 F 0 H 0 1 
1 1 0 0 1 1 
1 1 1 G 1 1 
R12 PL21 PD34 T2

Map6
1 1 1 1 1 1 
1 1 0 0 1 1 
1 0 F 0 0 S 
1 0 0 0 0 1 
1 H # 0 0 1 
1 1 1 G 1 1 
P32 d33 u42 T7

Map6
1 1 1 1 1 1 
S 0 F 0 0 1 
1 0 0 # 0 1 
G 0 0 H 0 1 
1 F 0 0 0 1 
1 1 1 1 1 1 
p41 U12 R24 T7

Map6
1 1 1 1 1 1 
1 1 1 0 0 1 
1 0 H 1 0 G 
1 0 0 0 0 1 
S # 0 H 0 1 
1 1 1 1 1 1 
L12 P24 r43 T6

Map6
1 1 1 1 S 1 
1 0 0 0 0 1 
G 0 H 0 0 1 
1 # 0 1 F 1 
1 H 0 0 F 1 
1 1 1 1 1 1 
l11 U42 L23 T5

Map6
1 1 1 1 1 1 
S 0 0 0 1 1 
1 0 0 1 0 1 
1 0 0 H 0 G 
1 0 0 1 0 1 
1 1 1 1 1 1 
r31 PR43 PR14 T5

Map6
1 1 1 G 1 1 
1 F # 0 0 1 
1 0 # 0 0 1 
1 0 0 0 H 1 
1 0 1 0 F 1 
1 S 1 1 1 1 
L12 PU31 PL23 T2

Map6
1 1 1 1 1 1 
1 1 # 0 0 1 
1 0 H 0 0 1 
1 0 0 1 0 G 
1 0 0 0 1 1 
1 1 1 S 1 1 
PL23 PR43 l14 T5

Map6
1 1 1 1 1 1 
S 0 # 0 H 1 
1 0 0 0 1 1 
1 0 0 1 0 1 
1 F 1 # 0 G 
1 1 1 1 1 1 
PD31 PD43 l11 T7

Map6
1 1 1 1 1 1 
1 F 1 F 0 S 
1 # 0 0 # 1 
1 H 0 0 0 1 
1 0 0 0 0 1 
1 1 G 1 1 1 
L14 PU23 PR41 T5

Map6
1 1 1 1 1 1 
1 0 0 H F 1 
1 F 0 0 0 1 
G # 0 H 0 1 
1 # 0 0 0 1 
1 S 1 1 1 1 
p22 PD11 PD21 T3

Map6
1 1 1 1 1 1 
G 0 F H 0 1 
1 F 0 1 0 1 
1 H 0 0 # 1 
1 0 0 0 0 1 
1 1 S 1 1 1 
D22 PL11 PL34 T2

Map6
1 1 1 1 1 1 
1 0 0 0 H 1 
1 0 F # 0 1 
1 0 0 H 0 S 
1 F 0 0 0 1 
1 1 1 G 1 1 
PR43 PL31 p24 T6

Map6
1 1 1 1 1 1 
1 0 0 0 0 1 
1 1 1 0 0 1 
1 0 0 0 H 1 
1 0 0 H 0 1 
1 S 1 1 G 1 
PU24 PD44 U33 T3

Map6
1 1 1 1 1 1 
1 0 H 0 0 1 
1 0 0 0 0 1 
S 0 H 0 F 1 
1 0 0 0 0 1 
1 1 1 G 1 1 
p44 PL13 PU32 T6

Map6
1 1 1 1 S 1 
1 0 0 0 0 1 
1 0 0 0 0 1 
1 0 0 0 0 1 
1 0 H 0 H 1 
1 1 1 G 1 1 
d31 L42 p11 T5

Map6
1 1 1 1 1 1 
1 0 H 0 0 S 
1 0 0 0 F 1 
1 0 H 0 0 1 
G 0 1 1 F 1 
1 1 1 1 1 1 
D31 PD11 PU43 T3

Map6
1 1 1 1 G 1 
1 0 H 0 0 1 
1 0 # 0 0 1 
1 0 0 0 0 1 
1 # F 0 H 1 
1 1 S 1 1 1 
u32 PD31 PD23 T4

Map6
1 1 1 1 S 1 
1 0 0 F F 1 
1 0 0 0 0 1 
1 0 0 0 H 1 
1 0 # 0 1 1 
1 1 G 1 1 1 
U32 PU42 PR12 T2

Map6
1 1 S 1 1 1 
1 0 0 0 F 1 
G 0 0 0 0 1 
1 H H 0 0 1 
1 # 0 0 0 1 
1 1 1 1 1 1 
PU21 PR24 U31 T4

Map6
1 S 1 G 1 1 
1 0 1 0 F 1 
1 # 0 F 0 1 
1 1 H 0 0 1 
1 0 0 0 0 1 
1 1 1 1 1 1 
PL22 PR14 r44 T5

Map6
1 1 1 1 1 1 
1 1 0 0 0 1 
1 # 0 # H 1 
1 F 0 0 F 1 
S 0 1 0 0 1 
1 1 1 1 G 1 
l21 PL14 PU22 T6

Map6
1 1 1 G 1 1 
1 0 F 0 0 1 
1 0 0 0 H 1 
1 0 0 0 0 1 
1 0 H 0 F 1 
1 1 1 1 S 1 
PD11 PD43 l12 T4

Map6
1 1 1 G 1 1 
1 0 F 0 F 1 
1 0 0 0 0 1 
1 0 H 0 0 S 
1 0 0 0 0 1 
1 1 1 1 1 1 
u22 R11 R33 T7

Map6
1 1 1 1 S 1 
1 F 0 0 0 1 
G 0 0 0 0 1 
1 0 # H F 1 
1 0 1 0 0 1 
1 1 1 1 1 1 
PR34 PD21 p44 T4

Map6
1 1 1 1 S 1 
1 0 0 F 0 1 
1 0 1 0 0 G 
1 F 0 0 H 1 
1 0 0 0 0 1 
1 1 1 1 1 1 
l14 PR42 PD23 T6

Map6
1 G 1 1 1 1 
1 0 1 1 0 S 
1 F 0 0 0 1 
1 0 0 0 F 1 
1 0 0 1 0 1 
1 1 1 1 1 1 
u41 D22 U44 T7

Map6
1 1 1 1 1 1 
G 0 H # 0 1 
1 H 0 0 0 1 
1 0 1 0 0 1 
1 1 0 # 0 S 
1 1 1 1 1 1 
PL11 PL41 p44 T4

Map6
1 1 1 1 1 1 
1 0 H 0 F S 
G 0 0 0 0 1 
1 0 0 0 0 1 
1 0 0 0 0 1 
1 1 1 1 1 1 
l23 PR31 PR13 T4

Map6
1 1 1 1 1 1 
1 0 0 0 0 1 
S 0 0 H # 1 
1 0 0 0 0 1 
1 0 F 1 0 1 
1 1 G 1 1 1 
R22 PL33 PU13 T3

Map6
1 S 1 1 1 1 
1 F 0 0 0 G 
1 0 0 F H 1 
1 0 0 # # 1 
1 H 0 0 0 1 
1 1 1 1 1 1 
d23 PL22 PR13 T5

Map6
1 1 1 1 1 1 
1 1 H 0 F 1 
S 0 1 0 0 G 
1 0 # 0 # 1 
1 0 0 H 0 1 
1 1 1 1 1 1 
D33 PU13 PD31 T3

Map6
1 S 1 1 1 1 
1 0 0 1 # 1 
1 # 1 F 0 G 
1 0 0 0 0 1 
1 F 0 0 0 1 
1 1 1 1 1 1 
PL21 PR13 r43 T6

Map6
1 1 S 1 1 1 
1 # 0 0 0 1 
1 0 0 0 0 G 
1 0 H 0 H 1 
1 0 0 1 F 1 
1 1 1 1 1 1 
u21 l33 U22 T7

Map6
1 1 1 1 G 1 
1 # H 0 0 1 
S 0 1 0 H 1 
1 F 0 0 1 1 
1 F 0 0 0 1 
1 1 1 1 1 1 
PL12 PD23 d24 T6

Map6
1 1 1 1 1 1 
1 0 0 1 0 1 
G 0 0 0 0 1 
1 H 0 1 H 1 
1 0 1 0 0 1 
1 1 1 1 S 1 
p21 PD44 PR11 T4

Map6
1 1 1 G 1 1 
1 0 0 0 F 1 
1 F # 0 0 1 
1 1 0 1 # 1 
1 0 0 0 0 1 
1 1 1 1 S 1 
u34 p23 U42 T8

Map6
1 1 1 G 1 1 
1 F H F 0 1 
1 0 0 0 0 1 
1 0 # # 0 1 
1 0 0 H 0 1 
1 S 1 1 1 1 
p43 l14 D12 T5

Map6
1 1 1 1 1 1 
1 F 1 1 0 S 
1 0 0 0 1 1 
1 0 0 0 0 1 
1 0 H H 0 G 
1 1 1 1 1 1 
P14 PL22 PR41 T5

Map6
1 1 1 1 1 1 
1 0 F 0 # 1 
G 0 F 0 # 1 
1 H 0 0 0 1 
1 0 0 0 0 1 
1 1 S 1 1 1 
P23 PL12 PL34 T2

Map6
1 1 1 1 S 1 
1 # 0 0 0 1 
1 H 0 0 1 1 
G 0 0 1 0 1 
1 0 0 # H 1 
1 1 1 1 1 1 
PR21 PD22 P24 T3

Map6
1 1 1 1 1 1 
1 # 0 1 0 1 
1 0 # 0 0 1 
G F 0 0 1 1 
1 1 0 F 0 S 
1 1 1 1 1 1 
P32 PR12 PR24 T3

Map6
1 1 1 G 1 1 
1 0 0 0 H 1 
1 0 0 0 0 1 
1 0 0 0 0 1 
S 0 0 H 0 1 
1 1 1 1 1 1 
p22 d13 R24 T6

Map6
1 1 1 1 1 1 
1 F 0 0 0 1 
1 H F H 0 1 
G 0 0 0 0 1 
1 0 0 0 0 1 
1 1 1 S 1 1 
u34 PL33 PU42 T6

Map6
1 1 G 1 1 1 
1 0 0 0 1 1 
1 F # 0 0 1 
1 0 1 0 0 1 
1 0 H 0 0 S 
1 1 1 1 1 1 
P34 u31 d44 T8

Map6
1 1 G 1 1 1 
1 0 0 H 0 S 
1 1 0 0 F 1 
1 0 0 0 0 1 
1 0 F 1 0 1 
1 1 1 1 1 1 
u33 PD32 PR41 T4

Map6
1 1 1 1 1 1 
S 0 0 H 0 1 
1 0 0 0 0 1 
1 0 0 0 # 1 
1 1 F 0 0 1 
1 1 1 G 1 1 
R42 PL11 PU13 T3

Map6
1 1 1 1 1 1 
1 0 0 1 0 S 
1 0 0 0 0 1 
G 0 0 0 0 1 
1 0 0 0 H 1 
1 1 1 1 1 1 
d41 d14 U43 T7

Map6
1 1 S 1 1 1 
1 0 0 0 0 1 
1 H 0 # 0 1 
1 0 H # 0 G 
1 0 0 0 F 1 
1 1 1 1 1 1 
D22 D34 l21 T5

Map6
1 1 1 1 1 1 
1 0 0 0 H 1 
1 0 0 0 0 1 
S 0 0 0 F 1 
1 0 # F 0 1 
1 1 1 G 1 1 
PU11 PR23 p22 T5

Map6
1 1 1 1 1 1 
1 H 0 # H 1 
G 0 0 0 0 1 
1 0 0 0 0 1 
1 F 0 # 0 1 
1 1 1 1 S 1 
PU21 PL13 R42 T4

Map6
1 1 1 1 1 1 
1 H 0 0 0 1 
1 0 0 0 1 1 
1 0 H 0 0 1 
1 F 0 0 0 1 
1 S 1 G 1 1 
PL43 PD12 D32 T1

Map6
1 1 1 1 G 1 
1 1 0 0 0 1 
1 H F 0 F 1 
1 0 0 0 1 1 
1 0 0 H 0 1 
1 S 1 1 1 1 
PL33 PL24 U13 T5

Map6
1 S 1 1 1 1 
1 # 0 0 0 1 
1 0 0 H 0 1 
1 F 0 H 1 1 
1 F 0 0 0 G 
1 1 1 1 1 1 
r31 L41 L12 T5

Map6
1 1 1 1 1 1 
1 # H 0 H 1 
1 0 0 0 0 G 
1 # 0 0 0 1 
1 0 0 0 F 1 
1 1 S 1 1 1 
r31 U22 U34 T4

Map6
1 1 1 1 1 1 
1 0 0 0 0 1 
1 0 0 # 0 G 
1 0 0 0 0 1 
1 1 F 0 F S 
1 1 1 1 1 1 
PR34 PD11 L13 T2

Map6
1 1 1 1 G 1 
1 0 H 0 # 1 
1 0 0 0 1 1 
1 0 # 1 0 1 
1 0 0 1 0 1 
1 1 S 1 1 1 
p13 PU32 PL22 T7

Map6
1 1 1 1 S 1 
1 0 0 1 0 1 
1 1 # 0 0 1 
G 0 H 0 0 1 
1 0 # H 0 1 
1 1 1 1 1 1 
PR32 PU14 P43 T3

Map6
1 1 1 1 G 1 
1 0 1 0 0 1 
1 1 0 0 H 1 
1 0 0 1 0 1 
1 0 0 0 0 1 
1 1 1 1 S 1 
L43 PL23 PR31 T5

Map6
1 1 1 S 1 1 
1 # 0 0 H 1 
1 # 0 0 0 1 
G 0 0 F F 1 
1 H 0 0 0 1 
1 1 1 1 1 1 
PD21 PD42 u22 T5

Map6
1 1 1 1 1 1 
1 F 0 0 0 1 
1 0 H # 0 S 
1 0 0 # 0 1 
1 F 0 0 0 1 
1 1 G 1 1 1 
P13 PL43 PR42 T2

Map6
1 1 1 1 1 1 
1 1 F 0 F S 
1 0 0 0 0 1 
1 0 0 0 0 1 
1 0 0 0 0 1 
1 1 1 G 1 1 
PR31 PU13 L24 T5

Map6
1 1 1 1 1 1 
1 0 0 0 0 1 
S 0 0 0 F 1 
1 0 0 H 0 G 
1 0 0 F 0 1 
1 1 1 1 1 1 
l44 d41 L32 T8

Map6
1 1 1 S 1 1 
1 0 0 0 0 1 
1 1 0 0 1 1 
1 0 0 H H 1 
1 1 0 0 0 1 
1 1 1 G 1 1 
PL11 PL32 P44 T5

Map6
1 1 G 1 1 1 
1 0 F 0 0 1 
1 0 0 0 1 1 
1 0 0 1 F 1 
S 0 0 # H 1 
1 1 1 1 1 1 
u11 R24 u22 T7

Map6
1 1 S 1 1 1 
1 0 0 0 0 1 
1 0 0 0 0 1 
G 0 0 0 0 1 
1 H H 0 0 1 
1 1 1 1 1 1 
l33 D22 D44 T4

Map6
1 1 1 1 1 1 
1 0 0 0 0 1 
1 F 0 0 0 S 
1 0 1 0 0 1 
1 F 0 0 0 1 
1 1 G 1 1 1 
PU22 PD24 u31 T5

Map6
1 1 1 S 1 1 
1 H 0 0 0 1 
1 F 0 0 0 1 
1 0 1 0 0 1 
G 0 1 H 0 1 
1 1 1 1 1 1 
PR32 PD13 p41 T6

Map6
1 1 1 1 1 1 
1 1 0 0 F 1 
1 1 F 0 0 G 
1 0 1 0 0 1 
1 0 0 0 0 1 
1 1 1 1 S 1 
u44 d33 P43 T6

Map6
1 1 1 1 1 1 
1 0 0 0 0 1 
1 H F 0 F G 
1 0 0 0 H 1 
1 0 0 0 0 1 
1 S 1 1 1 1 
PR31 PU13 D44 T4

Map6
1 S 1 1 1 1 
1 0 0 0 F 1 
1 0 # 0 0 1 
1 1 H 0 1 1 
1 0 0 1 0 G 
1 1 1 1 1 1 
PR44 PD21 u12 T4

Map6
1 1 1 1 1 1 
1 F 0 0 1 1 
1 F 0 0 0 1 
G 0 0 1 # 1 
1 0 # 0 1 1 
1 S 1 1 1 1 
PL13 PU32 r34 T7

Map6
1 S 1 1 1 1 
1 0 H 0 0 1 
1 0 0 0 0 G 
1 H 0 0 0 1 
1 1 0 0 0 1 
1 1 1 1 1 1 
PU11 PL43 D23 T5

Map6
1 1 1 1 1 1 
1 H # 0 0 1 
G # 0 F 0 1 
1 0 1 0 0 1 
S 0 H 1 0 1 
1 1 1 1 1 1 
d43 PR33 PL14 T4

Map6
1 1 1 1 1 1 
1 0 H 0 0 S 
1 0 0 0 0 1 
1 0 0 0 0 1 
1 H 0 0 0 1 
1 1 1 G 1 1 
U31 l13 u42 T8

Map6
1 1 1 G 1 1 
1 H 1 0 0 1 
1 0 F 0 0 1 
1 0 0 1 1 1 
1 H 0 0 0 1 
1 1 S 1 1 1 
PL34 PU31 D23 T2

Map6
1 G 1 1 1 1 
1 0 H 0 F 1 
1 0 0 0 0 1 
1 H 0 0 0 1 
1 0 0 0 F 1 
1 1 1 1 S 1 
d33 PU42 PL23 T6

Map6
1 1 G 1 1 1 
1 0 # 1 1 1 
1 H 0 0 0 S 
1 0 0 0 1 1 
1 0 0 0 0 1 
1 1 1 1 1 1 
PR22 PD23 l42 T3

Map6
1 1 1 1 1 1 
1 # 0 # 0 G 
1 1 0 0 H 1 
S 0 0 H 0 1 
1 0 0 0 0 1 
1 1 1 1 1 1 
PD43 PR21 L23 T4

Map6
1 1 1 1 1 1 
1 # 0 0 1 1 
S # 0 H 1 1 
1 0 H F 0 G 
1 F 0 0 0 1 
1 1 1 1 1 1 
PR43 PU22 u31 T6

Map6
1 1 1 1 1 1 
1 0 0 # H 1 
1 F 0 H 0 G 
1 0 # 0 0 1 
1 1 F 0 0 1 
1 1 1 S 1 1 
PL44 PR42 R33 T2

Map6
1 1 1 1 S 1 
1 F 0 0 0 1 
G 0 F 0 0 1 
1 0 H 0 H 1 
1 0 # 0 0 1 
1 1 1 1 1 1 
U21 D42 r31 T5

Map6
1 1 1 1 S 1 
1 0 0 0 0 1 
1 H 1 0 0 1 
1 0 0 0 F G 
1 0 F 0 0 1 
1 1 1 1 1 1 
u41 U42 L34 T5

Map6
1 1 1 1 S 1 
1 0 1 0 # 1 
1 1 0 0 0 1 
1 H 0 H 0 G 
1 0 0 F # 1 
1 1 1 1 1 1 
PD23 PL42 R22 T5

Map6
1 1 1 1 1 1 
1 0 H 0 0 1 
1 F # 0 F S 
1 0 0 0 0 1 
1 # 0 0 0 1 
1 1 G 1 1 1 
u34 PR32 PR13 T5

Map6
1 S 1 1 1 1 
1 0 # F 0 1 
1 0 0 0 0 1 
1 F H 0 0 1 
1 1 0 # H 1 
1 1 1 G 1 1 
U12 PL22 PL43 T5

Map6
1 1 1 G 1 1 
1 F 0 0 0 1 
1 0 0 0 0 1 
1 0 0 0 H 1 
S # 1 0 H 1 
1 1 1 1 1 1 
PU33 PR12 d23 T6

Map6
1 1 1 1 1 1 
S 0 0 H 0 1 
1 0 0 0 0 1 
1 0 0 0 F 1 
1 H 0 F 1 1 
1 1 1 G 1 1 
r42 PU13 PL11 T5

Map6
1 1 G 1 1 1 
1 0 F 0 0 1 
1 0 0 0 0 1 
1 0 0 0 0 1 
S 0 0 H 0 1 
1 1 1 1 1 1 
R11 L24 u22 T5

Map6
1 1 1 1 1 1 
1 0 0 0 # 1 
1 1 0 0 0 1 
1 0 0 0 H 1 
1 0 1 0 # 1 
1 S 1 1 G 1 
u21 PR34 PU33 T7

Map6
1 1 1 S 1 1 
1 0 1 0 0 1 
1 # 0 0 0 1 
1 0 0 0 0 1 
1 H 0 H 0 1 
1 1 G 1 1 1 
P11 PU32 PU13 T3

Map6
1 1 1 1 S 1 
1 H 0 0 0 1 
1 0 0 0 0 1 
G 0 0 0 F 1 
1 0 1 F 0 1 
1 1 1 1 1 1 
D21 p41 U44 T3

Map6
1 1 1 1 1 1 
1 0 0 1 0 1 
1 F H 0 0 1 
G 0 0 H 0 S 
1 0 0 0 0 1 
1 1 1 1 1 1 
D42 PD11 PL23 T3

Map6
1 1 1 1 1 1 
1 F 0 0 0 1 
G 0 H 0 0 S 
1 0 0 0 F 1 
1 0 # H 0 1 
1 1 1 1 1 1 
PL12 PD41 U32 T2

Map6
1 1 G 1 1 1 
1 H 0 0 1 1 
1 0 0 0 0 1 
1 F 1 0 1 1 
1 F 0 0 0 1 
1 1 1 1 S 1 
l33 PU12 PU24 T6

Map6
1 1 1 1 1 1 
1 1 1 0 0 1 
1 0 0 0 F 1 
1 0 1 0 0 G 
1 # H 0 # 1 
1 S 1 1 1 1 
d13 PD12 PU34 T3

Map6
1 1 1 G 1 1 
1 # H 0 0 1 
1 0 F 0 0 1 
1 0 0 0 0 1 
1 H F 0 0 1 
1 1 1 1 S 1 
u33 l13 d44 T6

Map6
1 1 G 1 1 1 
1 0 0 # 0 1 
1 0 H 0 0 1 
1 1 0 0 H 1 
1 F 0 # 0 1 
1 1 S 1 1 1 
R44 l11 P23 T7

Map6
1 S 1 1 1 1 
1 # 0 0 0 1 
G 0 0 0 0 1 
1 H 0 0 H 1 
1 0 0 # 0 1 
1 1 1 1 1 1 
D31 PR14 PL12 T4

Map6
1 1 1 1 S 1 
1 0 0 0 # 1 
1 0 0 0 0 1 
1 H 0 0 H 1 
1 0 0 # 0 1 
1 1 1 G 1 1 
u31 l24 U42 T7

Map6
1 1 S 1 1 1 
1 0 # H 0 1 
1 1 F 0 0 G 
1 0 F 0 0 1 
1 0 0 0 1 1 
1 1 1 1 1 1 
d43 r34 D32 T7

Map6
1 1 1 G 1 1 
S F 0 0 F 1 
1 0 0 0 0 1 
1 1 0 # 0 1 
1 0 0 0 0 1 
1 1 1 1 1 1 
PL21 PD22 p24 T4

Map6
1 1 G 1 1 1 
1 0 F 0 0 1 
1 0 # 0 # 1 
1 0 0 H 0 1 
1 0 0 0 0 1 
1 1 1 S 1 1 
R24 U41 U23 T3

Map6
1 1 1 1 1 1 
1 # 1 1 0 1 
1 0 0 H 0 1 
G 0 0 1 0 1 
1 F 0 0 0 1 
1 1 1 S 1 1 
d34 PU24 PL44 T4

Map6
1 1 1 S 1 1 
1 0 0 F 0 1 
1 0 0 0 # 1 
G F 0 0 # 1 
1 1 0 H 0 1 
1 1 1 1 1 1 
P12 PR33 PD24 T4

Map6
1 1 1 1 S 1 
1 0 H 0 0 1 
1 0 0 0 0 1 
1 0 F 0 0 G 
1 F 0 1 H 1 
1 1 1 1 1 1 
d41 PL42 PR31 T5

Map6
1 1 1 1 1 1 
1 1 H 0 0 1 
1 1 H 0 0 1 
1 0 0 0 F 1 
1 0 0 F 0 G 
1 1 1 1 S 1 
U33 PL41 PL23 T5

Map6
1 1 1 G 1 1 
1 0 1 0 1 1 
1 F # F 0 1 
1 H 0 0 0 1 
1 1 0 H 0 S 
1 1 1 1 1 1 
PL43 PR44 D23 T2

Map6
1 1 S 1 1 1 
1 0 0 1 0 1 
1 H 0 0 F 1 
1 0 0 1 0 G 
1 0 H 0 0 1 
1 1 1 1 1 1 
D41 PU43 PL23 T3

Map6
1 1 1 G 1 1 
1 0 0 0 H 1 
1 0 0 0 F 1 
1 F 0 0 H 1 
1 0 0 0 # 1 
1 S 1 1 1 1 
PL21 PR24 r11 T4

Map6
1 1 S 1 1 1 
1 0 F 0 0 1 
1 0 1 1 0 1 
1 0 # 0 0 1 
1 # 0 H 0 1 
1 1 G 1 1 1 
R11 d33 r42 T6

Map6
1 1 1 1 1 1 
1 0 0 0 0 1 
1 0 0 0 0 1 
1 0 0 0 0 1 
1 H 0 0 F S 
1 1 G 1 1 1 
PR34 PL32 l11 T5

Map6
1 1 1 1 1 1 
1 # 0 0 0 1 
1 0 0 0 0 G 
1 F 0 H F 1 
1 H 0 0 0 S 
1 1 1 1 1 1 
d23 u31 R24 T8

Map6
1 1 G 1 1 1 
1 # 0 0 F 1 
1 1 0 0 # 1 
S 0 1 0 0 1 
1 0 1 0 0 1 
1 1 1 1 1 1 
D33 PU14 PD31 T4

Map6
1 1 1 G 1 1 
1 0 0 0 # 1 
1 F 0 0 F 1 
1 1 # 0 0 1 
1 0 0 0 H 1 
1 S 1 1 1 1 
l21 p14 L34 T6

Map6
1 1 1 1 1 1 
G 0 0 0 1 1 
1 H 0 0 0 1 
1 0 0 0 0 1 
1 # 1 0 H 1 
1 S 1 1 1 1 
P42 PD13 PR22 T3

Map6
1 1 1 1 1 1 
1 H 0 0 # 1 
1 0 0 F 0 1 
1 F H 0 0 S 
1 0 0 0 0 1 
1 1 1 G 1 1 
l43 l24 R33 T8

Map6
1 1 1 1 S 1 
1 H 0 F 0 1 
1 0 0 0 1 1 
1 0 F 0 0 G 
1 0 0 H # 1 
1 1 1 1 1 1 
R12 PL24 PU41 T3

Map6
1 1 1 1 1 1 
1 0 0 0 H 1 
1 1 0 H 0 1 
G 0 0 0 F 1 
1 F 0 0 0 S 
1 1 1 1 1 1 
R22 PU24 PD33 T3

Map6
1 1 1 1 1 1 
1 0 0 0 0 1 
1 0 H 0 1 1 
1 0 0 1 H 1 
1 0 0 1 0 G 
1 1 S 1 1 1 
PL21 PR44 U23 T4

Map6
1 1 1 1 1 1 
1 0 0 # 0 1 
G F 0 0 0 1 
1 # 1 1 F 1 
1 0 0 0 0 1 
1 S 1 1 1 1 
PD14 PU44 P41 T2

Map6
1 1 1 1 1 1 
S 0 0 H 0 1 
1 # 0 0 0 1 
1 1 0 0 0 1 
1 0 1 0 0 1 
1 G 1 1 1 1 
PD14 PU43 R21 T4

Map6
1 1 1 1 1 1 
1 H 0 0 0 1 
1 0 0 0 0 1 
S 0 F 0 F 1 
1 H 0 0 0 1 
1 1 G 1 1 1 
PU33 PL13 P12 T4

Map6
1 1 G 1 1 1 
1 H 0 F 0 1 
1 0 0 H 0 1 
1 0 0 0 0 1 
1 0 F 0 # S 
1 1 1 1 1 1 
l13 D12 r14 T5

Map6
1 1 1 1 1 1 
1 H 0 # 0 1 
G 0 0 0 H 1 
1 0 0 F 0 1 
1 # 0 0 0 1 
1 1 1 1 S 1 
p23 D43 p34 T6

Map6
1 1 1 1 1 1 
1 0 H F 0 1 
1 0 0 0 0 G 
1 0 # 0 0 1 
1 F 1 # 1 1 
1 1 1 S 1 1 
PD11 PD33 D13 T2

Map6
1 1 1 S 1 1 
1 F 0 0 0 1 
1 0 F 0 0 1 
G 0 0 H 0 1 
1 0 H 0 0 1 
1 1 1 1 1 1 
PL32 PR21 r12 T5

Map6
1 1 1 1 1 1 
S 0 0 F 0 1 
1 0 0 0 H 1 
1 F 0 0 0 G 
1 0 0 0 0 1 
1 1 1 1 1 1 
P21 P22 u14 T6

Map6
1 1 1 1 1 1 
1 1 1 0 0 1 
1 H 1 0 0 1 
1 0 0 0 0 1 
S 0 0 H 0 1 
1 1 1 1 G 1 
P24 PR31 PD13 T3

Map6
1 1 1 1 1 1 
1 0 H 0 0 1 
1 0 0 0 H 1 
1 0 F 0 0 1 
1 F 0 0 0 1 
1 G 1 1 S 1 
l33 U24 L43 T4

Map6
1 1 1 G 1 1 
1 0 0 # 0 1 
1 H 0 0 0 1 
1 0 0 0 0 1 
1 F 0 1 0 1 
1 S 1 1 1 1 
D21 PL41 PD13 T2

Map6
1 1 1 1 1 1 
1 F 0 0 0 S 
1 0 0 # 0 1 
1 0 0 0 # 1 
1 0 F 0 0 1 
1 1 G 1 1 1 
p41 R31 P12 T5

Map6
1 1 1 1 1 1 
1 0 0 0 H 1 
1 0 0 0 # 1 
S F H 0 0 G 
1 0 0 0 0 1 
1 1 1 1 1 1 
D12 PU44 PL32 T4

Map6
1 1 G 1 1 1 
1 0 0 F 0 1 
1 1 0 0 0 1 
1 0 1 0 0 1 
1 0 0 0 1 1 
1 1 1 S 1 1 
r42 PR11 PR32 T5

Map6
1 1 1 S 1 1 
1 H 0 0 0 1 
1 0 1 0 0 1 
1 # 0 0 # 1 
1 0 F H 0 1 
1 1 G 1 1 1 
PL41 PD23 P32 T2

Map6
1 1 1 1 1 1 
1 0 0 0 0 1 
S 0 0 F 1 1 
1 0 H 0 0 1 
1 0 0 H 0 1 
1 1 G 1 1 1 
PD24 PU22 u11 T5

Map6
1 1 G 1 1 1 
1 0 # 0 F 1 
1 0 H 0 0 1 
1 1 0 0 0 1 
1 0 0 F # 1 
1 S 1 1 1 1 
R42 u31 U23 T8

Map6
1 G 1 1 1 1 
1 0 0 F # 1 
1 H 0 0 0 1 
1 0 H 0 0 1 
1 # 0 0 F S 
1 1 1 1 1 1 
D32 U24 d34 T6

Map6
1 S 1 1 1 1 
1 0 0 H 0 1 
1 1 0 0 0 G 
1 0 F 0 0 1 
1 0 F 0 H 1 
1 1 1 1 1 1 
U41 PL21 PL34 T6

Map6
1 1 1 1 1 1 
S F 0 # 0 1 
1 0 F 0 0 1 
1 1 0 H 0 1 
1 0 0 H # 1 
1 G 1 1 1 1 
PR12 PL24 R43 T4

Map6
1 1 G 1 S 1 
1 0 # # 0 1 
1 F 0 0 H 1 
1 0 0 0 0 1 
1 0 0 0 0 1 
1 1 1 1 1 1 
u14 PU41 PD11 T4

Map6
1 1 1 G 1 1 
1 0 0 F 0 1 
1 H 0 0 0 1 
1 0 0 0 0 1 
S 0 0 0 F 1 
1 1 1 1 1 1 
P34 R13 l23 T4

Map6
1 1 1 1 G 1 
1 0 0 H 0 1 
1 # 0 1 0 1 
1 H 0 # 1 1 
1 1 0 0 F 1 
1 1 S 1 1 1 
r24 PU41 PU34 T4

Map6
1 1 1 S 1 1 
1 0 0 # 0 1 
G 0 0 0 # 1 
1 H 0 H 0 1 
1 0 0 0 0 1 
1 1 1 1 1 1 
u21 PR32 PD11 T5

Map6
1 1 1 G 1 1 
S 0 H 0 0 1 
1 0 0 0 0 1 
1 H 0 0 0 1 
1 0 0 1 F 1 
1 1 1 1 1 1 
r43 PL11 PD22 T7

Map6
1 1 1 1 1 1 
1 F 0 0 H 1 
1 1 F 0 0 G 
1 0 H 0 0 1 
1 0 0 1 0 1 
1 S 1 1 1 1 
PU33 PL24 l31 T6

Map6
1 1 S 1 1 1 
1 H 0 0 0 1 
1 0 1 0 0 1 
G 0 # H 0 1 
1 0 1 # 1 1 
1 1 1 1 1 1 
d43 PL13 PR32 T6

Map6
1 1 1 1 S 1 
1 F F # 0 1 
1 0 H 0 0 1 
1 0 1 0 1 1 
1 0 0 0 0 1 
1 1 G 1 1 1 
U14 PR32 PL34 T3

Map6
1 1 1 S 1 1 
1 0 0 0 0 1 
1 0 0 1 0 G 
1 # 0 0 F 1 
1 0 0 H 0 1 
1 1 1 1 1 1 
R41 U44 d14 T7

Map6
1 1 1 1 1 1 
1 F 0 0 # 1 
1 0 0 # 0 1 
1 0 0 0 1 1 
S 0 0 F 0 1 
1 1 1 G 1 1 
r13 U24 R12 T4

Map6
1 1 G 1 1 1 
1 # # 0 0 1 
1 1 1 0 0 1 
S 0 0 0 H 1 
1 0 0 0 0 1 
1 1 1 1 1 1 
PL13 PU32 d31 T4

Map6
1 1 1 1 1 1 
S F 0 H 0 1 
1 1 0 0 # 1 
1 H 0 F 1 1 
1 0 0 0 0 1 
1 1 G 1 1 1 
PU34 PL21 D32 T3

Map6
1 1 1 1 1 1 
1 0 0 # 0 1 
S 0 H 0 # 1 
1 0 0 0 0 1 
1 H 0 0 F 1 
1 1 G 1 1 1 
D41 D23 U13 T4

Map6
1 1 G 1 1 1 
1 F 0 0 1 1 
1 0 1 0 0 1 
1 0 0 0 0 1 
1 0 0 0 0 1 
1 S 1 1 1 1 
U12 PU21 PL23 T2

Map6
1 1 G 1 1 1 
1 H 0 0 0 S 
1 0 0 H 0 1 
1 0 F 0 0 1 
1 0 0 # 0 1 
1 1 1 1 1 1 
u22 L31 d14 T6

Map6
1 1 1 1 1 1 
1 0 0 0 H 1 
1 0 1 1 0 G 
1 0 0 0 0 1 
1 0 H 0 0 S 
1 1 1 1 1 1 
U23 PU34 PR42 T4

Map6
1 1 G 1 1 1 
1 0 0 H 1 1 
1 F 0 0 F S 
1 0 0 0 0 1 
1 0 0 0 0 1 
1 1 1 1 1 1 
d14 PD11 PR32 T4

Map6
1 1 G 1 S 1 
1 0 # 0 F 1 
1 0 H 0 0 1 
1 0 0 0 H 1 
1 0 0 0 0 1 
1 1 1 1 1 1 
PU12 PU42 U31 T3

Map6
1 1 G 1 1 1 
1 F 0 0 # 1 
1 0 0 0 0 1 
1 1 1 0 F 1 
1 0 0 1 0 1 
1 S 1 1 1 1 
PL31 PL24 U22 T2

Map6
1 1 1 1 1 1 
S 0 0 0 H 1 
1 0 1 0 0 G 
1 0 0 0 1 1 
1 0 0 0 0 1 
1 1 1 1 1 1 
d33 l12 D21 T7

Map6
1 1 1 1 1 1 
1 0 1 H 0 1 
1 0 0 0 0 1 
1 0 1 0 0 G 
S 0 0 0 H 1 
1 1 1 1 1 1 
D34 U42 r13 T7

Map6
1 1 1 1 1 1 
1 0 0 0 0 1 
G F F 0 0 1 
1 0 0 0 # 1 
1 0 0 0 H 1 
1 1 S 1 1 1 
R13 p41 r33 T5

Map6
1 1 1 G 1 1 
1 0 F 0 0 1 
1 0 F 1 1 1 
1 0 0 H 0 1 
S 0 H 0 1 1 
1 1 1 1 1 1 
D41 PL23 PL14 T4

Map6
1 1 1 1 1 1 
1 # 1 0 F 1 
G 0 F 1 0 1 
1 1 0 0 0 1 
1 0 0 0 0 1 
1 1 S 1 1 1 
P23 PR14 PL12 T2

Map6
1 1 1 G 1 1 
1 F 0 0 0 1 
1 1 1 0 0 1 
1 0 0 0 H 1 
1 F 1 0 0 1 
1 S 1 1 1 1 
PR21 PL23 P41 T3

Map6
1 1 1 1 1 1 
1 H 0 1 0 1 
1 # 0 1 0 G 
1 0 0 0 0 1 
1 0 # F 0 S 
1 1 1 1 1 1 
R13 l43 L14 T5

Map6
1 1 1 1 1 1 
1 F 0 0 H 1 
1 H 0 0 0 S 
1 0 0 # 0 1 
1 F 0 0 0 1 
1 1 G 1 1 1 
PR22 PL43 U13 T2

Map6
1 1 1 1 1 1 
1 0 0 F 0 1 
1 0 H 1 0 1 
1 0 0 0 0 1 
S 0 F 0 # 1 
1 1 G 1 1 1 
l13 PU34 PL14 T5

Map6
1 S 1 1 1 1 
1 0 # 0 F 1 
1 0 0 1 0 1 
G 0 0 # 0 1 
1 F 0 1 0 1 
1 1 1 1 1 1 
r22 P12 R31 T5

Map6
1 1 1 G 1 1 
S 0 1 0 0 1 
1 0 0 0 F 1 
1 0 0 H 0 1 
1 # 0 0 F 1 
1 1 1 1 1 1 
PL41 PD22 D34 T5

Map6
1 1 1 G 1 1 
1 F 0 0 0 1 
1 0 0 H # 1 
1 # 0 0 0 1 
S 0 0 H 0 1 
1 1 1 1 1 1 
P41 P12 U24 T5

Map6
1 1 1 1 S 1 
1 0 0 F # 1 
1 0 0 0 0 1 
1 0 0 1 0 1 
1 H F 0 H 1 
1 1 1 G 1 1 
PD34 PL21 L43 T4

Map6
1 1 1 1 S 1 
1 0 0 1 0 1 
1 0 1 F 0 1 
1 0 0 0 0 1 
1 H 0 0 # 1 
1 1 1 G 1 1 
p42 R13 p23 T5

Map6
1 1 1 1 1 1 
S 0 1 0 0 1 
1 0 0 # H 1 
1 0 1 0 0 G 
1 0 1 0 0 1 
1 1 1 1 1 1 
p11 L34 D31 T5

Map6
1 1 1 S 1 1 
1 H 0 F 0 1 
1 0 1 0 0 1 
1 F 1 1 0 1 
1 0 0 0 H 1 
1 1 G 1 1 1 
PR14 PL42 P34 T3

Map6
1 1 G 1 1 1 
1 0 0 0 F 1 
1 0 0 0 0 1 
1 H 0 0 0 1 
1 H F 0 0 1 
1 1 1 1 S 1 
PR23 PL42 P12 T3

Map6
1 1 1 1 S 1 
1 0 0 0 F 1 
1 F 0 0 0 1 
1 1 1 0 # 1 
G 0 0 1 0 1 
1 1 1 1 1 1 
PR33 PL14 P44 T2

Map6
1 1 1 1 1 1 
1 F 0 0 H 1 
1 0 H F 0 1 
G # 0 0 # 1 
1 0 0 0 0 1 
1 1 S 1 1 1 
PR23 PD12 r14 T5

Map6
1 1 1 1 1 1 
1 0 0 0 F 1 
1 0 H 0 0 G 
1 0 0 # H 1 
1 0 0 0 0 1 
1 1 1 1 S 1 
PU34 PD44 u31 T4

Map6
1 1 1 1 1 1 
1 0 0 1 0 1 
1 0 F H 0 G 
S # 0 0 F 1 
1 0 H # 1 1 
1 1 1 1 1 1 
R23 PR42 PD11 T2

Map6
1 1 1 S 1 1 
1 H 0 0 0 1 
1 0 0 0 0 1 
1 0 0 F 0 G 
1 0 1 1 F 1 
1 1 1 1 1 1 
PL41 PL32 l31 T5

Map6
1 1 1 1 1 1 
S 0 0 1 0 1 
1 0 0 # 0 1 
1 1 H 1 0 1 
1 0 0 0 H 1 
1 1 G 1 1 1 
PR14 PU22 P34 T3

Map6
1 1 1 1 1 1 
1 0 1 0 0 1 
S 0 0 0 H 1 
1 0 F 0 0 1 
1 0 0 0 F 1 
1 1 1 G 1 1 
d14 P43 L22 T6

Map6
1 1 G 1 1 1 
1 F # 1 0 1 
1 0 0 0 0 1 
1 1 0 H 0 1 
1 F 0 0 0 S 
1 1 1 1 1 1 
l44 PD41 PR24 T3

Map6
1 G 1 1 1 1 
1 0 0 0 0 1 
1 # 0 0 H 1 
1 1 1 1 0 1 
1 F 0 # 0 S 
1 1 1 1 1 1 
PD43 PU11 D24 T3

Map6
1 1 1 1 1 1 
1 0 0 0 # 1 
1 0 0 0 1 1 
1 0 0 0 # 1 
S 0 0 F H 1 
1 1 G 1 1 1 
PD11 PU24 d21 T4

Map6
1 S 1 1 1 1 
1 0 0 0 0 1 
1 # 0 0 F G 
1 # 0 0 1 1 
1 F 0 0 0 1 
1 1 1 1 1 1 
d21 L22 L33 T6

Map6
1 1 1 1 1 1 
1 0 1 0 0 1 
1 0 0 F 1 1 
1 0 0 H 0 1 
1 0 1 0 0 1 
1 S 1 1 G 1 
PD43 PL22 U11 T2

Map6
1 1 1 1 1 1 
1 H F 1 F 1 
1 0 0 1 0 S 
1 0 0 0 0 1 
1 H 0 0 # 1 
1 1 1 G 1 1 
p42 p33 u24 T9

Map6
1 1 G 1 1 1 
1 F 0 0 0 1 
1 0 0 0 F 1 
1 0 0 0 0 1 
1 H 0 1 0 1 
1 1 1 1 S 1 
PL32 PR31 P12 T3

Map6
1 1 1 1 1 1 
1 # 0 # 0 1 
G 0 F 0 H 1 
1 0 H 0 0 1 
1 0 0 0 0 1 
1 1 S 1 1 1 
u21 L33 L34 T6

Map6
1 1 1 1 1 1 
1 H 0 0 0 S 
1 0 0 0 F 1 
1 0 0 1 0 G 
1 0 0 0 0 1 
1 1 1 1 1 1 
d41 r44 P21 T7

Map6
1 1 1 G 1 1 
1 0 0 0 0 1 
S # F 0 H 1 
1 0 0 0 0 1 
1 1 F # 0 1 
1 1 1 1 1 1 
PL32 PL23 d21 T5

Map6
1 1 1 1 1 1 
1 1 0 0 F 1 
1 0 0 0 0 1 
1 H 0 H # S 
1 0 # 0 0 1 
1 1 G 1 1 1 
PD42 PL34 U44 T5

Map6
1 1 1 1 1 1 
1 0 0 0 H 1 
1 0 0 0 0 1 
1 H # 0 F 1 
1 0 F 0 # S 
1 1 G 1 1 1 
PR34 PL31 L11 T2

Map6
1 1 1 1 1 1 
S 0 1 # 0 G 
1 0 0 1 0 1 
1 # 0 0 1 1 
1 0 0 0 0 1 
1 1 1 1 1 1 
PU42 PD22 p14 T6

Map6
1 1 G 1 S 1 
1 0 0 0 0 1 
1 1 1 0 F 1 
1 1 0 0 0 1 
1 0 F 0 0 1 
1 1 1 1 1 1 
D44 d31 u43 T7

Map6
1 1 1 1 1 1 
1 0 0 0 0 G 
1 0 1 0 H 1 
1 0 F H 0 1 
S 0 F 0 1 1 
1 1 1 1 1 1 
U13 PL34 PD11 T2

Map6
1 1 1 G 1 1 
1 0 0 0 F 1 
1 0 0 0 0 1 
S 0 0 F # 1 
1 0 H # 0 1 
1 1 1 1 1 1 
PD11 PD42 l13 T4

Map6
1 S 1 1 1 1 
1 0 0 0 0 1 
1 0 0 0 0 1 
1 H 0 1 0 G 
1 0 0 0 # 1 
1 1 1 1 1 1 
R31 L12 U42 T6

Map6
1 1 1 G 1 1 
1 0 H 0 F 1 
1 F 0 # 0 1 
1 0 H 0 # 1 
1 0 0 0 0 1 
1 1 1 1 S 1 
R42 R14 l24 T5

Map6
1 1 1 1 1 1 
1 F 0 1 0 1 
G 0 0 0 0 1 
1 0 F H 0 1 
1 0 0 # 0 1 
1 1 1 S 1 1 
L44 PR21 PU14 T3

Map6
1 1 1 G 1 1 
1 0 0 0 # 1 
1 1 1 0 H 1 
1 0 0 1 0 1 
1 # F 0 H 1 
1 1 1 S 1 1 
l21 PR11 PL23 T6

Map6
1 1 1 1 1 1 
1 0 0 # 0 1 
S 0 0 0 F 1 
1 1 # H 1 1 
1 0 1 0 0 1 
1 G 1 1 1 1 
PD11 PD14 P22 T2

Map6
1 1 1 1 S 1 
1 0 0 0 0 1 
1 0 0 0 0 1 
1 0 0 0 F G 
1 H 0 0 0 1 
1 1 1 1 1 1 
L42 d31 l22 T6

Map6
1 1 1 1 1 1 
1 0 0 0 H 1 
S 0 H 0 0 G 
1 0 0 0 F 1 
1 0 # F 0 1 
1 1 1 1 1 1 
PD31 PL12 D33 T2

Map6
1 1 1 1 G 1 
1 0 0 H 0 1 
1 0 # 0 0 1 
1 0 # 1 1 1 
1 0 1 0 F S 
1 1 1 1 1 1 
PR34 PL21 L13 T4

Map6
1 1 1 1 1 1 
1 F 0 H 0 1 
1 0 0 0 0 G 
1 0 1 # 0 1 
1 0 0 0 F S 
1 1 1 1 1 1 
L41 PU43 PR14 T2

Map6
1 1 1 G 1 1 
S 0 0 0 H 1 
1 # 0 0 0 1 
1 0 0 1 0 1 
1 0 H 0 0 1 
1 1 1 1 1 1 
u11 P21 u22 T6

Map6
1 1 1 1 1 1 
1 0 0 F 1 1 
1 # 0 H 0 1 
1 0 # 0 0 G 
1 0 1 0 0 1 
1 S 1 1 1 1 
PL21 PU44 u11 T4

Map6
1 1 1 1 1 1 
1 F H 0 0 S 
1 0 0 0 0 1 
1 0 0 0 0 1 
1 0 H 0 0 1 
1 1 1 G 1 1 
r41 P31 P22 T5

Map6
1 1 1 1 1 1 
1 0 0 0 0 1 
S 0 H 1 0 G 
1 0 0 0 0 1 
1 0 0 0 F 1 
1 1 1 1 1 1 
d43 D11 u12 T6

Map6
1 1 1 S 1 1 
1 0 # 0 0 1 
1 0 0 H 0 1 
1 H 0 0 0 1 
1 F F 0 # 1 
1 1 1 G 1 1 
D23 PL43 PU31 T2

Map6
1 1 1 1 1 1 
1 0 0 # # 1 
1 1 1 0 0 1 
1 1 H 0 0 1 
S F 0 F 0 1 
1 1 1 G 1 1 
U21 PL24 PU42 T3

Map6
1 1 1 G 1 1 
1 0 H 0 0 1 
1 0 0 0 0 1 
1 # F # 0 1 
1 H F 0 0 S 
1 1 1 1 1 1 
PU41 PL34 d42 T5

Map6
1 1 1 1 1 1 
1 H 0 0 F 1 
1 0 0 0 0 1 
G 0 0 1 1 1 
1 F 0 0 0 1 
1 1 1 1 S 1 
P22 PU24 PR34 T3

Map6
1 1 1 1 1 1 
1 0 1 0 0 1 
G 0 1 0 0 1 
1 0 F F 0 1 
1 0 0 0 0 1 
1 1 S 1 1 1 
r44 u11 R14 T8

Map6
1 1 1 1 1 1 
1 # H 0 0 S 
1 F 0 0 1 1 
1 0 0 H 0 1 
1 # 0 0 0 1 
1 G 1 1 1 1 
PU24 PR31 U22 T3

Map6
1 1 1 1 1 1 
1 F 0 0 0 1 
1 0 0 0 # 1 
1 H 0 H 0 S 
G 0 0 0 0 1 
1 1 1 1 1 1 
p41 U44 u32 T6

Map6
1 1 1 1 1 1 
1 0 0 0 H 1 
1 0 0 0 0 1 
1 F 1 0 0 1 
S 0 0 H 0 1 
1 1 G 1 1 1 
P11 PD24 PU43 T4

Map6
1 1 G 1 1 1 
1 0 0 0 H 1 
1 0 0 0 F 1 
1 0 0 0 0 1 
1 0 0 F 0 1 
1 1 1 1 S 1 
p11 l14 P43 T8

Map6
1 1 1 1 1 1 
1 F # 0 0 1 
1 H 0 0 0 G 
1 1 0 0 F 1 
S # 0 0 H 1 
1 1 1 1 1 1 
P41 PU33 PU34 T5

Map6
1 1 1 1 1 1 
1 0 0 0 0 1 
1 F 0 F H 1 
G 0 1 # 0 1 
1 0 0 0 0 1 
1 1 1 1 S 1 
PL43 PU24 R14 T6

Map6
1 S 1 1 1 1 
1 F 0 0 # 1 
1 0 1 # F G 
1 0 0 0 0 1 
1 0 1 1 0 1 
1 1 1 1 1 1 
L31 PD43 PD14 T4

Map6
1 S 1 1 1 1 
1 0 0 H 0 1 
1 F 0 0 1 1 
1 1 0 # 0 1 
1 0 0 0 F 1 
1 1 1 1 G 1 
PU11 PL34 P22 T5

Map6
1 1 1 1 1 1 
1 F 0 H 0 G 
1 0 0 0 0 1 
S 0 # 0 1 1 
1 0 H F # 1 
1 1 1 1 1 1 
u21 l33 p13 T8

Map6
1 S 1 1 1 1 
1 0 0 0 H 1 
1 0 0 H 0 1 
G 0 0 1 0 1 
1 F 0 0 0 1 
1 1 1 1 1 1 
U31 PR12 PL23 T4

Map6
1 1 1 S 1 1 
1 # 0 # 0 1 
1 0 0 F 0 1 
G 0 0 1 0 1 
1 H 0 1 0 1 
1 1 1 1 1 1 
PL13 PU42 R21 T2

Map6
1 1 S 1 1 1 
1 1 0 0 0 1 
G 0 0 0 0 1 
1 0 H 0 0 1 
1 0 F 1 0 1 
1 1 1 1 1 1 
PL31 PR22 l42 T4

Map6
1 1 1 1 1 1 
S 0 0 0 H 1 
1 0 0 0 0 1 
1 0 0 0 0 1 
1 0 0 F 1 1 
1 1 1 G 1 1 
PR21 PR42 r11 T5

Map6
1 1 1 1 1 1 
1 0 0 0 H 1 
1 0 0 0 # 1 
G 0 0 0 0 1 
1 0 0 0 F 1 
1 1 1 1 S 1 
U12 PD43 PR23 T5

Map6
1 1 1 G 1 1 
1 1 0 # 1 1 
1 0 # F 0 1 
1 0 0 0 0 1 
1 H 0 F 0 S 
1 1 1 1 1 1 
l13 R42 R24 T8

Map6
1 1 1 1 1 1 
1 0 # 0 0 1 
1 1 0 0 0 1 
G 0 H 0 0 1 
1 0 1 1 0 S 
1 1 1 1 1 1 
PU22 PU14 u31 T6

Map6
1 1 G 1 1 1 
1 0 0 H 0 1 
1 0 0 0 0 1 
1 F 0 0 0 1 
1 H F 0 0 1 
1 1 1 S 1 1 
r32 p43 D33 T7

Map6
1 S 1 1 1 1 
1 0 H 0 0 1 
1 0 0 0 0 1 
1 0 F 0 0 1 
1 H 0 0 1 1 
1 1 1 G 1 1 
U42 U13 u11 T3

Map6
1 S 1 1 1 1 
1 0 0 0 0 1 
1 0 0 0 1 1 
1 F 0 1 0 1 
1 1 0 0 0 1 
1 1 G 1 1 1 
r41 r32 R12 T7

Map6
1 1 1 1 1 1 
1 F 0 # 1 1 
1 0 0 0 F G 
1 0 1 0 0 1 
1 0 # 0 0 1 
1 1 S 1 1 1 
D33 PL34 PU22 T5

Map6
1 S 1 G 1 1 
1 0 0 0 1 1 
1 F # F 0 1 
1 0 0 0 0 1 
1 H H 0 0 1 
1 1 1 1 1 1 
L23 PU11 PD42 T4

Map6
1 1 1 1 1 1 
1 0 0 # F 1 
1 F 0 H 0 S 
1 0 0 H 0 1 
1 0 0 0 0 1 
1 1 G 1 1 1 
PR42 PU22 U34 T5

Map6
1 1 1 G 1 1 
1 0 0 0 # 1 
1 # 0 0 0 1 
1 0 H 1 H 1 
1 1 0 1 0 S 
1 1 1 1 1 1 
PD11 PR44 U42 T4

Map6
1 1 1 1 1 1 
1 0 F 0 1 1 
G 0 # 1 # 1 
1 0 0 F 0 1 
1 H 0 0 H 1 
1 1 S 1 1 1 
l13 PL23 PL34 T5

Map6
1 1 1 1 1 1 
1 0 0 1 0 1 
1 F 1 0 0 1 
1 # 0 0 F G 
1 0 0 H 0 1 
1 1 1 1 S 1 
L14 PL21 PD44 T3

Map6
1 1 1 G 1 1 
1 0 1 0 H 1 
1 0 0 1 0 1 
1 0 0 F 0 1 
S 0 0 0 1 1 
1 1 1 1 1 1 
u14 PR12 PU31 T4

Map6
1 1 1 1 1 1 
1 H F 0 0 1 
1 0 0 0 0 1 
1 0 0 0 0 G 
S F 0 H 0 1 
1 1 1 1 1 1 
r42 PL24 PU32 T5

Map6
1 1 1 G 1 1 
S 0 H 0 0 1 
1 0 0 0 0 1 
1 F 0 0 0 1 
1 0 0 1 0 1 
1 1 1 1 1 1 
PD41 PL11 U33 T3

Map6
1 1 1 1 1 1 
S 0 0 H 0 1 
1 0 0 0 0 1 
1 0 1 0 0 1 
1 # H 0 0 1 
1 1 1 G 1 1 
PD21 PU42 r11 T5

Map6
1 1 1 1 1 1 
S F 0 0 H 1 
1 # H 0 0 1 
1 0 0 0 # G 
1 0 F 0 0 1 
1 1 1 1 1 1 
d21 PD32 PL31 T3

Map6
1 1 1 1 1 1 
1 0 # 0 0 1 
G 0 0 0 H 1 
1 0 0 1 0 S 
1 1 0 1 0 1 
1 1 1 1 1 1 
PU13 PU44 l43 T4

Map6
1 S 1 1 1 1 
1 0 0 H 0 1 
1 0 1 0 0 1 
1 0 0 0 F G 
1 F 1 0 0 1 
1 1 1 1 1 1 
P32 PU11 PL44 T3

Map6
1 1 1 1 1 1 
1 0 # F 0 1 
1 0 F 0 0 G 
1 0 0 0 0 1 
1 0 1 0 1 1 
1 1 1 S 1 1 
D32 r34 D43 T6

Map6
1 1 1 1 S 1 
1 0 H 0 0 1 
1 0 0 0 0 1 
G 0 1 0 # 1 
1 0 0 1 H 1 
1 1 1 1 1 1 
PR33 PU41 L14 T5

Map6
1 1 S 1 1 1 
1 0 0 0 0 1 
1 0 0 0 0 G 
1 0 H 0 0 1 
1 0 0 0 H 1 
1 1 1 1 1 1 
l31 PL41 PU21 T4

Map6
1 1 1 G 1 1 
1 0 H 0 0 1 
1 0 0 0 0 1 
S 0 0 0 H 1 
1 0 0 1 0 1 
1 1 1 1 1 1 
R12 P42 D33 T3

Map6
1 1 1 1 S 1 
1 F 0 0 0 1 
G 0 0 0 1 1 
1 F 1 0 0 1 
1 0 0 0 H 1 
1 1 1 1 1 1 
r31 R21 r41 T5

Map6
1 1 S 1 1 1 
1 1 0 0 0 1 
1 0 0 0 0 1 
G 0 F 0 H 1 
1 F 0 0 0 1 
1 1 1 1 1 1 
PR41 PU22 l32 T5

Map6
1 S 1 1 1 1 
1 # 0 0 F 1 
1 0 H 0 0 G 
1 0 0 0 0 1 
1 0 0 H 0 1 
1 1 1 1 1 1 
d23 PL31 PL14 T5

Map6
1 1 1 G 1 1 
S 0 0 F 0 1 
1 0 0 0 0 1 
1 0 H 0 0 1 
1 0 0 H 0 1 
1 1 1 1 1 1 
L21 u11 l22 T6

Map6
1 1 1 S 1 1 
1 F F 0 0 1 
G 0 0 0 0 1 
1 H # H 0 1 
1 0 0 0 0 1 
1 1 1 1 1 1 
p43 PR14 PU31 T4

Map6
1 1 1 1 1 1 
1 0 F 0 0 1 
1 0 0 # 0 G 
1 0 0 0 F 1 
1 0 0 # 0 1 
1 1 S 1 1 1 
p33 l24 U23 T6

Map6
1 1 1 1 1 1 
S 0 1 0 0 1 
1 0 1 0 F 1 
1 1 0 0 0 G 
1 0 0 0 H 1 
1 1 1 1 1 1 
PD31 PU12 D34 T3

Map6
1 1 S 1 1 1 
1 0 0 # 0 1 
1 1 0 0 1 1 
1 0 0 1 0 G 
1 F F 0 0 1 
1 1 1 1 1 1 
R22 PL41 PU44 T3

Map6
1 1 G 1 1 1 
1 0 0 0 0 1 
1 0 # H 0 S 
1 F # 1 F 1 
1 0 0 0 0 1 
1 1 1 1 1 1 
PR42 PD11 u14 T4

Map6
1 1 1 1 1 1 
1 0 1 0 # 1 
1 0 H 1 0 G 
1 0 0 0 # 1 
1 0 1 0 0 1 
1 S 1 1 1 1 
d14 PR42 PL23 T3

Map6
1 1 1 1 1 1 
1 0 0 0 0 1 
1 F 0 H 0 G 
1 0 0 0 0 1 
1 0 0 F 0 1 
1 1 1 S 1 1 
PD33 PL23 p41 T6

Map6
1 1 S 1 1 1 
1 0 0 F 0 1 
1 # 0 0 H 1 
1 0 0 0 F 1 
1 0 H 0 0 G 
1 1 1 1 1 1 
PR34 PL22 p11 T5

Map6
1 1 1 G 1 1 
1 0 H 0 F 1 
1 0 0 # 0 1 
1 0 H 0 0 1 
1 0 0 0 F 1 
1 1 S 1 1 1 
PD11 PD24 l22 T5

Map6
1 1 G 1 1 1 
1 # 0 0 0 1 
1 0 0 0 1 1 
1 F 0 1 0 1 
S 0 0 # F 1 
1 1 1 1 1 1 
u12 r41 U24 T8

Map6
1 1 1 G 1 1 
1 0 0 0 # 1 
1 0 0 1 0 1 
1 0 0 H 0 S 
1 H 0 # F 1 
1 1 1 1 1 1 
PR43 PL22 p21 T5

Map6
1 1 1 1 1 1 
1 # 0 F 0 1 
1 0 0 0 H 1 
1 F 0 0 0 1 
1 # 0 0 0 G 
1 S 1 1 1 1 
PL21 PU24 U22 T5

Map6
1 S 1 1 1 1 
1 0 0 0 1 1 
1 0 0 # F 1 
G 0 0 F 0 1 
1 H # 1 H 1 
1 1 1 1 1 1 
PL12 PR31 u22 T5

Map6
1 1 1 1 1 1 
1 0 0 0 0 1 
1 # 0 0 0 1 
G 0 0 0 H 1 
1 F 0 0 0 S 
1 1 1 1 1 1 
U32 R24 p44 T3

Map6
1 1 1 1 1 1 
1 F 0 0 0 G 
1 0 0 0 H 1 
1 0 1 0 0 1 
1 0 H 0 F 1 
1 1 1 1 S 1 
PD43 PL32 D12 T3

Map6
1 1 1 1 1 1 
1 # F 0 0 1 
S 0 0 H 0 1 
1 0 0 0 H 1 
1 0 0 F 0 1 
1 1 G 1 1 1 
PR22 PD33 P14 T4

Map6
1 1 1 1 1 1 
1 H 0 0 # 1 
1 0 H 0 0 1 
1 1 0 0 # S 
1 0 1 0 0 1 
1 G 1 1 1 1 
l23 PD14 PL44 T5

Map6
1 S 1 1 1 1 
1 0 # H 1 1 
1 0 0 0 F 1 
1 0 0 1 0 G 
1 0 1 # 0 1 
1 1 1 1 1 1 
PL22 PR43 D13 T2

Map6
1 1 1 S 1 1 
1 # # 0 0 1 
1 1 0 0 0 1 
G 0 1 0 0 1 
1 F 0 F 0 1 
1 1 1 1 1 1 
PR33 PL13 d44 T6

Map6
1 1 1 1 1 1 
S F 0 H 0 1 
1 1 0 0 0 G 
1 F # 0 0 1 
1 # 0 0 0 1 
1 1 1 1 1 1 
u34 PL21 PD41 T5

Map6
1 1 1 1 1 1 
1 1 0 0 0 S 
1 1 F 0 H 1 
1 0 1 0 0 1 
G 0 0 H 0 1 
1 1 1 1 1 1 
d41 PU32 PL14 T3

Map6
1 1 1 1 1 1 
1 0 0 0 0 1 
1 H 0 0 0 1 
S 0 H 0 0 1 
1 F 0 0 0 1 
1 1 1 G 1 1 
PU22 PL13 l21 T4

Map6
1 1 S 1 1 1 
1 0 0 0 0 1 
1 0 0 0 F 1 
1 0 0 1 0 1 
1 F H 0 0 1 
1 1 1 G 1 1 
PD34 PL31 P22 T2

Map6
1 S 1 1 1 1 
1 0 0 H 0 1 
1 H 0 0 0 1 
G 0 0 0 0 1 
1 0 0 0 0 1 
1 1 1 1 1 1 
L42 PU11 PR14 T3

Map6
1 1 1 1 1 1 
G 0 H 1 0 1 
1 F 1 0 0 1 
1 F 0 0 0 1 
1 0 0 H 0 1 
1 1 1 1 S 1 
r43 PU33 PU14 T5

Map6
1 1 1 1 1 1 
1 0 0 F 0 1 
S 0 H # 0 G 
1 0 0 F # 1 
1 0 0 H 0 1 
1 1 1 1 1 1 
u41 D11 r12 T7

Map6
1 1 1 1 S 1 
1 0 0 H 0 1 
1 1 0 # 0 1 
1 # 1 0 0 1 
1 0 0 0 F 1 
1 1 G 1 1 1 
U22 d34 L43 T7

Map6
1 1 1 1 1 1 
1 # F 0 0 1 
1 0 0 0 0 1 
1 0 0 0 0 1 
S 0 0 # H 1 
1 1 1 G 1 1 
p22 P24 p13 T6

Map6
1 1 1 1 1 1 
S 0 0 1 0 G 
1 0 0 1 0 1 
1 # 1 H F 1 
1 0 0 0 F 1 
1 1 1 1 1 1 
p11 PD21 PU42 T6

Map6
1 1 1 1 1 1 
1 0 # 0 1 1 
1 0 0 H # 1 
1 0 0 0 F 1 
G F 0 0 0 1 
1 1 1 1 S 1 
PU12 PD44 r31 T6

Map6
1 1 1 1 1 1 
1 H 0 0 H 1 
G 0 0 0 0 1 
1 0 0 0 0 1 
S 0 1 0 0 1 
1 1 1 1 1 1 
P23 PD21 PD13 T3

Map6
1 1 1 1 1 1 
1 0 0 0 # 1 
1 1 F 1 0 1 
S 0 F H 0 1 
1 0 0 0 0 1 
1 1 G 1 1 1 
PL13 PU42 u31 T4

Map6
1 1 1 1 S 1 
1 0 0 H 0 1 
G 0 F 0 F 1 
1 0 H 0 0 1 
1 1 0 1 0 1 
1 1 1 1 1 1 
PR33 PL12 R44 T2

Map6
1 1 1 1 S 1 
1 1 0 0 0 1 
1 0 0 1 0 1 
1 0 0 0 1 1 
1 F 0 H 0 1 
1 1 1 1 G 1 
d24 PD44 PL33 T7

Map6
1 1 1 1 1 1 
S # 0 0 0 1 
1 0 0 0 0 1 
1 H 0 1 # 1 
G 0 H 0 1 1 
1 1 1 1 1 1 
PL14 PR12 l21 T4

Map6
1 1 1 1 S 1 
1 0 0 0 0 1 
1 0 0 H 0 1 
1 0 F 0 0 1 
1 # 1 F 0 1 
1 1 1 G 1 1 
R13 U43 L11 T4

Map6
1 1 S 1 1 1 
1 0 0 0 0 1 
1 0 H 0 H 1 
G 0 F # 0 1 
1 0 0 0 0 1 
1 1 1 1 1 1 
p32 d21 R11 T5

Map6
1 1 S 1 1 1 
1 0 # 0 H 1 
1 H 1 0 1 1 
1 0 0 0 0 1 
1 0 0 0 1 1 
1 1 G 1 1 1 
PL31 PR14 D23 T2

Map6
1 1 1 1 S 1 
1 0 0 H 0 1 
1 0 0 0 1 1 
1 0 1 F H 1 
1 1 0 0 0 1 
1 1 1 1 G 1 
d13 PU41 PL21 T8

Map6
1 1 1 1 1 1 
1 0 0 0 0 S 
1 0 1 0 # 1 
1 0 0 1 H 1 
1 # H 0 0 1 
1 1 1 1 G 1 
r12 PL23 PR34 T5

Map6
1 1 1 1 1 1 
1 0 0 0 0 1 
1 0 0 F H 1 
1 0 0 0 0 1 
1 0 0 H 0 1 
1 1 G 1 S 1 
d21 PD43 PU23 T3

Map6
1 1 1 1 1 1 
1 0 H 0 # G 
1 0 H 0 # 1 
1 0 0 1 1 1 
1 0 0 0 0 1 
1 S 1 1 1 1 
PR31 PU24 P12 T3

Map6
1 1 1 1 1 1 
1 0 F H 0 S 
1 0 0 0 0 1 
1 0 0 0 0 1 
1 0 # 0 # 1 
1 1 1 G 1 1 
P22 PU43 PR41 T3

Map6
1 1 1 1 1 1 
1 0 0 0 F 1 
1 0 H F 0 G 
1 H 0 # 0 1 
S 0 0 0 0 1 
1 1 1 1 1 1 
PR42 PU12 P44 T4

Map6
1 1 1 1 1 1 
1 1 1 F 0 S 
1 0 1 0 # 1 
1 0 0 0 0 G 
1 0 F # 0 1 
1 1 1 1 1 1 
PL44 PR41 d14 T4

Map6
1 1 G 1 1 1 
1 1 0 H 0 S 
1 0 F F 0 1 
1 0 0 0 1 1 
1 0 0 0 0 1 
1 1 1 1 1 1 
d14 PD12 PR41 T4

Map6
1 1 G 1 1 1 
1 0 0 H 0 1 
1 F 0 # 0 1 
1 0 0 0 0 1 
1 0 F 0 0 1 
1 1 1 S 1 1 
PD11 PD33 D14 T3

Map6
1 1 1 1 1 1 
G F 0 0 1 1 
1 0 0 0 H 1 
1 0 # 0 0 1 
1 0 H # 0 S 
1 1 1 1 1 1 
PR13 PD43 D33 T5

Map6
1 1 1 1 1 1 
1 0 1 0 0 1 
1 F 0 H F 1 
1 H 1 0 0 G 
1 0 1 0 0 1 
1 S 1 1 1 1 
R33 PD41 PD14 T1

Map6
1 S 1 1 1 1 
1 # 0 0 0 1 
1 0 0 0 0 1 
1 F 0 H 0 1 
1 H 0 0 0 1 
1 1 1 G 1 1 
D12 u44 l41 T8

Map6
1 1 1 1 1 1 
1 0 0 0 # 1 
1 H 0 0 0 S 
G 0 # 0 0 1 
1 0 0 F F 1 
1 1 1 1 1 1 
R32 r31 l22 T7

Map6
1 1 1 1 1 1 
1 # 0 0 0 1 
1 0 H 0 0 S 
1 0 0 0 0 1 
1 0 F 0 0 1 
1 1 G 1 1 1 
R32 R44 r33 T5

Map6
1 1 S 1 1 1 
1 0 0 0 # 1 
1 0 0 0 H 1 
G F F 0 0 1 
1 0 0 0 0 1 
1 1 1 1 1 1 
PL22 PR34 p21 T5

Map6
1 1 1 S 1 1 
1 0 0 0 F 1 
G 0 F 0 # 1 
1 0 0 H # 1 
1 H 0 0 0 1 
1 1 1 1 1 1 
U32 U13 d11 T4

Map6
1 1 1 G 1 1 
1 0 0 0 # 1 
1 0 H F 0 1 
1 0 0 0 0 1 
S 0 0 0 F 1 
1 1 1 1 1 1 
L24 D43 r14 T5

Map6
1 1 1 1 1 1 
1 0 0 0 1 1 
G 0 1 0 0 S 
1 0 0 0 # 1 
1 H 0 H 0 1 
1 1 1 1 1 1 
p44 u11 u13 T9

Map6
1 1 1 1 1 1 
S 0 1 0 0 1 
1 0 1 0 # 1 
1 1 0 # F G 
1 F 0 0 0 1 
1 1 1 1 1 1 
L34 PD31 PU12 T3

Map6
1 1 1 1 1 1 
1 H 0 0 0 S 
1 0 0 0 # 1 
1 0 0 0 0 1 
1 0 F 0 0 1 
1 1 G 1 1 1 
R21 P12 P43 T4

Map6
1 1 1 1 1 1 
1 0 0 0 0 1 
1 0 0 0 0 1 
G 0 H F 0 1 
1 F 0 # 0 S 
1 1 1 1 1 1 
PL41 PL13 P24 T3

Map6
1 1 1 1 S 1 
1 0 F 1 0 1 
G 0 1 0 0 1 
1 0 0 F 0 1 
1 H 0 0 # 1 
1 1 1 1 1 1 
PR24 PU13 d34 T4

Map6
1 1 G 1 1 1 
1 # 0 # 0 1 
1 0 0 0 0 1 
1 0 0 H 0 S 
1 0 1 0 0 1 
1 1 1 1 1 1 
U44 P12 l41 T4

Map6
1 1 1 1 S 1 
1 0 0 0 0 1 
1 0 0 1 1 1 
1 H 0 1 0 1 
G 0 H 0 0 1 
1 1 1 1 1 1 
PL14 PD11 P23 T5

Map6
1 1 1 G 1 1 
1 0 0 F 0 1 
1 H 0 # 0 1 
1 0 0 0 0 1 
1 0 H 0 0 S 
1 1 1 1 1 1 
PL42 PU34 u43 T5

Map6
1 G 1 S 1 1 
1 0 0 F 1 1 
1 0 H 0 0 1 
1 H 0 0 0 1 
1 0 0 # 1 1 
1 1 1 1 1 1 
P14 PU11 PD23 T3

Map6
1 1 1 1 1 1 
1 0 0 0 0 1 
S 0 H 0 0 1 
1 0 0 0 0 G 
1 0 H 0 F 1 
1 1 1 1 1 1 
u21 U13 p32 T6

Map6
1 1 1 1 1 1 
1 0 F 1 0 G 
1 0 0 1 0 1 
1 0 H 0 0 1 
1 0 0 F 0 S 
1 1 1 1 1 1 
PR41 PL22 p13 T4

Map6
1 1 1 1 1 1 
1 0 H F 0 S 
G 0 0 1 0 1 
1 0 0 H 0 1 
1 F 0 0 0 1 
1 1 1 1 1 1 
PD22 PR41 p13 T6

Map6
1 1 1 1 1 1 
1 1 H 0 1 1 
1 0 0 0 F G 
1 0 0 0 0 1 
1 1 0 0 0 1 
1 1 1 1 S 1 
PU31 PU43 P24 T4

Map6
1 1 G 1 1 1 
1 F 0 1 0 1 
1 H 0 1 # S 
1 0 0 0 1 1 
1 F 0 # 0 1 
1 1 1 1 1 1 
PD41 PL33 p13 T5

Map6
1 1 1 1 1 1 
1 0 0 0 0 1 
1 0 0 0 F 1 
1 1 H 0 0 S 
1 0 H 0 0 1 
1 G 1 1 1 1 
U33 PD14 PU44 T2

Map6
1 1 G 1 S 1 
1 0 0 H 0 1 
1 0 0 1 0 1 
1 0 0 1 0 1 
1 H 0 0 0 1 
1 1 1 1 1 1 
P11 PU41 PL23 T4

Map6
1 1 1 G 1 1 
1 # 0 0 0 1 
1 H # 0 0 1 
1 0 0 H 0 1 
1 0 0 0 0 1 
1 1 1 S 1 1 
PU41 PR14 L44 T4

Map6
1 1 1 1 1 1 
1 0 0 F 0 S 
1 1 0 0 0 1 
1 0 0 # 0 1 
1 0 F 1 0 1 
1 G 1 1 1 1 
PU22 PD13 D11 T2

Map6
1 1 1 1 S 1 
1 0 0 # 0 1 
1 H F 0 0 1 
G # F 0 0 1 
1 0 0 0 H 1 
1 1 1 1 1 1 
R42 D21 D34 T4

Map6
1 S 1 1 1 1 
1 0 H 0 1 1 
1 0 0 0 H 1 
1 0 0 1 0 G 
1 0 0 0 0 1 
1 1 1 1 1 1 
PD22 PR43 p12 T4

Map6
1 1 1 1 1 1 
S 0 0 # F 1 
1 0 0 F 0 1 
1 H 0 0 0 1 
1 0 0 H 0 G 
1 1 1 1 1 1 
PD21 PU12 r11 T6

Map6
1 1 S 1 1 1 
1 0 0 0 0 1 
1 1 0 1 H 1 
1 0 1 H 0 1 
1 0 0 0 0 1 
1 G 1 1 1 1 
PU22 PR24 L44 T3

Map6
1 1 1 S 1 1 
1 0 0 0 0 1 
G F 0 0 0 1 
1 0 0 H 0 1 
1 0 0 0 0 1 
1 1 1 1 1 1 
d43 PR14 PU31 T4

Map6
1 1 1 1 1 1 
1 0 0 # 0 1 
1 0 0 0 0 1 
S 0 H 0 0 1 
1 0 0 # 0 1 
1 1 G 1 1 1 
D12 PU14 PR11 T3

Map6
1 1 1 1 1 1 
1 0 0 H 0 G 
1 0 0 0 1 1 
1 H 0 0 0 1 
1 0 1 0 0 S 
1 1 1 1 1 1 
PL43 PR41 L32 T3

Map6
1 1 1 1 1 1 
1 0 0 1 0 S 
1 0 0 0 1 1 
1 H 0 0 0 1 
1 1 0 H 0 1 
1 1 1 1 G 1 
PL32 PR41 P24 T5

Map6
1 1 1 1 1 1 
1 0 H H 0 1 
G 0 1 0 0 S 
1 0 0 0 0 1 
1 0 0 F F 1 
1 1 1 1 1 1 
PD11 PU33 p32 T4

Map6
1 1 1 1 1 1 
1 0 0 0 1 1 
1 H 0 0 F S 
1 1 H 0 0 1 
1 0 1 F 0 G 
1 1 1 1 1 1 
PU22 PD43 l11 T7

Map6
1 1 1 1 1 1 
G 0 1 0 0 1 
1 0 F 1 0 1 
1 0 # # 0 1 
1 0 F H 1 1 
1 1 S 1 1 1 
R13 PR31 PL11 T3

Map6
1 S 1 1 1 1 
1 0 0 0 0 1 
1 0 0 0 0 1 
1 0 0 1 # 1 
1 H # 0 0 1 
1 1 1 G 1 1 
l11 PR44 PL12 T6

Map6
1 1 1 1 1 1 
S F 0 H 0 1 
1 0 0 0 0 1 
1 0 0 0 1 1 
1 0 0 0 0 1 
1 1 G 1 1 1 
U32 PU34 PL21 T5

Map6
1 1 1 1 1 1 
1 F 0 # 0 1 
S 0 0 0 F 1 
1 H 1 0 0 G 
1 0 0 0 0 1 
1 1 1 1 1 1 
L32 r12 p44 T8

Map6
1 1 G 1 1 1 
1 0 0 # F 1 
1 H 0 0 0 1 
1 # 0 0 0 1 
1 0 1 1 0 S 
1 1 1 1 1 1 
PL33 PD42 l43 T4

Map6
1 1 1 1 1 1 
1 F H 0 F 1 
G 0 0 0 0 1 
1 0 0 0 # 1 
1 H 0 0 0 1 
1 1 S 1 1 1 
U31 l24 D23 T5

Map6
1 1 1 1 1 1 
1 0 0 0 0 1 
1 0 0 0 0 1 
1 1 F 0 F G 
1 0 0 0 0 1 
1 1 S 1 1 1 
L21 L14 L34 T7

Map6
1 1 1 1 1 1 
1 0 H 0 0 1 
1 0 0 0 0 1 
S 0 0 F 0 1 
1 0 # 0 F 1 
1 1 1 G 1 1 
U42 L23 r13 T5

Map6
1 1 1 G 1 1 
S 0 0 0 F 1 
1 H F 0 0 1 
1 0 0 0 0 1 
1 0 0 0 0 1 
1 1 1 1 1 1 
PL11 PD21 p24 T4

Map6
1 1 1 1 S 1 
1 0 0 0 0 1 
1 0 0 0 0 G 
1 0 0 0 H 1 
1 H 0 0 0 1 
1 1 1 1 1 1 
l21 PR42 PD11 T6

Map6
1 1 1 1 1 1 
1 0 0 H 0 1 
1 # 0 0 0 1 
1 0 # 0 0 1 
1 H 0 0 0 S 
1 1 G 1 1 1 
P34 D21 d43 T4

Map6
1 1 1 G 1 1 
1 F 0 0 0 1 
1 0 0 0 0 1 
1 0 0 # # 1 
S 0 H 0 0 1 
1 1 1 1 1 1 
PL14 PD12 p23 T4

Map6
1 1 1 1 1 1 
1 0 0 0 0 1 
S 0 F # H 1 
1 1 0 0 0 G 
1 # 0 0 0 1 
1 1 1 1 1 1 
PR11 PR33 U23 T2

Map6
1 S 1 1 1 1 
1 0 0 0 0 1 
1 0 0 0 0 1 
1 0 1 0 # G 
1 F 0 0 H 1 
1 1 1 1 1 1 
PU11 PL41 r32 T5

Map6
1 S 1 1 1 1 
1 0 0 0 F 1 
1 0 0 0 0 1 
G F 0 0 H 1 
1 H 0 0 0 1 
1 1 1 1 1 1 
U12 R31 D24 T4

Map6
1 1 1 1 1 1 
1 F 0 0 1 1 
1 0 0 1 0 S 
1 1 0 0 0 1 
1 0 # 0 # 1 
1 1 1 G 1 1 
L22 d43 L14 T6

Map6
1 1 1 S 1 1 
1 F H F 0 1 
1 0 0 0 0 1 
G 0 0 H 0 1 
1 # 0 0 1 1 
1 1 1 1 1 1 
U12 PD22 PU32 T4

Map6
1 1 S 1 1 1 
1 0 0 0 H 1 
1 0 H 0 0 1 
G # 0 0 0 1 
1 0 0 0 0 1 
1 1 1 1 1 1 
u42 PR32 PU21 T4

Map6
1 1 1 1 1 1 
1 H 0 0 0 S 
1 0 1 H 0 1 
1 0 0 0 0 1 
1 1 F 1 0 1 
1 1 G 1 1 1 
PD31 PL13 P44 T4

Map6
1 1 1 1 1 1 
G 0 H 0 0 S 
1 0 0 0 0 1 
1 0 0 1 F 1 
1 1 F # 0 1 
1 1 1 1 1 1 
R31 U44 p41 T5

Map6
1 S 1 1 1 1 
1 0 1 0 0 1 
1 0 1 0 0 1 
1 1 0 # H 1 
1 H 0 # 0 1 
1 1 G 1 1 1 
PU11 PU42 r32 T6

Map6
1 1 1 1 S 1 
1 0 F 0 0 1 
1 0 0 0 0 1 
1 F 0 H 0 1 
1 H # 0 0 1 
1 1 1 G 1 1 
PR12 PU44 u32 T5

Map6
1 1 1 1 1 1 
1 1 0 1 1 1 
1 0 H 0 0 S 
1 0 0 # 0 1 
1 H 0 0 0 1 
1 1 G 1 1 1 
PL32 PD44 U13 T4

Map6
1 1 1 1 S 1 
1 0 0 0 F 1 
G 0 0 H 0 1 
1 F 0 1 0 1 
1 0 0 0 1 1 
1 1 1 1 1 1 
d42 PD21 PU43 T3

Map6
1 1 G 1 1 1 
1 0 0 0 F 1 
1 0 # 0 0 1 
1 1 0 1 0 1 
1 # 0 H 0 1 
1 S 1 1 1 1 
r32 PL42 PL24 T4

Map6
1 S 1 1 1 1 
1 0 0 F 0 1 
1 1 0 H 1 1 
G 0 0 0 F 1 
1 1 0 H 0 1 
1 1 1 1 1 1 
PL21 PD22 L33 T2

Map6
1 1 1 1 S 1 
1 0 # 0 0 1 
1 0 0 # 0 1 
G 0 0 1 H 1 
1 H 0 0 F 1 
1 1 1 1 1 1 
PR11 PU41 p22 T5

Map6
1 1 S 1 1 1 
1 0 0 0 0 1 
1 0 0 0 0 1 
1 0 H # F G 
1 # 0 0 0 1 
1 1 1 1 1 1 
U41 R11 r32 T4

Map6
1 G 1 1 1 1 
1 # 0 0 0 1 
1 0 H H 1 1 
1 F 1 0 0 1 
1 F 0 0 0 S 
1 1 1 1 1 1 
PL21 PD33 L24 T3

Map6
1 1 G 1 1 1 
1 0 0 0 1 1 
S 0 F 1 0 1 
1 H 0 0 0 1 
1 0 0 0 0 1 
1 1 1 1 1 1 
r34 PL12 PD42 T4

Map6
1 1 1 1 1 1 
1 0 0 H 0 1 
1 F 0 1 0 G 
1 0 0 0 F 1 
S 0 1 0 0 1 
1 1 1 1 1 1 
L41 PD11 PD33 T5

Map6
1 1 1 S 1 1 
1 0 0 0 F 1 
1 H 0 0 0 1 
1 0 1 0 0 1 
G F 0 H 0 1 
1 1 1 1 1 1 
L33 PL42 PL24 T2

Map6
1 1 1 1 1 1 
1 0 1 0 0 1 
1 F 0 1 0 G 
1 0 0 0 0 1 
1 0 0 1 0 1 
1 S 1 1 1 1 
PL41 PU13 d24 T7

Map6
1 1 1 1 1 1 
1 # 0 1 0 1 
G 0 H 0 0 S 
1 0 0 F 0 1 
1 0 1 # 0 1 
1 1 1 1 1 1 
PU32 PL44 p13 T6

Map6
1 1 1 1 1 1 
1 0 0 0 0 1 
1 0 H 0 0 1 
1 1 0 0 0 1 
1 0 1 0 1 1 
1 S 1 G 1 1 
PU42 PD14 r41 T4

Map6
1 G 1 1 1 1 
1 F 1 0 0 1 
1 0 0 0 0 1 
1 0 0 H 0 1 
1 1 0 0 0 1 
1 1 1 S 1 1 
U24 PR13 PD34 T3

Map6
1 1 1 1 1 1 
1 0 H 0 0 1 
1 # 0 0 1 1 
1 0 0 0 0 G 
1 # 0 H 1 1 
1 S 1 1 1 1 
PU11 PU32 u22 T5

Map6
1 1 1 1 S 1 
1 0 0 0 0 1 
1 H # 0 0 1 
1 1 1 1 0 G 
1 # 0 0 H 1 
1 1 1 1 1 1 
U11 PL42 PR43 T4

Map6
1 1 1 G 1 1 
1 0 H 0 0 1 
1 # 0 # 0 1 
1 0 0 0 0 1 
S 0 0 0 H 1 
1 1 1 1 1 1 
u22 U24 l13 T6

Map6
1 1 1 1 1 1 
1 0 0 0 F S 
1 H 0 1 0 1 
1 0 H # 1 1 
1 0 0 1 0 1 
1 1 G 1 1 1 
d31 PR14 PU22 T4

Map6
1 1 1 1 1 1 
1 H 0 0 F 1 
G 0 1 0 0 1 
1 0 F # H 1 
S 0 0 # 1 1 
1 1 1 1 1 1 
u14 PD12 PR21 T4

Map6
1 1 1 1 1 1 
1 0 0 0 0 1 
1 0 0 H 0 G 
1 0 0 0 0 1 
S 0 0 H F 1 
1 1 1 1 1 1 
r43 d14 P24 T7

Map6
1 1 1 1 G 1 
1 H 0 1 0 1 
1 0 0 0 0 1 
1 0 0 1 0 1 
1 F H 1 F 1 
1 S 1 1 1 1 
PD21 PD12 D23 T3

Map6
1 1 1 1 S 1 
1 1 0 0 0 1 
1 0 F 0 0 1 
1 0 0 0 F 1 
1 0 H 0 0 1 
1 G 1 1 1 1 
u41 u32 R42 T7

Map6
1 1 1 1 G 1 
1 0 0 0 0 1 
1 H 1 1 0 1 
S 0 0 0 F 1 
1 0 # H 0 1 
1 1 1 1 1 1 
PR11 PU14 D23 T3

Map6
1 1 1 1 1 1 
1 F 0 H 0 1 
1 1 0 # 0 G 
1 0 0 0 F 1 
1 0 0 0 # 1 
1 1 1 S 1 1 
p21 u24 L33 T6

Map6
1 1 1 1 1 1 
1 F # 0 0 1 
1 1 0 0 1 1 
1 H F 0 0 G 
1 1 0 0 H 1 
1 1 S 1 1 1 
u22 l32 r41 T7

Map6
1 1 1 1 1 1 
1 0 1 0 0 S 
1 0 0 1 0 1 
G # # H F 1 
1 0 H F 0 1 
1 1 1 1 1 1 
PD11 PU42 p12 T5

Map6
1 1 G 1 1 1 
1 0 0 0 # 1 
1 1 F 0 H 1 
1 1 0 0 0 1 
1 H 0 0 0 1 
1 1 1 1 S 1 
r31 PL43 PL24 T6

Map6
1 1 1 1 S 1 
1 0 H # 0 1 
1 0 0 0 F G 
1 F H 1 1 1 
1 0 0 0 0 1 
1 1 1 1 1 1 
L11 PU41 PU14 T2

Map6
1 S 1 1 1 1 
1 0 0 0 F 1 
1 0 1 0 0 G 
1 0 0 0 F 1 
1 0 0 1 0 1 
1 1 1 1 1 1 
P33 PR32 PR14 T4

Map6
1 1 1 1 1 1 
1 0 0 # 0 1 
S 0 H 0 0 1 
1 0 0 0 F G 
1 1 # 0 0 1 
1 1 1 1 1 1 
r32 U13 d21 T6

Map6
1 1 1 1 1 1 
1 F # 0 0 1 
1 0 # 0 H 1 
1 0 0 0 0 1 
G F 0 1 0 1 
1 1 1 1 S 1 
PU23 PD44 L24 T4

Map6
1 1 1 S 1 1 
1 0 0 0 0 1 
1 0 1 H 0 1 
1 0 1 0 0 1 
1 # 0 H 0 1 
1 1 1 1 G 1 
L41 PL24 PD42 T3

Map6
1 S 1 1 1 1 
1 0 H 1 0 1 
1 0 0 0 0 1 
1 0 0 0 0 1 
1 F 0 0 0 1 
1 1 G 1 1 1 
U13 u12 r11 T4

Map6
1 1 1 1 1 1 
1 # 1 0 0 G 
1 0 0 0 F 1 
1 0 0 H 1 1 
1 0 # 0 0 1 
1 1 1 1 S 1 
r13 PL22 PR31 T5

Map6
1 1 G 1 1 1 
1 F F 0 0 1 
1 0 0 0 0 1 
1 0 H 0 0 S 
1 # 0 0 0 1 
1 1 1 1 1 1 
l12 L33 l43 T7

Map6
1 G 1 1 1 1 
1 0 F 0 0 1 
1 F 1 0 H 1 
1 H 0 1 0 1 
1 0 0 0 0 1 
1 1 1 1 S 1 
PR14 PL31 L43 T3

Map6
1 1 1 1 1 1 
1 0 0 0 1 1 
G 0 0 0 F 1 
1 H 0 0 0 1 
1 0 0 0 0 1 
1 1 1 1 S 1 
PL43 PU14 l22 T5

Map6
1 1 G 1 1 1 
1 H 0 0 0 S 
1 0 0 0 0 1 
1 0 0 # 0 1 
1 1 # 1 0 1 
1 1 1 1 1 1 
P31 P12 P43 T4

Map6
1 1 1 G 1 1 
S F 0 0 H 1 
1 H F 0 0 1 
1 # 0 0 0 1 
1 # 0 0 0 1 
1 1 1 1 1 1 
PR23 PL21 p44 T5

Map6
1 1 1 G 1 1 
1 0 1 0 0 1 
1 1 0 0 0 1 
1 0 1 F 0 1 
S 0 0 # F 1 
1 1 1 1 1 1 
U24 PD13 PU31 T2

Map6
1 1 S 1 1 1 
1 0 # 0 H 1 
1 1 0 1 0 1 
1 0 H 0 0 1 
1 0 0 0 0 1 
1 1 G 1 1 1 
d34 PU22 PR33 T5

Map6
1 1 1 1 1 1 
1 0 0 H 0 1 
S F 1 0 1 1 
1 0 1 0 0 1 
1 0 0 0 0 1 
1 1 G 1 1 1 
L34 D11 r14 T3

Map6
1 1 1 1 1 1 
1 0 0 1 0 1 
S # 0 H 0 G 
1 0 F 0 0 1 
1 0 0 1 1 1 
1 1 1 1 1 1 
R13 d43 D21 T4

Map6
1 1 1 1 1 1 
1 0 0 H 0 1 
G 0 0 1 0 S 
1 0 F 1 0 1 
1 0 F 0 H 1 
1 1 1 1 1 1 
D13 PU43 PD11 T3

Map6
1 1 1 G 1 1 
1 0 1 # 1 1 
1 0 # 0 0 1 
S 0 0 H 0 1 
1 0 H 0 0 1 
1 1 1 1 1 1 
L23 u42 l13 T7

Map6
1 1 1 1 1 1 
1 H 0 0 0 1 
1 0 F # F G 
1 0 0 0 1 1 
1 0 0 0 # 1 
1 S 1 1 1 1 
u31 D12 u14 T6

Map6
1 G 1 1 1 1 
1 0 0 0 0 1 
1 1 1 0 0 1 
1 0 0 0 F 1 
S # 0 0 F 1 
1 1 1 1 1 1 
PD13 PR32 R24 T5

Map6
1 1 1 1 1 1 
1 F 0 0 0 S 
G 0 0 0 0 1 
1 # F 0 0 1 
1 1 0 1 H 1 
1 1 1 1 1 1 
l32 D21 D33 T3

Map6
1 1 S 1 1 1 
1 # F 0 0 G 
1 0 0 1 1 1 
1 0 0 0 0 1 
1 0 F 1 0 1 
1 1 1 1 1 1 
PL23 PR31 R14 T4

Map6
1 1 1 1 1 1 
1 0 0 H 0 S 
1 0 F 1 1 1 
1 0 0 0 0 1 
1 0 0 1 0 1 
1 1 1 1 G 1 
d14 PR41 PL24 T5

Map6
1 S 1 1 1 1 
1 0 0 0 0 1 
1 0 0 0 0 1 
1 F H 0 F G 
1 # 0 H 0 1 
1 1 1 1 1 1 
PD41 PR33 D12 T5

Map6
1 1 1 1 1 1 
1 0 0 0 0 1 
S 0 0 0 1 1 
1 H H 1 0 1 
1 0 # 0 0 G 
1 1 1 1 1 1 
r41 PD43 PU32 T7

Map6
1 1 G 1 1 1 
1 H 0 # 0 1 
1 0 0 0 0 1 
1 1 1 # 0 1 
1 0 F 0 0 1 
1 1 S 1 1 1 
R14 PR41 PR12 T4

Map6
1 1 1 1 1 1 
1 1 0 0 0 1 
1 0 H 0 0 1 
1 0 0 F 0 S 
1 1 H 0 0 1 
1 1 1 G 1 1 
PR43 PU42 d41 T4

Map6
1 1 1 G 1 1 
S # 0 0 F 1 
1 H 0 0 0 1 
1 F # 0 0 1 
1 0 0 0 0 1 
1 1 1 1 1 1 
PD22 PL21 p24 T4

Map6
1 1 1 1 S 1 
1 # 0 1 0 1 
G 0 1 0 0 1 
1 0 0 0 0 1 
1 0 0 H H 1 
1 1 1 1 1 1 
PL12 PD13 L43 T6

Map6
1 1 1 1 1 1 
1 0 0 1 0 G 
S 0 # 0 F 1 
1 0 1 H F 1 
1 0 0 0 1 1 
1 1 1 1 1 1 
U32 PR41 PD21 T2

Map6
1 1 G 1 1 1 
1 # 0 F 0 1 
1 # H 0 0 1 
1 F 0 0 0 1 
1 0 0 H 0 1 
1 1 S 1 1 1 
R23 PR14 PU21 T2

Map6
1 1 1 1 S 1 
1 0 0 0 0 1 
1 0 0 F # 1 
1 0 0 # 0 1 
1 F 0 0 H 1 
1 1 1 G 1 1 
U43 d31 d24 T8

Map6
1 1 1 1 1 1 
1 H 0 0 0 1 
G 0 0 0 0 1 
1 0 0 0 0 1 
S 0 H 0 # 1 
1 1 1 1 1 1 
PL14 PR21 D43 T3

Map6
1 S 1 1 1 1 
1 0 0 0 H 1 
1 0 1 0 1 1 
1 H 0 0 # 1 
1 0 # 0 0 1 
1 1 1 1 G 1 
PL21 PR23 D12 T3

Map6
1 1 1 1 1 1 
1 0 0 0 1 1 
1 0 0 0 H 1 
1 1 # F 0 G 
1 F 0 0 # 1 
1 1 1 1 S 1 
PU24 PR43 d31 T6

Map6
1 1 1 G 1 1 
1 0 0 0 F 1 
1 0 0 0 0 1 
1 0 0 1 0 1 
S 0 0 0 F 1 
1 1 1 1 1 1 
D34 PR11 PU31 T3

Map6
1 1 1 G 1 1 
1 0 1 0 0 1 
1 0 # H 1 1 
1 0 0 0 1 1 
1 0 0 0 0 1 
1 1 1 S 1 1 
l14 PL41 PL33 T6

Map6
1 1 G 1 1 1 
1 0 F F 0 1 
1 0 0 # 0 1 
1 0 0 0 0 1 
1 H 0 # 0 1 
1 1 1 S 1 1 
PR12 PR33 l43 T6

Map6
1 1 1 1 1 1 
1 0 0 0 0 1 
1 0 0 0 0 1 
S 0 0 0 H 1 
1 0 F # 0 1 
1 1 1 G 1 1 
u21 R23 d32 T5

Map6
1 1 1 1 1 1 
1 0 H 0 # 1 
1 0 0 0 0 1 
G 0 H 0 F 1 
1 0 0 0 0 1 
1 1 S 1 1 1 
PD11 PR31 R14 T4

Map6
1 1 S 1 1 1 
1 0 0 0 0 1 
1 1 0 0 # 1 
1 0 H 0 0 1 
1 0 0 1 0 1 
1 1 G 1 1 1 
PD24 PR11 U22 T2

Map6
1 1 1 1 1 1 
1 1 0 0 H 1 
S 0 0 H 0 G 
1 0 0 0 0 1 
1 0 0 0 0 1 
1 1 1 1 1 1 
R22 PD43 PR42 T4

Map6
1 1 1 1 1 1 
1 0 0 0 0 1 
1 0 H 0 F G 
1 0 0 0 0 1 
S 0 0 H 0 1 
1 1 1 1 1 1 
PD31 PL14 P33 T2

Map6
1 G 1 1 1 1 
1 0 H 0 0 S 
1 0 0 0 0 1 
1 H 0 0 F 1 
1 0 # 0 0 1 
1 1 1 1 1 1 
d44 l42 D31 T6

Map6
1 1 1 1 S 1 
1 1 H 0 0 1 
1 1 0 H 0 1 
1 0 0 0 F 1 
1 0 0 0 F 1 
1 G 1 1 1 1 
P42 PR31 PL23 T3

Map6
1 1 G 1 1 1 
1 0 0 H 0 S 
1 F 0 0 1 1 
1 0 0 0 H 1 
1 0 F 1 0 1 
1 1 1 1 1 1 
PD32 PR41 u33 T4

Map6
1 1 1 1 1 1 
1 0 0 0 1 1 
S 0 0 H 0 1 
1 F 0 0 0 1 
1 0 F H 0 1 
1 1 1 1 G 1 
PR23 PU22 u11 T6

Map6
1 1 1 1 1 1 
1 1 0 0 # 1 
1 F F 0 0 G 
1 0 0 0 0 1 
1 0 # 0 0 1 
1 S 1 1 1 1 
P31 PU44 PL13 T4

Map6
1 1 1 1 S 1 
1 1 0 0 0 1 
1 F 0 0 0 1 
G 0 F 0 H 1 
1 # 0 0 0 1 
1 1 1 1 1 1 
r41 r32 P42 T6

Map6
1 1 1 G 1 1 
1 0 H 0 0 1 
1 F 0 F 0 1 
1 0 0 1 0 1 
1 1 # 1 0 1 
1 1 S 1 1 1 
R22 PR13 PU31 T2

Map6
1 1 1 1 S 1 
1 0 0 F 0 1 
1 0 H 0 # 1 
1 # 0 0 H 1 
G 0 0 0 0 1 
1 1 1 1 1 1 
P32 PU41 PU34 T4

Map6
1 1 1 1 S 1 
1 0 0 0 0 1 
1 0 0 0 H 1 
1 1 0 0 0 G 
1 H F 0 0 1 
1 1 1 1 1 1 
PU41 PL22 l32 T6

Map6
1 1 1 1 1 1 
G F 0 0 0 1 
1 H # 0 0 1 
1 0 0 0 0 1 
S 0 0 H 1 1 
1 1 1 1 1 1 
L24 PD13 PR32 T4

Map6
1 1 1 1 1 1 
1 H 0 0 0 S 
1 0 1 0 F 1 
G 0 0 0 1 1 
1 F 0 0 1 1 
1 1 1 1 1 1 
p32 d41 R21 T4

Map6
1 1 1 1 1 1 
S # 0 0 F 1 
1 0 0 0 # 1 
1 F 0 0 0 1 
1 0 0 0 H 1 
1 1 1 G 1 1 
p22 U31 P23 T5

Map6
1 1 1 1 1 1 
G 0 H H 0 1 
1 1 0 0 0 S 
1 0 1 0 F 1 
1 0 F 0 0 1 
1 1 1 1 1 1 
P22 PL11 PL44 T3

Map6
1 1 G 1 1 1 
S 0 0 F 1 1 
1 H 0 0 F 1 
1 0 0 0 H 1 
1 0 0 0 1 1 
1 1 1 1 1 1 
D14 PL11 PD32 T3

Map6
1 1 1 1 1 1 
1 0 0 0 F 1 
1 0 0 0 0 1 
1 0 # H 0 1 
1 0 0 F 0 1 
1 1 G 1 S 1 
L42 d32 p13 T8

Map6
1 1 1 1 1 1 
S 0 1 0 0 1 
1 0 1 F 0 1 
1 0 1 0 0 1 
1 0 0 F 0 1 
1 1 G 1 1 1 
P14 PL11 PL44 T2

Map6
1 1 1 1 1 1 
1 0 0 F 0 1 
1 0 1 0 0 1 
1 H 0 0 0 S 
G # 0 1 0 1 
1 1 1 1 1 1 
PL24 PU44 D33 T2

Map6
1 1 1 1 S 1 
1 0 1 0 # 1 
1 0 0 0 1 1 
1 1 F 0 0 1 
G 0 0 F # 1 
1 1 1 1 1 1 
p31 U33 L12 T6

Map6
1 1 1 1 1 1 
1 0 H 0 0 1 
1 0 F 0 H 1 
1 0 0 0 0 G 
1 # 0 # 0 1 
1 1 S 1 1 1 
u12 PD24 PL32 T4

Map6
1 1 1 1 1 1 
1 F 0 0 0 S 
1 0 0 H 0 1 
1 0 # 0 0 1 
1 0 0 0 H 1 
1 G 1 1 1 1 
PU42 PL22 P31 T3

Map6
1 1 1 1 1 1 
1 0 0 0 0 1 
1 0 0 1 H 1 
1 1 F H 0 G 
S 0 0 0 F 1 
1 1 1 1 1 1 
PR11 PR43 R34 T3

Map6
1 1 1 1 1 1 
1 0 0 0 F 1 
1 1 1 0 0 1 
1 1 H 0 0 S 
1 0 # # 0 1 
1 1 1 G 1 1 
PR14 PU44 U33 T3

Map6
1 1 1 G 1 1 
1 0 F 0 0 1 
1 0 H 0 0 1 
1 0 0 0 0 1 
1 0 F 0 0 1 
1 1 S 1 1 1 
L34 p23 r14 T6

Map6
1 1 1 1 S 1 
1 1 0 0 0 1 
1 F 0 0 0 1 
G 0 F 0 0 1 
1 0 # 0 H 1 
1 1 1 1 1 1 
D31 r32 R43 T4

Map6
1 1 1 1 1 1 
1 0 0 0 0 1 
1 0 0 0 0 1 
1 H # 0 0 1 
1 0 # 0 F 1 
1 S 1 G 1 1 
PD14 PU12 l21 T4

Map6
1 1 1 1 1 1 
1 F H 0 0 S 
1 0 0 0 0 1 
1 0 0 0 0 G 
1 0 0 0 H 1 
1 1 1 1 1 1 
u12 PR31 PL22 T4

Map6
1 1 1 1 1 1 
1 F 0 0 0 1 
1 # H 0 0 S 
1 H 0 0 0 1 
1 # 0 0 0 1 
1 1 G 1 1 1 
PD23 PL41 U33 T2

Map6
1 1 G 1 1 1 
1 0 F 0 0 1 
1 0 0 0 0 1 
S 0 0 H 0 1 
1 0 H 0 0 1 
1 1 1 1 1 1 
PR11 PR23 l12 T5

Map6
1 1 1 1 1 1 
1 1 0 0 0 1 
1 # H 0 F G 
1 # 0 0 0 1 
S 0 0 1 1 1 
1 1 1 1 1 1 
l14 R32 D24 T5

Map6
1 1 1 1 1 1 
1 0 1 F 0 1 
1 0 0 0 F 1 
1 0 1 # 0 G 
1 0 0 0 # 1 
1 S 1 1 1 1 
L11 PU34 PL32 T3

Map6
1 1 1 1 1 1 
1 0 0 0 0 S 
1 1 1 0 0 1 
1 0 0 0 0 G 
1 1 0 H F 1 
1 1 1 1 1 1 
PL33 PU43 d41 T5

Map6
1 1 1 1 1 1 
1 0 0 H 0 1 
S 0 1 0 0 1 
1 1 0 0 0 1 
1 0 0 0 0 1 
1 1 1 G 1 1 
d12 PR23 PD11 T4

Map6
1 1 1 1 1 1 
1 0 1 # 0 1 
1 0 0 1 0 1 
1 0 0 H 0 G 
1 0 0 H 0 1 
1 S 1 1 1 1 
PU23 PR43 d13 T4

Map6
1 1 1 S 1 1 
1 0 0 0 0 1 
1 0 0 0 0 1 
1 H 1 0 1 1 
1 0 0 H 1 1 
1 G 1 1 1 1 
d31 PL32 PD14 T5

Map6
1 1 1 1 S 1 
1 1 0 0 0 1 
1 0 H F 0 1 
1 0 0 H 0 1 
1 0 0 0 F 1 
1 1 G 1 1 1 
R42 PR21 PD23 T2

Map6
1 1 1 S 1 1 
1 H 0 0 F 1 
1 0 0 1 F 1 
G 0 1 0 0 1 
1 0 0 1 0 1 
1 1 1 1 1 1 
r31 PD12 PR21 T4

Map6
1 G 1 1 1 1 
1 0 H 0 0 1 
1 H 0 0 # 1 
1 0 0 0 0 1 
1 0 F 0 1 1 
1 1 S 1 1 1 
PU11 PL33 U22 T2

Map6
1 1 1 1 1 1 
1 0 # 0 1 1 
G F 0 1 0 1 
1 0 0 0 0 S 
1 0 F 0 0 1 
1 1 1 1 1 1 
PD13 PU23 u14 T6

Map6
1 1 1 1 1 1 
1 0 0 0 0 1 
1 0 0 0 H 1 
S 0 F H 0 G 
1 F 0 0 0 1 
1 1 1 1 1 1 
U24 PR11 PR43 T2

Map6
1 1 1 1 1 1 
1 # 0 0 F 1 
1 F H 0 0 1 
1 0 0 # 0 G 
1 0 0 0 0 1 
1 1 S 1 1 1 
P23 u31 d44 T10

Map6
1 1 1 G 1 1 
1 # 0 0 H 1 
1 0 0 0 0 1 
S 0 0 H 0 1 
1 0 0 0 0 1 
1 1 1 1 1 1 
p13 PD42 PD23 T5

Map6
1 1 1 1 1 1 
1 0 H 0 0 1 
1 0 0 1 0 G 
1 1 0 0 1 1 
1 0 # 0 0 S 
1 1 1 1 1 1 
PD41 PD22 L14 T3

Map6
1 1 1 1 1 1 
1 0 1 H # 1 
G 0 1 F 0 1 
1 0 # F 0 1 
1 0 0 0 0 1 
1 1 1 S 1 1 
R11 l44 R24 T6

Map6
1 1 1 1 1 1 
1 # F 0 1 1 
1 0 1 0 0 1 
G 0 1 F 0 S 
1 0 # 0 0 1 
1 1 1 1 1 1 
PR43 PR14 u44 T7

Map6
1 1 S 1 1 1 
G 0 0 0 0 1 
1 0 H 0 0 1 
1 0 F 0 0 1 
1 F 0 1 0 1 
1 1 1 1 1 1 
PR31 PU21 d44 T7

Map6
1 1 1 1 1 1 
S 0 0 F 1 1 
1 # 0 0 0 1 
1 0 0 0 0 1 
1 0 1 0 F 1 
1 1 1 G 1 1 
PU13 PD32 R21 T2

Map6
1 1 1 1 1 1 
1 0 0 1 H 1 
S 0 0 F 1 1 
1 0 F # 0 1 
1 0 # 0 H 1 
1 1 1 G 1 1 
PL22 PU43 p12 T5

Map6
1 1 1 1 1 1 
1 0 # 0 0 1 
G F 0 H 0 1 
1 0 0 1 1 1 
1 0 1 0 0 1 
1 1 1 S 1 1 
PL44 PR13 r23 T5

Map6
1 1 S 1 1 1 
1 0 0 H 0 1 
1 0 1 0 0 G 
1 1 0 0 0 1 
1 0 0 0 0 1 
1 1 1 1 1 1 
PU21 PL33 d43 T6

Map6
1 1 1 1 1 1 
1 0 0 F 0 1 
1 0 0 # 0 1 
1 0 # 0 0 G 
S 0 0 0 H 1 
1 1 1 1 1 1 
U24 l11 r13 T7

Map6
1 1 1 1 1 1 
S 0 0 1 1 1 
1 0 0 0 H 1 
1 # 0 0 F 1 
1 # 1 0 0 1 
1 1 1 1 G 1 
PR12 PR34 R23 T4

Map6
1 1 1 1 1 1 
S 0 0 0 0 1 
1 # 0 1 0 1 
1 0 1 0 0 G 
1 0 0 0 F 1 
1 1 1 1 1 1 
PR33 PD21 u11 T5

Map6
1 1 1 G 1 1 
1 0 0 0 0 1 
1 0 0 0 H 1 
1 0 0 1 1 1 
1 F 0 # 0 1 
1 1 1 S 1 1 
PR24 PD41 L44 T4

Map6
1 1 1 1 1 1 
1 0 0 0 0 1 
S 0 0 1 1 1 
1 H H F 0 1 
1 0 0 0 0 1 
1 1 1 G 1 1 
PR11 PR14 u24 T5

Map6
1 S 1 1 1 1 
1 0 0 0 0 1 
1 F # 0 0 1 
1 0 0 H 0 1 
1 H 0 0 0 1 
1 1 G 1 1 1 
U13 L41 r31 T4

Map6
1 1 1 G 1 1 
1 0 0 0 F 1 
1 0 0 0 0 1 
1 0 0 H 0 1 
1 F 0 0 0 1 
1 1 1 1 S 1 
PR24 PL42 r34 T5

Map6
1 1 1 1 1 1 
1 # 0 1 0 1 
1 0 F 0 0 1 
1 0 0 H 0 G 
1 0 0 F 0 1 
1 1 1 S 1 1 
L44 PU23 PD41 T5

Map6
1 1 1 S 1 1 
1 0 H 0 0 1 
G # H 0 0 1 
1 0 0 1 0 1 
1 1 F 1 0 1 
1 1 1 1 1 1 
PL23 PD41 U11 T5

Map6
1 1 G 1 1 1 
1 0 0 H 0 1 
1 F 0 0 0 1 
1 0 0 0 1 1 
1 0 H 0 0 1 
1 1 1 1 S 1 
l44 PL33 PR34 T4

Map6
1 1 1 1 1 1 
1 H 0 0 0 1 
1 0 1 0 0 S 
G 0 0 H 0 1 
1 0 1 F 0 1 
1 1 1 1 1 1 
l43 PU44 PD12 T5

Map6
1 1 1 1 1 1 
1 0 1 0 0 1 
1 0 0 1 0 1 
S # 0 H 0 G 
1 0 H 0 0 1 
1 1 1 1 1 1 
d44 PD41 PL23 T4

Map6
1 1 1 1 1 1 
1 0 0 H 0 1 
1 0 H 0 0 G 
1 0 0 0 0 1 
1 1 0 0 1 1 
1 1 S 1 1 1 
L41 PL32 PL23 T6

Map6
1 1 1 1 1 1 
1 H 0 0 0 S 
1 0 0 0 F 1 
1 0 0 0 0 1 
1 0 F 0 # 1 
1 1 G 1 1 1 
l13 r32 P21 T7

Map6
1 1 1 G 1 1 
1 0 F 0 0 1 
1 # 0 0 0 1 
1 0 # 0 H 1 
S F 0 0 H 1 
1 1 1 1 1 1 
PL41 PD34 R11 T3

Map6
1 1 1 1 1 1 
1 1 0 0 0 1 
1 0 1 0 0 G 
S 0 0 0 H 1 
1 1 0 H 0 1 
1 1 1 1 1 1 
P31 PU33 PU24 T3

Map6
1 1 1 G 1 1 
1 1 0 # F 1 
1 0 0 0 0 1 
1 H F 0 1 1 
S 0 0 0 H 1 
1 1 1 1 1 1 
L21 PR42 PD34 T4

Map6
1 1 S 1 1 1 
1 0 0 0 0 1 
1 0 0 0 0 1 
1 1 H # 0 1 
1 0 0 0 1 1 
1 1 G 1 1 1 
R11 R41 D14 T4

Map6
1 1 1 1 1 1 
1 0 0 0 F 1 
1 0 0 0 0 G 
1 # F 0 0 1 
1 H 0 0 0 1 
1 1 1 1 S 1 
PL31 PL43 P24 T4

Map6
1 1 1 1 1 1 
1 1 0 1 0 1 
1 0 # 0 0 1 
S 0 F H 0 1 
1 0 0 0 0 1 
1 1 G 1 1 1 
PU43 PL13 P12 T4

Map6
1 1 1 1 1 1 
1 # 0 0 F 1 
1 1 0 0 0 1 
1 0 1 0 # 1 
G 0 0 1 0 1 
1 1 1 1 S 1 
U31 PL42 PL14 T4

Map6
1 1 1 1 1 1 
S 0 0 0 H 1 
1 0 0 0 0 1 
1 0 0 0 H 1 
1 0 1 0 # G 
1 1 1 1 1 1 
L21 p11 P42 T6

Map6
1 G 1 S 1 1 
1 0 0 0 0 1 
1 0 F H H 1 
1 1 0 0 0 1 
1 0 0 # # 1 
1 1 1 1 1 1 
d14 PD33 PU31 T7

Map6
1 1 1 G 1 1 
1 F 0 0 0 1 
1 0 0 0 0 1 
1 # 0 H 0 1 
1 # 0 0 F S 
1 1 1 1 1 1 
R41 PD12 PR21 T3

Map6
1 1 1 G 1 1 
1 0 H 0 # 1 
1 0 0 1 0 1 
1 0 # F 0 1 
1 0 1 0 0 1 
1 S 1 1 1 1 
PU31 PL22 l13 T3

Map6
1 1 1 1 1 1 
1 0 1 1 0 1 
G 0 H 0 0 S 
1 0 0 0 0 1 
1 H 0 0 0 1 
1 1 1 1 1 1 
p42 P11 D41 T5

Map6
1 S 1 1 G 1 
1 0 0 0 0 1 
1 H F 0 1 1 
1 0 0 0 0 1 
1 0 1 H 0 1 
1 1 1 1 1 1 
PD21 PU11 u23 T6

Map6
1 S 1 1 1 1 
1 F 0 0 0 1 
1 0 0 0 0 1 
G 0 0 0 0 1 
1 F 0 0 0 1 
1 1 1 1 1 1 
PD21 PU12 P24 T2

Map6
1 1 1 1 1 1 
1 # 0 0 F 1 
1 H 0 F 0 G 
1 0 0 # 0 1 
1 H 0 0 0 S 
1 1 1 1 1 1 
U13 PR42 PL34 T5

Map6
1 S 1 G 1 1 
1 F 0 0 0 1 
1 0 H 0 0 1 
1 1 H 0 0 1 
1 0 0 0 0 1 
1 1 1 1 1 1 
PU12 PR14 u24 T3

Map6
1 1 1 1 1 1 
G 0 0 H 0 1 
1 0 1 0 0 1 
1 H 0 0 0 S 
1 0 0 1 0 1 
1 1 1 1 1 1 
l43 PU33 PL11 T5

Map6
1 1 1 1 G 1 
1 1 0 1 # 1 
1 0 # H 0 1 
1 0 0 1 0 1 
1 0 F 0 H 1 
1 1 1 S 1 1 
l14 PU42 PL23 T5

Map6
1 1 1 G 1 1 
1 0 0 0 1 1 
1 1 0 # 0 1 
1 0 H # 0 1 
S 0 0 F 1 1 
1 1 1 1 1 1 
U24 PL42 PD13 T5

Map6
1 1 1 S 1 1 
1 0 0 0 0 1 
1 0 F H # G 
1 0 1 0 0 1 
1 0 0 0 # 1 
1 1 1 1 1 1 
PL21 PU31 p43 T6

Map6
1 1 1 1 1 1 
G 0 0 0 1 1 
1 1 0 # 0 1 
1 0 1 0 F 1 
S 0 0 H 0 1 
1 1 1 1 1 1 
P24 PU22 PD13 T3

Map6
1 1 1 1 1 1 
1 F 0 0 0 1 
1 0 H 0 # G 
1 0 0 0 F 1 
1 H 0 0 0 1 
1 1 S 1 1 1 
l33 p24 U23 T6

Map6
1 1 1 1 1 1 
S 0 0 1 0 1 
1 0 1 0 0 G 
1 0 0 0 1 1 
1 F 0 0 0 1 
1 1 1 1 1 1 
D24 PL11 PL44 T3

Map6
1 1 1 1 1 1 
1 F 0 H 0 1 
1 0 0 0 0 G 
1 1 0 0 H 1 
1 0 0 0 F 1 
1 1 1 S 1 1 
L33 d23 p34 T7

Map6
1 1 1 1 1 1 
1 H 0 F F 1 
G 0 0 0 0 1 
1 0 0 0 # 1 
1 0 0 0 0 1 
1 1 1 1 S 1 
PD13 PR42 l23 T5

Map6
1 1 1 1 S 1 
1 H 0 0 # 1 
G 0 0 1 0 1 
1 0 0 1 0 1 
1 0 0 0 1 1 
1 1 1 1 1 1 
PR31 PD21 R23 T4

Map6
1 1 1 1 1 1 
1 0 0 0 0 1 
G F 0 0 H 1 
1 0 0 # 0 1 
1 0 0 0 0 1 
1 1 1 1 S 1 
D43 R21 P14 T4

Map6
1 1 1 1 1 1 
1 0 # 0 0 1 
1 H 0 H 0 G 
1 1 0 0 0 1 
1 1 0 0 F 1 
1 1 1 S 1 1 
PD22 PD34 r43 T6

Map6
1 1 1 1 G 1 
1 1 0 F 0 1 
1 0 0 H 0 S 
1 0 0 0 1 1 
1 0 H 0 0 1 
1 1 1 1 1 1 
PR42 PD12 P33 T6

Map6
1 1 1 1 1 1 
1 H 0 F 0 1 
1 0 0 0 0 G 
S 0 F 1 0 1 
1 0 0 0 H 1 
1 1 1 1 1 1 
PL13 PL34 P21 T4

Map6
1 1 1 1 1 1 
1 0 0 0 0 1 
1 0 H 0 0 1 
S 0 H 0 0 1 
1 0 0 0 F 1 
1 1 1 G 1 1 
u21 PL13 PU12 T4

Map6
1 1 1 1 1 1 
1 0 F 0 # 1 
1 0 0 0 0 G 
S F 0 1 0 1 
1 0 0 0 # 1 
1 1 1 1 1 1 
PL23 PU12 D43 T4

Map6
1 1 1 1 1 1 
1 0 0 0 H 1 
G F 0 H 0 1 
1 0 0 F 0 1 
1 1 0 1 0 S 
1 1 1 1 1 1 
R21 PU42 PL13 T5

Map6
1 1 1 1 1 1 
1 0 0 0 F 1 
1 0 0 0 0 1 
1 0 1 0 # G 
1 0 0 0 H 1 
1 1 S 1 1 1 
P42 PU11 PU34 T6

Map6
1 1 1 1 1 1 
1 F 0 0 F 1 
1 0 # 0 0 G 
1 0 0 0 # 1 
1 0 0 0 0 1 
1 S 1 1 1 1 
PU21 PL12 P33 T4

Map6
1 1 1 G 1 1 
1 0 0 0 0 1 
1 0 0 0 H 1 
1 0 0 H 0 1 
1 0 0 0 F 1 
1 1 1 1 S 1 
l21 PD43 PR11 T3

Map6
1 1 1 1 1 1 
S 0 0 H 0 1 
1 0 0 H 0 1 
1 0 0 0 0 1 
1 F 0 0 0 1 
1 1 1 G 1 1 
PU12 PD33 D21 T2

Map6
1 1 1 1 1 1 
1 0 0 F F 1 
1 0 0 0 0 G 
1 H 0 0 0 1 
1 0 0 0 0 1 
1 1 1 S 1 1 
D33 U21 P14 T4

Map6
1 1 1 1 1 1 
S 0 F 1 H 1 
1 0 0 0 0 1 
1 0 0 0 0 1 
1 1 F 0 # 1 
1 1 1 G 1 1 
PU13 PL11 R42 T3

Map6
1 1 1 1 1 1 
1 # 0 H 0 G 
1 0 0 H # 1 
1 0 F 0 0 1 
1 0 0 1 0 1 
1 1 S 1 1 1 
P21 PR41 PR12 T2

Map6
1 1 1 1 1 1 
1 H 0 # F 1 
1 0 0 0 0 G 
1 0 0 # 0 1 
1 0 1 1 1 1 
1 S 1 1 1 1 
PL23 PD21 L12 T3

Map6
1 1 1 G 1 1 
1 0 F 0 0 1 
1 # H 1 0 1 
1 0 0 0 H 1 
1 F 1 0 0 1 
1 1 1 1 S 1 
PR11 PD44 D41 T2

Map6
1 1 S 1 1 1 
1 0 0 0 0 1 
1 0 H 0 0 1 
1 0 0 0 # 1 
1 F H 1 # 1 
1 G 1 1 1 1 
PR31 PU21 u42 T5

Map6
1 G 1 1 1 1 
1 0 H 0 0 S 
1 F 0 1 0 1 
1 0 0 # 0 1 
1 0 0 0 F 1 
1 1 1 1 1 1 
U31 PU42 PD22 T4

Map6
1 1 1 S 1 1 
1 0 0 0 0 1 
1 0 0 F 0 1 
1 0 0 1 0 1 
1 1 F 0 0 1 
1 1 1 G 1 1 
PD34 PR11 L41 T4

Map6
1 1 1 1 1 1 
1 # F 0 1 1 
1 0 0 0 0 G 
1 0 1 0 # 1 
1 1 0 F 0 S 
1 1 1 1 1 1 
l13 PR24 PL31 T5

Map6
1 1 1 1 1 1 
S 0 H 0 0 G 
1 F # 0 # 1 
1 F 0 0 0 1 
1 0 0 H 0 1 
1 1 1 1 1 1 
PL11 PD31 P33 T4

Map6
1 1 1 1 1 1 
S 0 0 H 0 1 
1 0 0 0 # 1 
1 0 H F 0 1 
1 0 0 F 0 1 
1 1 1 G 1 1 
P21 D13 d22 T5

Map6
1 1 1 1 1 1 
1 0 H 0 0 S 
1 # 0 0 0 1 
G 0 0 1 0 1 
1 0 0 0 H 1 
1 1 1 1 1 1 
R43 R14 U31 T5

Map6
1 S 1 1 1 1 
1 # 0 # 0 1 
G 0 1 0 H 1 
1 H 0 0 0 1 
1 0 0 0 0 1 
1 1 1 1 1 1 
PR14 PL12 l21 T5

Map6
1 1 1 1 1 1 
1 H 0 0 0 1 
G 0 H 0 0 S 
1 0 0 0 0 1 
1 0 0 0 0 1 
1 1 1 1 1 1 
L32 PU43 PL12 T2

Map6
1 1 1 G 1 1 
1 0 0 0 0 1 
1 0 F H 0 1 
S # H 0 0 1 
1 0 F 0 0 1 
1 1 1 1 1 1 
D12 l41 R21 T5

Map6
1 S 1 1 1 1 
1 0 1 # 0 G 
1 H # 0 0 1 
1 0 0 0 0 1 
1 0 0 H 0 1 
1 1 1 1 1 1 
PD42 PU11 l13 T9

Map6
1 1 1 G 1 1 
1 F # 0 0 1 
1 0 F H # 1 
1 0 0 0 0 1 
1 0 0 0 0 1 
1 S 1 1 1 1 
PR41 PL33 L12 T5

Map6
1 1 G 1 1 1 
1 0 0 0 H 1 
1 0 # H 0 S 
1 1 # 0 0 1 
1 0 0 0 0 1 
1 1 1 1 1 1 
PR42 PD33 U14 T3

Map6
1 1 1 1 1 1 
1 F 0 0 0 1 
1 0 0 0 0 1 
G 0 # 0 0 1 
1 H 0 0 F 1 
1 1 1 1 S 1 
l12 p41 l43 T8

Map6
1 S 1 1 1 1 
1 0 0 0 1 1 
1 1 0 H 0 1 
1 0 0 0 0 1 
1 # H 0 0 1 
1 1 1 G 1 1 
R13 p11 D43 T5

Map6
1 1 1 1 1 1 
1 0 H 0 # 1 
1 0 0 1 F 1 
1 0 1 0 0 G 
1 0 1 0 0 1 
1 S 1 1 1 1 
l13 PR33 PL22 T3

Map6
1 1 1 G 1 1 
1 # H 0 0 S 
1 0 0 0 0 1 
1 # 0 0 0 1 
1 0 H 0 0 1 
1 1 1 1 1 1 
d44 PD12 PU31 T6

Map6
1 1 1 1 1 1 
1 0 0 0 F G 
1 0 0 0 0 1 
1 F 0 0 0 1 
1 0 H 0 0 S 
1 1 1 1 1 1 
PD42 PD34 L23 T5

Map6
1 1 1 1 1 1 
1 1 0 0 F S 
1 0 0 H 0 1 
1 0 1 0 0 G 
1 0 1 0 0 1 
1 1 1 1 1 1 
PD42 PU22 r21 T4

Map6
1 1 1 1 1 1 
1 # 0 0 0 1 
1 0 0 0 1 1 
G 0 H F 0 1 
1 0 0 0 H 1 
1 1 S 1 1 1 
PD24 PR22 d14 T7

Map6
1 1 1 1 1 1 
G 0 0 1 F 1 
1 H 0 0 0 1 
1 0 H 0 0 1 
S # 0 0 0 1 
1 1 1 1 1 1 
PU44 PR22 l42 T5

Map6
1 1 1 S 1 1 
1 0 0 # 0 1 
1 0 0 0 F 1 
G F 0 H 0 1 
1 0 0 0 0 1 
1 1 1 1 1 1 
PL11 PD32 d24 T6

Map6
1 1 1 S 1 1 
1 0 0 0 F 1 
1 1 1 # 0 1 
1 0 0 0 0 1 
1 1 0 H 0 1 
1 1 G 1 1 1 
r42 PR13 PR33 T6

Map6
1 1 1 1 S 1 
1 0 0 1 0 1 
1 0 0 1 0 1 
1 1 0 F 0 G 
1 0 0 0 H 1 
1 1 1 1 1 1 
R23 PU42 PL43 T2

Map6
1 1 1 G 1 1 
S 0 1 0 1 1 
1 H 0 0 0 1 
1 0 0 0 H 1 
1 F F 1 0 1 
1 1 1 1 1 1 
PL11 PL33 p22 T6

Map6
1 1 1 1 1 1 
1 0 0 0 H 1 
1 0 0 0 0 G 
1 0 1 0 0 1 
1 1 0 0 0 1 
1 1 1 1 S 1 
P43 d44 l33 T6

Map6
1 1 1 1 1 1 
1 0 H 0 0 1 
G 0 0 H # 1 
1 # F 0 0 1 
1 F 0 0 0 S 
1 1 1 1 1 1 
L43 R11 P24 T4

Map6
1 1 1 1 1 1 
1 0 F 0 0 1 
G 0 # 0 0 1 
1 0 0 # F 1 
1 H 0 0 H 1 
1 1 S 1 1 1 
PL12 PL34 P23 T2

Map6
1 1 1 1 1 1 
1 0 0 F H 1 
1 # 0 0 0 1 
1 F # 0 0 1 
1 H 0 0 0 S 
1 1 G 1 1 1 
D22 PL42 PD34 T3

Map6
1 1 1 G 1 1 
1 0 0 0 0 1 
1 H # H F 1 
1 0 0 0 0 1 
1 # 0 0 F S 
1 1 1 1 1 1 
P41 PR11 PR24 T2

Map6
1 1 1 1 1 1 
1 H 0 1 1 1 
G 0 0 0 0 1 
1 0 1 H 0 S 
1 F 0 0 0 1 
1 1 1 1 1 1 
L22 PR43 PU13 T1

Map6
1 1 1 1 1 1 
1 0 0 0 1 1 
1 0 0 1 0 S 
1 H 0 1 H 1 
1 0 0 # 0 1 
1 G 1 1 1 1 
R31 PU12 PR42 T5

Map6
1 1 1 1 1 1 
1 H 0 0 0 S 
G 0 0 # 1 1 
1 1 H 0 0 1 
1 F 0 0 0 1 
1 1 1 1 1 1 
R21 D33 r41 T3

Map6
1 1 1 1 1 1 
1 0 F 0 0 1 
1 0 0 0 0 1 
1 0 0 0 0 1 
1 F 0 0 0 S 
1 1 G 1 1 1 
R34 p32 p43 T6

Map6
1 G 1 1 1 1 
1 0 0 F 0 1 
1 0 0 0 1 1 
1 0 1 0 0 1 
1 1 F 0 0 1 
1 1 1 S 1 1 
PR12 PR33 l43 T8

Map6
1 1 G 1 1 1 
1 F 0 0 0 1 
1 0 0 0 0 1 
1 0 H 0 0 1 
1 0 0 0 F S 
1 1 1 1 1 1 
L42 p12 P24 T4

Map6
1 1 1 S 1 1 
1 0 0 F 0 1 
1 H 0 0 0 1 
1 0 0 0 0 1 
1 0 0 H 0 1 
1 1 G 1 1 1 
d23 PL33 PU32 T3

Map6
1 1 1 1 S 1 
1 0 0 F 0 1 
1 0 0 0 0 1 
G 0 0 0 F 1 
1 H 0 1 H 1 
1 1 1 1 1 1 
PL13 PR11 U42 T2

Map6
1 1 1 1 1 1 
1 H 0 0 0 S 
1 0 F 0 0 1 
1 0 0 0 0 1 
1 H 0 0 0 1 
1 1 G 1 1 1 
R21 P13 L44 T4

Map6
1 1 1 1 1 1 
S # 0 0 H 1 
1 1 0 0 0 1 
1 0 0 1 0 G 
1 1 H # 0 1 
1 1 1 1 1 1 
L23 p42 U31 T6

Map6
1 1 1 1 1 1 
1 # 0 0 0 S 
G 0 1 0 0 1 
1 0 F 0 0 1 
1 F # 0 0 1 
1 1 1 1 1 1 
l13 U21 U42 T9

Map6
1 1 G 1 1 1 
1 0 # F 0 1 
1 H 0 0 0 S 
1 0 0 0 0 1 
1 1 F # 0 1 
1 1 1 1 1 1 
R32 R44 r33 T5

Map6
1 S 1 1 1 1 
1 0 0 0 0 1 
1 0 0 0 F 1 
G 0 0 0 0 1 
1 F H 0 H 1 
1 1 1 1 1 1 
d11 PR12 PL23 T5

Map6
1 1 1 1 1 1 
G 0 H 0 F 1 
1 1 1 0 0 1 
1 1 0 0 0 1 
1 0 0 0 0 S 
1 1 1 1 1 1 
PL11 PL33 p34 T4

Map6
1 1 S 1 1 1 
1 1 0 H 0 1 
G 0 1 0 0 1 
1 0 0 0 0 1 
1 0 # H 0 1 
1 1 1 1 1 1 
L44 PR32 PU21 T5

Map6
1 1 G 1 S 1 
1 0 0 0 F 1 
1 0 H # 0 1 
1 0 0 1 0 1 
1 1 H 0 0 1 
1 1 1 1 1 1 
PL31 PU43 d42 T3

Map6
1 1 1 1 1 1 
1 # 0 H 0 1 
1 0 1 1 # 1 
1 0 H 0 0 S 
1 0 F 0 0 1 
1 1 1 G 1 1 
P33 d44 R14 T4

Map6
1 1 1 1 1 1 
1 0 1 0 0 1 
1 0 0 1 0 G 
1 0 F 0 0 1 
S 0 0 0 H 1 
1 1 1 1 1 1 
PR41 PD24 p14 T6

Map6
1 1 G 1 1 1 
1 0 F 0 0 S 
1 0 0 1 0 1 
1 0 1 0 0 1 
1 0 0 0 0 1 
1 1 1 1 1 1 
l13 L31 u22 T7

Map6
1 1 1 1 1 1 
G F 0 0 0 1 
1 0 # H 0 S 
1 0 0 0 0 1 
1 F 0 0 0 1 
1 1 1 1 1 1 
P13 R44 D41 T4

Map6
1 1 1 1 1 1 
1 0 0 0 0 1 
1 # 0 0 1 1 
1 H 0 0 0 1 
1 # 0 H 0 S 
1 1 G 1 1 1 
PU32 PR44 U11 T3

Map6
1 1 S 1 1 1 
1 F 0 0 0 1 
1 0 0 0 0 1 
1 0 H 0 0 G 
1 0 0 0 F 1 
1 1 1 1 1 1 
r32 L22 l21 T6

Map6
1 1 1 1 1 1 
1 H 0 F H 1 
G 0 0 0 0 1 
1 0 0 F 1 1 
1 0 0 # 1 1 
1 S 1 1 1 1 
PR21 PU13 u14 T5

Map6
1 1 1 1 1 1 
G 0 1 0 # S 
1 0 H 0 0 1 
1 H 0 0 0 1 
1 1 # 0 1 1 
1 1 1 1 1 1 
PL11 PL42 D33 T3

Map6
1 1 G 1 1 1 
1 0 0 0 1 1 
1 H 0 # # 1 
1 0 0 F 0 1 
1 0 F 0 0 1 
1 S 1 1 1 1 
PU21 PR22 D13 T4

Map6
1 1 1 G 1 1 
1 0 0 0 0 1 
1 0 F 0 0 1 
1 H 0 F 0 S 
1 0 0 0 H 1 
1 1 1 1 1 1 
D32 l21 r34 T7

Map6
1 1 1 1 1 1 
1 F 0 0 0 1 
1 0 0 # 0 1 
G 0 0 1 0 S 
1 F 0 0 1 1 
1 1 1 1 1 1 
r43 u12 r24 T10

Map6
1 1 S 1 1 1 
1 0 0 0 0 1 
G 0 F 0 F 1 
1 H 0 # # 1 
1 0 0 0 0 1 
1 1 1 1 1 1 
P41 l31 R11 T4

Map6
1 1 1 G 1 1 
1 0 0 0 # 1 
1 1 0 1 0 1 
1 F 0 0 1 1 
1 0 0 0 0 1 
1 1 1 S 1 1 
r34 u21 R33 T7

Map6
1 S 1 1 1 1 
1 0 0 0 0 1 
1 0 0 0 0 1 
G 0 # 0 1 1 
1 H H 0 0 1 
1 1 1 1 1 1 
l21 P34 U12 T5

Map6
1 1 1 S 1 1 
1 F 0 0 0 1 
1 F 0 0 0 1 
G 0 0 H 0 1 
1 0 0 0 0 1 
1 1 1 1 1 1 
d14 P32 l22 T12

Map6
1 1 1 G 1 1 
1 0 H 0 0 S 
1 0 0 0 0 1 
1 0 0 H F 1 
1 0 0 0 F 1 
1 1 1 1 1 1 
r42 PD11 PR41 T6

Map6
1 1 1 1 1 1 
1 0 0 0 0 1 
1 0 0 0 0 1 
1 F 0 0 H 1 
S 0 0 F 0 1 
1 1 1 G 1 1 
d33 R24 u21 T5

Map6
1 1 1 1 1 1 
G 0 0 0 0 1 
1 H 0 1 F 1 
1 0 0 0 H 1 
1 0 F 0 0 1 
1 1 1 1 S 1 
r33 PR14 PD44 T6

Map6
1 1 1 G 1 1 
1 0 0 0 0 1 
1 1 F 0 0 1 
1 F 0 0 1 1 
1 0 0 0 0 1 
1 S 1 1 1 1 
PD21 PD14 u24 T4

Map6
1 1 1 1 1 1 
1 0 0 0 F S 
1 0 1 0 F 1 
1 0 0 0 0 1 
1 H # 0 0 1 
1 1 G 1 1 1 
d13 d34 P21 T8

Map6
1 1 1 1 1 1 
1 # H F 0 1 
1 0 0 0 0 1 
1 0 0 # 0 1 
S 0 0 F 0 1 
1 1 1 G 1 1 
P42 U24 d13 T5

Map6
1 S 1 1 1 1 
1 0 0 0 # 1 
1 0 # 0 0 1 
1 H 0 0 0 G 
1 1 0 0 H 1 
1 1 1 1 1 1 
p21 L12 u32 T6

Map6
1 1 G 1 1 1 
1 1 0 0 F 1 
1 1 0 1 0 1 
1 F 0 # 0 S 
1 H 0 0 0 1 
1 1 1 1 1 1 
PL31 PD42 P23 T4

Map6
1 1 1 1 1 1 
1 1 0 H H 1 
S 0 0 # F 1 
1 0 1 0 0 1 
1 0 1 0 0 1 
1 1 1 G 1 1 
D22 PL43 PU13 T3

Map6
1 1 G 1 1 1 
1 0 0 # 1 1 
1 0 F 0 1 1 
1 H H 1 # S 
1 0 0 F 0 1 
1 1 1 1 1 1 
p11 PL32 PR14 T7

Map6
1 1 1 1 1 1 
1 1 0 1 0 1 
1 0 0 0 0 1 
1 # H 0 0 S 
1 0 0 0 H 1 
1 1 G 1 1 1 
R41 L33 P34 T6

Map6
1 1 1 1 1 1 
1 1 0 0 0 S 
G 0 1 0 0 1 
1 0 H H # 1 
1 F 0 1 0 1 
1 1 1 1 1 1 
PU13 PD31 p41 T6

Map6
1 1 1 1 S 1 
1 0 0 0 0 1 
G 0 0 0 0 1 
1 H 0 0 F 1 
1 H # 1 F 1 
1 1 1 1 1 1 
d31 PD42 PD23 T5

Map6
1 1 1 1 1 1 
1 0 H 0 0 1 
S # 1 0 0 1 
1 1 F 0 1 1 
1 0 0 0 # 1 
1 1 G 1 1 1 
PU34 PD11 d31 T7

Map6
1 1 G 1 1 1 
1 # 0 H 0 1 
1 F 0 0 0 1 
1 H 0 # 1 1 
1 F 0 0 0 1 
1 1 1 S 1 1 
L32 PL44 PU21 T3

Map6
1 1 1 1 1 1 
S 0 0 0 F 1 
1 H 0 # 0 1 
1 0 0 F 0 G 
1 0 # H 0 1 
1 1 1 1 1 1 
D23 L44 U31 T5

Map6
1 1 1 S 1 1 
1 0 0 0 0 1 
1 0 0 0 0 1 
G 0 0 H 0 1 
1 H 0 F 0 1 
1 1 1 1 1 1 
R32 U11 u22 T5

Map6
1 1 G 1 1 1 
1 0 # H 0 1 
1 0 0 0 0 1 
1 # F 0 0 1 
1 0 H 0 0 S 
1 1 1 1 1 1 
PD11 PR44 P32 T4

Map6
1 1 1 G 1 1 
1 0 0 F H 1 
1 0 0 0 0 1 
1 0 0 1 0 1 
S 0 0 0 H 1 
1 1 1 1 1 1 
p22 d13 R24 T6

Map6
1 1 1 1 1 1 
1 H 0 0 H 1 
G # 0 0 0 1 
1 # 0 0 0 1 
1 0 0 0 0 1 
1 1 1 1 S 1 
PR21 PU42 r33 T5

Map6
1 1 1 1 1 1 
1 0 0 0 0 1 
1 0 0 0 0 G 
1 H F H # 1 
1 0 # 0 0 1 
1 1 1 S 1 1 
PD34 PU44 R32 T1

Map6
1 1 1 G 1 1 
S 0 0 F # 1 
1 0 0 F 0 1 
1 H 0 0 1 1 
1 1 1 0 # 1 
1 1 1 1 1 1 
PU12 PR23 U21 T3

Map6
1 1 1 1 1 1 
1 H 0 0 0 S 
1 0 F 0 H 1 
G 0 0 0 0 1 
1 0 0 F 0 1 
1 1 1 1 1 1 
l12 P21 R33 T6

Map6
1 1 1 1 1 1 
1 H 0 # F 1 
1 # 0 1 0 1 
G 0 0 1 0 S 
1 0 0 1 0 1 
1 1 1 1 1 1 
PR43 PR14 l24 T4

Map6
1 1 1 1 1 1 
S 0 F 0 0 1 
1 F 0 0 # 1 
1 1 0 H H 1 
1 # 0 0 0 1 
1 1 1 1 G 1 
PR24 PD41 R22 T4

Map6
1 1 G 1 1 1 
1 0 0 H 0 1 
1 0 0 1 0 1 
1 0 0 F 1 1 
1 0 1 0 0 1 
1 1 1 1 S 1 
PR34 PL23 U22 T4

Map6
1 S 1 1 1 1 
1 0 1 0 F 1 
1 0 H # 0 G 
1 0 0 0 0 1 
1 0 0 1 # 1 
1 1 1 1 1 1 
r12 U31 d23 T6

Map6
1 1 1 1 1 1 
1 0 0 0 0 1 
S 0 0 H 0 G 
1 # 0 0 # 1 
1 0 F 0 F 1 
1 1 1 1 1 1 
PL41 PL14 D11 T4

Map6
1 1 1 G 1 1 
1 F 0 0 0 1 
1 0 0 0 1 1 
1 0 0 F # 1 
S # 1 0 0 1 
1 1 1 1 1 1 
PD21 PD12 D23 T4

Map6
1 1 1 1 1 1 
1 F 0 0 # 1 
1 F 0 0 0 1 
1 0 1 0 0 G 
1 0 0 0 H 1 
1 1 S 1 1 1 
PR14 PU34 L32 T3

Map6
1 1 1 1 1 1 
1 0 0 0 0 1 
1 0 0 H 0 1 
1 0 0 # 0 1 
S 0 F 0 0 1 
1 1 G 1 1 1 
PU12 PL14 p11 T4

Map6
1 1 1 1 1 1 
1 0 0 0 0 1 
1 H 0 0 F 1 
1 0 1 H 0 1 
S 0 F 0 0 1 
1 G 1 1 1 1 
P11 PU22 PD13 T4

Map6
1 1 1 1 1 1 
S F 0 H 0 1 
1 F 0 0 0 1 
G 0 0 0 0 1 
1 0 0 0 0 1 
1 1 1 1 1 1 
PR13 PL21 L33 T1

Map6
1 1 1 1 1 1 
1 0 H 0 0 1 
1 0 F 0 0 S 
1 0 0 0 # 1 
1 H 0 0 0 1 
1 1 G 1 1 1 
r42 L32 P13 T5

Map6
1 1 1 1 1 1 
1 0 0 0 0 G 
1 H 0 0 0 1 
1 0 H 1 0 1 
1 0 0 0 F 1 
1 S 1 1 1 1 
L13 PU22 PL24 T3

Map6
1 S 1 1 1 1 
1 0 0 0 0 1 
1 F H 0 H 1 
1 0 0 F 0 1 
1 # 0 # 0 1 
1 1 G 1 1 1 
L43 U41 U13 T4

Map6
1 1 S 1 1 1 
1 0 0 0 0 1 
1 # 0 H 0 1 
1 0 0 F 1 1 
1 H F 0 # G 
1 1 1 1 1 1 
PD11 PR34 D23 T3

Map6
1 1 1 1 1 1 
S 0 0 F 1 1 
1 0 0 F 0 1 
1 1 # 0 0 1 
1 H H # 0 1 
1 1 1 G 1 1 
PU21 PR44 p43 T7

Map6
1 1 1 1 S 1 
1 0 0 # 0 1 
1 1 0 H 0 1 
G F 0 # H 1 
1 0 0 0 1 1 
1 1 1 1 1 1 
r22 PD11 PR42 T5

Map6
1 1 S 1 G 1 
1 0 0 0 F 1 
1 1 0 0 0 1 
1 0 H 0 0 1 
1 0 0 1 1 1 
1 1 1 1 1 1 
R22 PR11 PD31 T3

Map6
1 G 1 1 1 1 
1 0 0 0 H 1 
1 H # 0 0 1 
1 # 0 0 0 1 
1 0 F 0 0 S 
1 1 1 1 1 1 
PL21 PD42 D34 T3

Map6
1 1 1 1 1 1 
1 0 0 H 0 1 
1 0 0 1 # G 
1 0 0 1 # 1 
S 0 1 0 0 1 
1 1 1 1 1 1 
r41 PD11 PU44 T5

Map6
1 1 1 1 S 1 
1 0 0 0 0 1 
1 1 0 0 0 1 
1 0 1 H 0 1 
G 0 1 0 0 1 
1 1 1 1 1 1 
R43 PL31 PL14 T4

Map6
1 1 1 1 1 1 
1 0 1 H 0 1 
G 0 1 0 0 1 
1 0 0 0 0 1 
1 F 0 0 0 S 
1 1 1 1 1 1 
d13 r44 L34 T7

Map6
1 1 1 1 S 1 
1 H 0 0 0 1 
1 0 # 0 1 1 
1 0 0 0 # G 
1 F H F 0 1 
1 1 1 1 1 1 
P12 PD21 PR33 T5

Map6
1 1 1 1 1 1 
1 0 # 0 0 1 
1 # 1 F 0 S 
G 0 0 0 0 1 
1 0 0 0 1 1 
1 1 1 1 1 1 
PD11 PR42 l14 T4

Map6
1 1 1 S 1 1 
1 0 0 0 0 1 
1 0 0 H 0 1 
G 0 0 0 # 1 
1 H 0 0 0 1 
1 1 1 1 1 1 
L41 p11 r22 T5

Map6
1 1 1 1 1 1 
1 F # 0 # 1 
G 0 0 H 0 1 
1 H 0 0 0 1 
1 F 0 0 0 S 
1 1 1 1 1 1 
PD42 PL12 R24 T2

Map6
1 1 1 1 S 1 
1 0 1 0 0 1 
1 0 # 0 0 1 
1 0 0 0 H 1 
1 F # 0 H 1 
1 1 G 1 1 1 
d12 p31 P42 T8

Map6
1 1 1 1 S 1 
1 0 0 0 F 1 
1 0 H 0 0 G 
1 0 0 0 # 1 
1 H 0 F 0 1 
1 1 1 1 1 1 
PU31 PU23 D44 T4

Map6
1 G 1 S 1 1 
1 0 1 0 F 1 
1 0 F 0 0 1 
1 0 0 H 0 1 
1 0 1 0 0 1 
1 1 1 1 1 1 
PD11 PU32 U13 T1

Map6
1 1 1 1 1 1 
1 H 0 F 0 1 
1 1 0 0 0 1 
G F 0 1 0 1 
1 # H 0 0 S 
1 1 1 1 1 1 
R34 PL41 PL23 T5

Map6
1 1 1 1 1 1 
1 1 0 F 0 1 
1 0 0 H 1 1 
1 F 0 H 0 1 
G 0 0 1 0 S 
1 1 1 1 1 1 
R21 PU23 PD43 T5

Map6
1 1 S 1 1 1 
1 1 0 0 0 1 
1 0 0 0 H 1 
1 0 H 1 0 1 
1 F 0 0 0 1 
1 1 1 1 G 1 
U41 PR22 PR24 T5

Map6
1 1 1 1 1 1 
G 0 0 0 F 1 
1 0 H 0 0 1 
1 0 0 0 0 1 
S F 0 H 0 1 
1 1 1 1 1 1 
PL24 PR13 d23 T4

Map6
1 1 1 1 S 1 
1 0 F 0 0 1 
1 1 0 F 1 1 
1 # 0 0 0 1 
G 0 0 0 1 1 
1 1 1 1 1 1 
U43 PR11 PR23 T4

Map6
1 1 S 1 1 1 
1 F 0 0 0 1 
1 0 0 0 1 1 
1 # H 0 0 1 
1 0 0 0 # 1 
1 1 G 1 1 1 
PR22 PD14 l21 T6

Map6
1 1 S 1 1 1 
1 0 0 0 0 1 
1 1 0 0 1 1 
1 0 F 0 0 1 
1 0 H 0 F 1 
1 G 1 1 1 1 
U22 d21 r32 T7

Map6
1 1 1 G 1 1 
1 0 # 0 0 1 
1 F 0 0 H 1 
1 1 1 H 0 1 
1 F 1 0 0 S 
1 1 1 1 1 1 
R41 PR11 PD43 T4

Map6
1 1 1 1 S 1 
1 H 0 0 # 1 
1 0 0 0 0 1 
1 # 1 0 0 G 
1 0 0 0 H 1 
1 1 1 1 1 1 
p32 PU21 PL42 T5

Map6
1 1 1 1 1 1 
1 F 0 0 F 1 
1 0 1 0 0 1 
1 0 1 0 0 S 
1 0 0 1 0 1 
1 1 G 1 1 1 
d33 PL42 PR14 T5

Map6
1 G 1 1 1 1 
1 0 0 # 0 1 
1 H H 0 0 1 
S 0 0 1 1 1 
1 0 0 0 0 1 
1 1 1 1 1 1 
PL21 PD23 u14 T6

Map6
1 1 1 1 S 1 
1 0 1 0 0 1 
G 0 H 0 0 1 
1 0 0 0 F 1 
1 H 0 # 0 1 
1 1 1 1 1 1 
r13 u32 D42 T8

Map6
1 G 1 1 1 1 
1 0 0 0 1 1 
1 0 1 0 F 1 
S 0 H 0 0 1 
1 0 0 0 0 1 
1 1 1 1 1 1 
d44 PL13 PD43 T6

Map6
1 1 1 1 1 1 
1 1 0 0 0 1 
1 0 0 0 H 1 
G 0 H 1 0 1 
1 0 0 # # 1 
1 1 S 1 1 1 
PD24 PR21 p12 T7

Map6
1 1 1 G 1 1 
1 F 0 0 0 1 
1 0 0 H # 1 
1 1 H # 0 1 
1 0 0 0 F 1 
1 1 1 S 1 1 
U21 PD34 PL41 T2

Map6
1 1 1 1 1 1 
1 1 H 0 0 S 
1 0 0 0 0 1 
G 0 1 0 0 1 
1 0 F 0 F 1 
1 1 1 1 1 1 
P43 R14 U31 T5

Map6
1 1 1 1 1 1 
1 H 0 0 0 S 
1 0 0 F 0 1 
1 0 0 0 0 1 
1 H # 0 0 1 
1 1 G 1 1 1 
d33 PL34 PU21 T5

Map6
1 1 1 S 1 1 
1 0 0 0 0 1 
1 1 0 0 # 1 
1 0 0 H 0 1 
1 0 H 0 0 1 
1 G 1 1 1 1 
PR32 PD13 u41 T5

Map6
1 1 G 1 1 1 
1 F 0 0 H 1 
1 0 H 0 0 1 
1 0 0 0 0 1 
1 F 0 0 # 1 
1 1 S 1 1 1 
L23 PL34 PU21 T2

Map6
1 S 1 1 1 1 
1 0 0 0 0 1 
1 0 0 0 0 1 
1 0 0 0 0 G 
1 H F 0 F 1 
1 1 1 1 1 1 
PL41 PD34 P12 T4

Map6
1 1 1 1 1 1 
1 0 1 0 0 1 
1 # 0 F 0 1 
1 0 1 0 0 1 
1 0 0 F 0 1 
1 G 1 S 1 1 
PD33 PR31 p41 T5

Map6
1 1 1 1 1 1 
1 H F 0 # S 
1 0 0 0 0 1 
1 0 H 0 0 1 
1 0 0 0 F G 
1 1 1 1 1 1 
D31 L43 l42 T5

Map6
1 1 G 1 1 1 
1 H 0 0 0 S 
1 0 F 0 0 1 
1 0 0 F 0 1 
1 # 0 H 0 1 
1 1 1 1 1 1 
L13 PD31 PR44 T4

Map6
1 1 1 1 1 1 
S 0 0 H 0 1 
1 0 0 0 0 1 
1 0 0 0 H 1 
1 F 0 0 0 1 
1 1 1 G 1 1 
PD21 PR42 P13 T4

Map6
1 S 1 1 1 1 
1 0 0 H 0 1 
1 0 0 0 0 1 
G F 0 # 0 1 
1 # F 0 H 1 
1 1 1 1 1 1 
PU11 PR22 P34 T4

Map6
1 1 1 1 S 1 
1 1 0 0 0 1 
1 0 H 0 0 1 
G 0 H 0 0 1 
1 0 1 # 0 1 
1 1 1 1 1 1 
r31 PR21 PD12 T5

Map6
1 1 1 1 1 1 
1 0 H 0 0 1 
1 0 0 # 0 1 
1 0 H 0 0 1 
1 # 0 F 0 1 
1 1 G 1 S 1 
PD24 PL41 d42 T5

Map6
1 1 1 G 1 1 
1 F H 0 0 1 
1 0 # 0 0 1 
1 0 F H 0 1 
1 0 0 0 # 1 
1 S 1 1 1 1 
d42 PU41 PU13 T6

Map6
1 1 1 1 1 1 
1 0 F 1 0 S 
1 H 0 1 0 1 
G 0 0 0 0 1 
1 1 0 0 F 1 
1 1 1 1 1 1 
r41 PD22 PU42 T4

Map6
1 1 G 1 S 1 
1 F 0 0 0 1 
1 0 1 F 0 1 
1 0 0 0 0 1 
1 0 0 1 0 1 
1 1 1 1 1 1 
PR21 PD42 l41 T4

Map6
1 1 1 1 1 1 
1 0 0 # 0 1 
S 0 H H 0 1 
1 # 0 0 0 1 
1 0 0 F 0 1 
1 1 1 G 1 1 
R43 D11 r12 T4

Map6
1 1 1 1 1 1 
1 H 0 # 0 1 
1 0 F 0 F G 
1 0 0 0 1 1 
S 0 0 H 0 1 
1 1 1 1 1 1 
R12 PD13 PU24 T2

Map6
1 1 1 G 1 1 
1 F 0 0 0 1 
1 0 0 H 0 1 
1 0 0 F 0 1 
1 0 0 0 0 1 
1 1 1 S 1 1 
PD34 PL43 l21 T7

Map6
1 1 1 1 1 1 
S 0 0 0 F 1 
1 H 0 0 0 1 
1 1 0 F 0 1 
1 0 0 0 0 1 
1 1 1 G 1 1 
r11 p24 L31 T5

Map6
1 1 1 1 1 1 
1 F 0 0 0 1 
1 0 1 0 0 1 
1 H 0 0 0 S 
G F 0 H 0 1 
1 1 1 1 1 1 
u41 PU33 PL24 T6

Map6
1 1 1 G 1 1 
1 1 H 0 # 1 
1 H 0 0 0 1 
1 1 0 0 F 1 
1 0 F 0 0 1 
1 1 1 1 S 1 
D42 PU31 PR14 T2

Map6
1 1 1 1 1 1 
1 0 0 0 F S 
1 0 0 0 # 1 
1 0 # 0 0 1 
1 H 0 0 F 1 
1 1 1 G 1 1 
u31 l22 p43 T8

Map6
1 1 1 1 1 1 
1 H 1 0 0 S 
1 0 0 0 1 1 
1 H 0 0 0 1 
1 1 0 F 0 G 
1 1 1 1 1 1 
p31 d32 U33 T6

Map6
1 1 G 1 1 1 
1 0 0 H # 1 
1 # 0 0 0 1 
1 0 0 0 0 1 
1 H 0 0 0 S 
1 1 1 1 1 1 
L34 u22 r43 T6

Map6
1 1 1 1 1 1 
1 F 0 1 0 G 
1 0 0 0 1 1 
1 # F 0 0 S 
1 # 0 0 0 1 
1 1 1 1 1 1 
PR41 PU44 D33 T2

Map6
1 S 1 1 1 1 
1 0 0 0 0 1 
G 0 0 0 0 1 
1 # H 0 F 1 
1 F 0 0 1 1 
1 1 1 1 1 1 
PR24 PL12 U41 T4

Map6
1 1 1 1 1 1 
1 0 # 0 0 1 
1 H 0 0 0 S 
G 0 1 1 0 1 
1 H 0 1 0 1 
1 1 1 1 1 1 
d31 PL13 PU22 T5

Map6
1 1 1 1 1 1 
1 1 0 0 0 1 
1 0 0 F H 1 
1 F 0 0 # G 
1 0 # 0 0 1 
1 S 1 1 1 1 
D34 U41 U23 T5

Map6
1 S 1 1 1 1 
1 0 0 0 0 1 
1 1 0 0 0 1 
1 H 0 1 0 1 
1 0 0 0 H 1 
1 1 1 G 1 1 
PD34 PR22 R41 T4

Map6
1 1 1 1 1 1 
1 0 0 H 0 1 
1 0 0 0 H 1 
1 F 0 0 0 1 
G 0 1 0 0 1 
1 1 1 S 1 1 
U32 PU22 PR23 T5

Map6
1 1 1 1 1 1 
1 0 H 0 0 S 
1 0 0 F 0 1 
1 1 0 F 1 1 
1 0 0 0 0 1 
1 1 1 G 1 1 
P31 L12 P44 T6

Map6
1 1 1 G 1 1 
1 H 0 0 # 1 
1 0 F 0 0 1 
1 F 0 0 0 1 
1 0 0 H 0 1 
1 S 1 1 1 1 
L23 PL43 PD14 T2

Map6
1 1 1 1 1 1 
1 0 1 F 0 1 
1 0 0 1 0 1 
1 0 0 0 0 1 
S 0 0 F 0 1 
1 1 1 G 1 1 
p13 PD33 PU24 T5

Map6
1 1 1 G 1 1 
S 0 0 0 H 1 
1 0 0 0 0 1 
1 0 0 0 0 1 
1 0 0 H 0 1 
1 1 1 1 1 1 
D21 PR43 PD14 T4

Map6
1 1 G 1 1 1 
1 0 0 0 0 1 
1 0 H 1 0 1 
1 0 H 0 0 1 
1 0 0 # 0 1 
1 1 S 1 1 1 
U11 PD33 PD24 T5

Map6
1 1 1 1 1 1 
1 0 0 H 0 1 
1 0 0 0 # 1 
1 0 0 0 # 1 
S 0 0 0 H 1 
1 1 1 G 1 1 
P11 U24 l22 T5

Map6
1 1 1 1 1 1 
1 0 0 0 0 1 
1 F 0 0 0 G 
1 1 F H # 1 
1 0 0 0 0 1 
1 1 1 S 1 1 
r41 L44 r34 T7

Map6
1 1 G 1 S 1 
1 H 0 0 # 1 
1 H 0 0 0 1 
1 0 0 0 1 1 
1 F 0 0 # 1 
1 1 1 1 1 1 
D31 D13 l34 T5

Map6
1 1 1 1 1 1 
1 H 1 0 0 1 
1 0 0 F 1 1 
1 0 # 0 F G 
1 0 1 H 0 1 
1 1 1 1 S 1 
U12 PU14 PD44 T2

Map6
1 1 1 1 1 1 
S 0 0 0 1 1 
1 H 0 1 1 1 
1 0 0 0 0 1 
1 0 H 0 0 1 
1 G 1 1 1 1 
PU22 PR34 p11 T6

Map6
1 1 1 G 1 1 
S 0 0 0 F 1 
1 0 0 0 0 1 
1 0 0 H 0 1 
1 0 F 0 0 1 
1 1 1 1 1 1 
D42 P21 u11 T5

Map6
1 S 1 1 1 1 
1 0 0 0 F 1 
1 0 1 1 0 G 
1 F 0 1 0 1 
1 0 0 0 0 1 
1 1 1 1 1 1 
u44 PL21 PD42 T5

Map6
1 1 1 1 1 1 
1 0 0 0 0 1 
G 0 0 1 1 1 
1 F H 0 0 1 
1 0 0 0 0 1 
1 1 S 1 1 1 
R14 PL12 PU44 T4

Map6
1 1 1 1 1 1 
1 0 0 0 F G 
S F 1 0 1 1 
1 0 0 # 0 1 
1 H 0 0 1 1 
1 1 1 1 1 1 
D11 PU13 PR21 T6

Map6
1 1 1 1 1 1 
S 0 0 H # 1 
1 0 1 0 0 1 
1 0 0 # H 1 
1 F 0 0 0 1 
1 1 1 G 1 1 
PU12 PD32 R21 T2

Map6
1 1 1 1 1 1 
1 # 0 0 0 1 
G F 0 0 F 1 
1 0 1 1 H 1 
1 H 0 0 1 1 
1 1 S 1 1 1 
u31 PU32 PL34 T6

Map6
1 1 1 1 1 1 
1 0 0 0 H 1 
1 0 H 0 # G 
1 1 0 0 0 1 
1 0 0 0 0 1 
1 1 S 1 1 1 
D23 PR32 PL34 T2

Map6
1 1 1 G 1 1 
S 0 1 F 0 1 
1 F 0 0 0 1 
1 0 0 H 1 1 
1 0 0 # 0 1 
1 1 1 1 1 1 
PL11 PL42 P22 T2

Map6
1 1 G 1 1 1 
1 0 0 H 0 S 
1 0 0 0 0 1 
1 # H 1 1 1 
1 0 1 F 0 1 
1 1 1 1 1 1 
PR41 PD11 R32 T4

Map6
1 1 1 1 1 1 
S 0 0 F H 1 
1 # 0 0 0 G 
1 0 1 0 0 1 
1 F # 1 H 1 
1 1 1 1 1 1 
U21 d11 U13 T3

Map6
1 1 1 1 1 1 
1 0 0 0 0 1 
1 H # 0 H 1 
1 0 1 0 1 1 
1 F 0 0 # G 
1 S 1 1 1 1 
D31 PD13 PU33 T2

Map6
1 1 1 1 1 1 
1 H 0 0 # 1 
1 0 0 0 0 1 
G # 1 0 0 1 
1 0 0 F F 1 
1 1 1 1 S 1 
U12 PR21 PL24 T4

Map6
1 1 1 1 1 1 
1 0 1 # 0 1 
1 1 0 0 F 1 
1 0 0 H 0 1 
1 F 0 0 0 1 
1 G 1 1 S 1 
PR24 PL23 U43 T3

Map6
1 1 1 1 1 1 
1 0 0 0 0 1 
1 H 0 0 0 G 
1 0 0 0 H 1 
1 0 0 0 0 1 
1 S 1 1 1 1 
L21 U13 u14 T5

Map6
1 G 1 1 1 1 
1 0 1 0 0 S 
1 0 0 1 1 1 
1 H 0 0 0 1 
1 0 0 0 H 1 
1 1 1 1 1 1 
R34 PR31 PR14 T4

Map6
1 1 1 G 1 1 
1 0 1 0 1 1 
1 0 H 0 0 1 
S 0 H # 0 1 
1 0 # 0 0 1 
1 1 1 1 1 1 
PD42 PL13 d44 T4

Map6
1 1 S 1 1 1 
1 1 0 0 H 1 
1 1 0 0 0 1 
1 0 0 0 1 1 
1 0 H 0 0 1 
1 G 1 1 1 1 
PL23 PD31 p22 T5

Map6
1 1 1 1 1 1 
1 1 0 0 0 1 
1 # 0 0 0 1 
1 # H 0 0 S 
1 0 0 0 H 1 
1 1 G 1 1 1 
PL41 PD33 P34 T6

Map6
1 1 1 1 1 1 
1 F 0 # 0 1 
1 0 0 0 F 1 
1 H 0 0 0 S 
1 0 0 H 0 1 
1 1 G 1 1 1 
d32 PU21 PU33 T7

Map6
1 1 1 S 1 1 
1 0 H 0 0 1 
1 1 0 0 1 1 
1 F H 0 0 G 
1 1 0 F 0 1 
1 1 1 1 1 1 
P32 PL41 PU44 T3

Map6
1 1 1 1 1 1 
1 0 0 0 0 S 
1 0 H 0 0 1 
1 # 1 0 0 G 
1 0 F F H 1 
1 1 1 1 1 1 
PU33 PL21 d31 T4

Map6
1 1 1 1 1 1 
1 F 0 H 0 S 
1 F 1 0 0 1 
1 0 0 0 H 1 
1 0 0 0 # 1 
1 1 G 1 1 1 
U32 PU34 PR41 T5

Map6
1 1 1 1 S 1 
1 0 0 0 0 1 
1 0 1 0 0 1 
1 F 0 0 0 G 
1 0 1 0 F 1 
1 1 1 1 1 1 
P21 U42 P34 T4

Map6
1 1 1 1 1 1 
1 0 F 0 0 1 
1 0 0 H # 1 
G 0 1 0 0 1 
1 F 0 0 0 1 
1 1 1 S 1 1 
PL13 PR33 r44 T5

Map6
1 1 G 1 1 1 
1 0 F 0 0 S 
1 0 0 0 0 1 
1 0 0 0 0 1 
1 F 0 0 0 1 
1 1 1 1 1 1 
D31 L13 P44 T4

Map6
1 S 1 1 1 1 
1 0 0 0 0 1 
1 0 0 0 0 1 
G 0 0 0 F 1 
1 F 0 0 0 1 
1 1 1 1 1 1 
r22 R31 U12 T5

Map6
1 1 1 1 1 1 
1 H # # 0 1 
1 0 0 0 0 1 
G 0 0 0 0 1 
1 H 0 0 0 S 
1 1 1 1 1 1 
l23 d34 U24 T7

Map6
1 1 1 1 1 1 
1 0 F 0 0 1 
1 H H 0 0 1 
1 0 1 F # G 
S 0 1 0 0 1 
1 1 1 1 1 1 
PD13 PU44 r14 T4

Map6
1 S 1 1 1 1 
1 0 0 0 0 1 
1 0 0 0 0 1 
1 F 0 # 0 G 
1 F 0 0 # 1 
1 1 1 1 1 1 
R12 PR23 PL21 T2

Map6
1 1 1 1 1 1 
1 0 0 0 0 1 
G F 0 0 H 1 
1 0 0 # F 1 
1 0 # 0 0 1 
1 S 1 1 1 1 
PR21 PU13 u14 T5

Map6
1 1 1 1 1 1 
G 0 0 F F 1 
1 H 0 0 # S 
1 0 0 0 H 1 
1 0 0 # 0 1 
1 1 1 1 1 1 
PL11 PD22 p14 T6

Map6
1 1 G 1 1 1 
1 0 # 0 0 1 
1 0 1 0 H 1 
1 1 0 F 0 1 
1 0 H F 1 1 
1 S 1 1 1 1 
r31 PD14 PU32 T4

Map6
1 S 1 1 1 1 
1 0 0 0 0 1 
1 0 0 0 H 1 
1 H 1 0 0 1 
1 0 0 1 0 1 
1 G 1 1 1 1 
PR12 PL24 p11 T6

Map6
1 1 1 1 1 1 
1 0 H 0 0 1 
1 F 0 0 H 1 
1 0 0 0 0 G 
1 F 0 0 0 1 
1 1 1 1 S 1 
PL41 PR43 L24 T4

Map6
1 1 1 1 1 1 
1 F 0 0 F S 
G # 0 1 0 1 
1 0 0 1 0 1 
1 0 0 0 0 1 
1 1 1 1 1 1 
d14 PR21 PD13 T5

Map6
1 1 1 1 1 1 
1 H 0 0 0 1 
1 0 0 0 0 1 
S 0 H 0 0 1 
1 0 0 0 0 1 
1 1 1 G 1 1 
u21 PL13 PU22 T4

Map6
1 1 G 1 1 1 
1 H 0 0 0 1 
1 0 0 0 0 1 
1 0 H 0 0 S 
1 # 0 0 0 1 
1 1 1 1 1 1 
L41 PU12 PL33 T4

Map6
1 1 1 1 1 1 
1 0 0 0 0 1 
1 F 0 1 1 1 
1 # 0 0 0 1 
1 0 0 F 0 1 
1 S 1 G 1 1 
d11 L24 p23 T8

Map6
1 1 S 1 1 1 
1 H 0 1 0 1 
1 1 0 0 0 1 
1 0 0 # 0 G 
1 1 H 0 F 1 
1 1 1 1 1 1 
P23 U42 l32 T5

Map6
1 1 1 1 1 1 
S 0 # 0 H 1 
1 0 0 0 0 1 
G 0 0 0 0 1 
1 # H 0 0 1 
1 1 1 1 1 1 
PR22 PL11 d34 T6

Map6
1 1 G 1 1 1 
1 0 0 0 1 1 
1 0 H 0 0 1 
1 H 0 # 0 1 
1 # 0 F 0 1 
1 1 S 1 1 1 
PL11 PU23 r44 T8

Map6
1 1 1 1 1 1 
1 0 F F # S 
1 0 1 1 0 1 
1 H 0 H 0 G 
1 0 1 0 0 1 
1 1 1 1 1 1 
PU12 PU44 p11 T4

Map6
1 1 1 1 1 1 
1 0 H 0 # 1 
G 0 0 0 F 1 
1 F 0 # 0 1 
1 0 0 0 0 1 
1 1 S 1 1 1 
u31 R14 d24 T6

Map6
1 1 G 1 1 1 
1 1 0 0 H 1 
1 0 0 0 F 1 
1 0 # 0 0 1 
S # 0 F 0 1 
1 1 1 1 1 1 
d43 L24 p12 T10

Map6
1 1 S 1 1 1 
1 1 0 0 0 1 
1 0 0 0 1 1 
1 0 H H # 1 
1 0 0 0 1 1 
1 1 1 G 1 1 
P22 PD34 PL31 T2

Map6
1 1 1 1 1 1 
1 0 0 0 F 1 
S 0 0 0 H 1 
1 0 0 0 0 1 
1 0 H 0 0 1 
1 1 1 G 1 1 
P22 p12 l23 T6

Map6
1 1 1 S 1 1 
1 H 0 0 0 1 
1 0 0 1 1 1 
1 0 1 0 0 1 
1 0 0 0 0 1 
1 1 G 1 1 1 
PL34 PR21 L14 T3

Map6
1 1 1 1 1 1 
1 H 0 # 0 1 
1 0 1 0 0 1 
1 0 H # 0 S 
G 0 1 1 0 1 
1 1 1 1 1 1 
D32 PD41 PD12 T4

Map6
1 1 1 1 1 1 
1 F H 0 0 S 
1 # 0 0 0 1 
G 0 0 0 0 1 
1 0 0 H F 1 
1 1 1 1 1 1 
PR41 PR22 L43 T3

Map6
1 1 1 G 1 1 
1 H 0 F 0 1 
1 1 0 # 0 1 
1 H 0 1 0 1 
1 0 0 0 F 1 
1 1 1 S 1 1 
PR21 PU42 p34 T6

Map6
1 1 1 1 S 1 
1 0 0 0 0 1 
1 1 F 0 0 1 
1 1 0 0 0 G 
1 1 0 0 F 1 
1 1 1 1 1 1 
U42 r31 D24 T5

Map6
1 S 1 1 1 1 
1 0 0 0 0 1 
1 0 0 0 F G 
1 H 0 0 0 1 
1 0 0 0 0 1 
1 1 1 1 1 1 
u11 PD12 PD23 T5

Map6
1 1 1 1 1 1 
1 0 1 0 H 1 
G 0 0 F 0 1 
1 0 1 # F S 
1 1 0 0 # 1 
1 1 1 1 1 1 
PU13 PR24 d34 T5

Map6
1 1 1 1 1 1 
1 0 0 0 0 1 
1 0 0 0 # 1 
1 0 H 0 0 S 
1 0 0 H 0 1 
1 1 G 1 1 1 
U33 PD24 PL41 T4

Map6
1 1 1 1 1 1 
1 0 0 0 0 1 
G 0 0 0 0 1 
1 0 0 H H 1 
S F F 0 0 1 
1 1 1 1 1 1 
PL44 PU13 d34 T3

Map6
1 1 1 1 1 1 
1 H 0 0 0 1 
G 0 0 0 0 1 
1 0 0 0 0 1 
1 0 0 0 0 1 
1 S 1 1 1 1 
U13 p43 l22 T5

Map6
1 1 1 1 1 1 
1 1 0 0 0 G 
1 1 0 0 1 1 
S 0 0 H 0 1 
1 0 0 F 0 1 
1 1 1 1 1 1 
L23 PD43 PR21 T4

Map6
1 1 1 1 S 1 
1 F F 0 # 1 
G 0 0 H 0 1 
1 1 0 # 0 1 
1 0 0 0 0 1 
1 1 1 1 1 1 
PL12 PD22 r42 T4

Map6
1 1 G 1 1 1 
1 0 0 # 0 1 
1 H 0 F 0 1 
1 0 1 0 0 1 
1 0 0 # H 1 
1 S 1 1 1 1 
U22 PL41 PD13 T1

Map6
1 1 1 1 1 1 
1 0 H 1 0 1 
1 F 1 H 0 1 
G 0 # 0 0 1 
1 0 0 # 1 1 
1 S 1 1 1 1 
l43 PR13 PL24 T4

Map6
1 S 1 1 1 1 
1 # 0 0 0 1 
1 0 0 0 0 G 
1 H 0 0 0 1 
1 0 # 0 H 1 
1 1 1 1 1 1 
L12 l21 r32 T7

Map6
1 1 1 1 1 1 
1 F # H 1 1 
1 0 # 1 0 1 
1 0 0 0 0 1 
1 1 F 0 0 S 
1 1 G 1 1 1 
PD42 PD23 R34 T2

Map6
1 1 1 G 1 1 
1 F # 0 H 1 
1 0 0 0 0 1 
1 0 0 0 0 1 
S 0 0 0 H 1 
1 1 1 1 1 1 
PD12 PD24 d23 T5

Map6
1 1 1 1 1 1 
S 0 0 0 H 1 
1 0 F F 0 1 
1 H 0 1 0 G 
1 0 # # 0 1 
1 1 1 1 1 1 
d21 PL31 PL42 T4

Map6
1 1 1 1 1 1 
1 0 0 1 0 1 
1 0 H 0 # 1 
1 1 0 0 F G 
1 F 0 0 # 1 
1 1 S 1 1 1 
PR32 PU23 p24 T5

Map6
1 S 1 1 1 1 
1 0 F 0 0 1 
1 0 # 0 0 1 
G 0 F 0 # 1 
1 H 0 0 H 1 
1 1 1 1 1 1 
P41 P12 u32 T5

Map6
1 1 S 1 1 1 
1 F 0 0 0 1 
1 H 0 0 H 1 
G 0 0 0 0 1 
1 0 F 0 1 1 
1 1 1 1 1 1 
PD41 PR22 D34 T4

Map6
1 S 1 1 G 1 
1 0 1 0 0 1 
1 0 0 1 H 1 
1 0 0 H 0 1 
1 # 0 0 1 1 
1 1 1 1 1 1 
PR31 PR13 u22 T6

Map6
1 S 1 1 1 1 
1 0 0 0 0 1 
1 0 0 0 # 1 
1 F 0 0 0 G 
1 F 0 0 # 1 
1 1 1 1 1 1 
L12 D31 u22 T5

Map6
1 1 1 1 1 1 
1 0 0 1 0 1 
G 0 0 H 0 1 
1 H 0 0 0 1 
1 1 1 0 # S 
1 1 1 1 1 1 
PR11 PR34 u21 T4

Map6
1 1 1 1 1 1 
1 F H # 1 1 
1 0 H 0 0 1 
S 0 1 0 F G 
1 0 # 1 0 1 
1 1 1 1 1 1 
PU14 PU44 R33 T2

Map6
1 1 1 1 1 1 
1 H # 0 0 1 
1 1 H 0 0 G 
1 0 0 0 0 1 
1 0 # 1 0 1 
1 1 S 1 1 1 
p13 PL23 PU33 T6

Map6
1 1 1 1 1 1 
1 0 1 0 # 1 
G 0 H 0 0 S 
1 0 0 # 0 1 
1 0 0 H 0 1 
1 1 1 1 1 1 
R11 PR32 PR44 T5

Map6
1 1 1 1 1 1 
1 0 0 0 0 1 
S 0 H 0 0 1 
1 0 1 1 # 1 
1 0 0 0 0 1 
1 1 G 1 1 1 
PL12 PU32 l14 T7

Map6
1 1 1 1 1 1 
G 0 1 0 0 1 
1 H 0 0 0 S 
1 # F 0 0 1 
1 0 H 0 0 1 
1 1 1 1 1 1 
D22 PD31 PL11 T2

Map6
1 1 1 1 1 1 
1 0 0 0 0 1 
1 0 # 0 0 1 
S 0 0 0 H 1 
1 # 0 1 0 1 
1 1 1 1 G 1 
u21 PR23 PD44 T6

Map6
1 1 1 1 1 1 
1 F 0 1 1 1 
1 F 0 1 H 1 
1 H 0 0 0 1 
1 0 0 0 0 1 
1 S 1 1 G 1 
PD14 PL33 D22 T3

Map6
1 1 1 1 S 1 
1 0 0 H 0 1 
1 0 1 0 0 1 
1 F 0 H 0 1 
1 0 0 0 F G 
1 1 1 1 1 1 
PL21 PR32 P43 T4

Map6
1 1 1 1 1 1 
1 0 0 0 H 1 
1 0 H 0 0 G 
1 0 1 0 0 1 
1 F 0 0 0 1 
1 1 1 1 S 1 
r33 PR43 PL24 T5

Map6
1 1 G 1 1 1 
1 0 0 F 0 1 
1 0 H H 0 1 
1 0 # 0 1 1 
S 0 1 0 0 1 
1 1 1 1 1 1 
PU21 PU34 U12 T4

Map6
1 1 G 1 1 1 
S 0 0 H 0 1 
1 0 0 F 0 1 
1 0 0 0 0 1 
1 # 1 # 0 1 
1 1 1 1 1 1 
PD41 PU21 D13 T4

Map6
1 G 1 1 1 1 
1 0 1 0 # 1 
1 # 1 0 0 1 
1 1 0 0 0 1 
1 0 0 0 F 1 
1 1 1 S 1 1 
PL42 PU11 l33 T3

Map6
1 1 1 1 1 1 
1 H H 0 0 S 
1 0 0 F 0 1 
G 0 0 0 0 1 
1 0 1 0 # 1 
1 1 1 1 1 1 
PU14 PR31 R12 T2

Map6
1 1 1 1 1 1 
S 0 0 H 0 1 
1 F 1 0 0 1 
1 0 # 0 0 1 
1 H # 0 F 1 
1 1 1 G 1 1 
r43 PR13 PL11 T4

Map6
1 1 1 1 1 1 
1 0 0 0 F 1 
1 1 0 0 F 1 
G 0 0 0 0 1 
1 0 0 1 0 1 
1 1 1 1 S 1 
PD43 PR14 P22 T3

Map6
1 1 1 1 1 1 
1 0 0 0 1 1 
G 0 0 H 0 1 
1 0 0 0 0 1 
1 H F 0 0 1 
1 1 1 S 1 1 
PR13 PR33 u42 T10

Map6
1 1 1 1 G 1 
1 F 0 H 0 1 
1 0 0 0 H 1 
1 F 0 0 0 S 
1 0 0 0 0 1 
1 1 1 1 1 1 
PL24 PU41 D12 T2

Map6
1 1 1 1 1 1 
1 0 0 1 0 1 
1 0 H 0 0 S 
1 0 0 0 H 1 
1 0 # 0 0 1 
1 1 1 G 1 1 
PR32 PR14 u44 T4

Map6
1 1 1 1 1 1 
1 0 0 H 0 1 
G F 0 0 F 1 
1 # 0 0 0 1 
1 0 0 0 0 1 
1 1 1 S 1 1 
p23 U33 D14 T5

Map6
1 1 1 1 1 1 
1 0 # 0 0 1 
1 F 0 0 0 1 
S 0 0 H 1 1 
1 0 F 0 1 1 
1 1 G 1 1 1 
PL13 PU32 u31 T4

Map6
1 1 1 1 G 1 
1 H 0 0 0 1 
1 0 0 0 0 1 
S # 0 H 0 1 
1 0 1 # 1 1 
1 1 1 1 1 1 
PR21 PU14 D23 T3

Map6
1 S 1 1 1 1 
1 0 0 F 1 1 
1 0 0 0 H 1 
1 0 # 0 # 1 
1 F 0 H 0 G 
1 1 1 1 1 1 
p22 PD32 PR13 T7

Map6
1 1 1 1 1 1 
S 0 0 0 H 1 
1 0 0 0 0 G 
1 H 0 0 # 1 
1 F 0 0 0 1 
1 1 1 1 1 1 
D31 r21 r32 T6

Map6
1 G 1 1 1 1 
1 # 0 0 0 1 
1 0 0 0 H 1 
1 1 0 0 0 1 
1 0 H 0 # 1 
1 1 1 1 S 1 
PD21 PD43 D23 T3

Map6
1 1 G 1 1 1 
1 0 0 0 F 1 
1 0 F 0 0 1 
1 0 0 H 0 S 
1 # 0 0 0 1 
1 1 1 1 1 1 
P34 PR43 PD11 T3

Map6
1 1 G 1 1 1 
1 0 0 0 H 1 
1 H # 0 0 S 
1 0 0 0 0 1 
1 0 0 0 F 1 
1 1 1 1 1 1 
R34 PR32 PD13 T3

Map6
1 1 1 1 1 1 
1 0 0 0 0 1 
1 0 # 0 F 1 
1 0 H 0 0 1 
1 F H 0 0 S 
1 1 1 G 1 1 
R41 PR44 PU12 T3

Map6
1 1 1 1 S 1 
1 0 0 # 0 1 
1 H 0 0 0 1 
G 0 0 0 H 1 
1 0 0 0 # 1 
1 1 1 1 1 1 
PU11 PR42 L33 T3

Map6
1 1 G 1 1 1 
1 H # 0 0 1 
1 0 F # 0 1 
1 F 0 0 0 S 
1 0 0 0 1 1 
1 1 1 1 1 1 
PR33 PD12 u14 T4

Map6
1 1 1 S 1 1 
1 1 0 0 # 1 
1 0 0 F 0 1 
1 H 0 1 0 1 
G 0 0 0 H 1 
1 1 1 1 1 1 
R21 PR43 PU12 T5

Map6
1 1 G 1 1 1 
1 0 0 H 0 1 
1 # 0 0 0 1 
S 0 0 F 1 1 
1 H 0 0 # 1 
1 1 1 1 1 1 
D32 d13 D23 T5

Map6
1 1 1 G 1 1 
1 0 1 0 1 1 
1 0 0 0 H 1 
1 0 0 F 0 S 
1 0 0 0 0 1 
1 1 1 1 1 1 
PD11 PR43 D44 T3

Map6
1 1 1 1 1 1 
1 0 0 0 H 1 
1 0 0 0 0 G 
1 0 0 0 F 1 
1 0 0 H 0 1 
1 1 1 1 S 1 
PD44 PL23 U11 T3

Map6
1 1 1 1 1 1 
1 0 0 F 1 1 
S # 0 F H 1 
1 0 H 0 # 1 
1 1 0 0 1 1 
1 1 1 G 1 1 
PD11 PD33 P22 T2

Map6
1 1 1 1 1 1 
1 F 0 0 0 S 
1 0 H 0 0 1 
G 0 1 1 0 1 
1 H 0 1 F 1 
1 1 1 1 1 1 
PL42 PL13 D21 T3

Map6
1 1 G 1 1 1 
1 0 0 0 F 1 
1 0 0 H 0 1 
1 H F 0 1 1 
1 0 0 0 0 1 
1 S 1 1 1 1 
R31 PD14 PR11 T2

Map6
1 1 1 1 1 1 
1 # 0 0 0 1 
1 0 0 # 0 1 
1 H 0 0 0 S 
1 H 0 0 0 1 
1 1 G 1 1 1 
L41 PL12 PU33 T4

Map6
1 1 1 G 1 1 
1 0 # 0 0 1 
1 # 0 0 0 1 
1 0 0 0 F 1 
S 0 H 0 0 1 
1 1 1 1 1 1 
PL14 PD11 P42 T4

Map6
1 G 1 1 1 1 
1 F 0 0 0 1 
1 0 1 0 H 1 
S F 0 0 # 1 
1 0 # 0 1 1 
1 1 1 1 1 1 
PU12 PU34 l23 T3

Map6
1 1 1 1 S 1 
1 0 0 0 # 1 
1 1 0 1 0 1 
1 0 0 0 H 1 
1 1 0 0 0 1 
1 1 1 G 1 1 
PL11 PL42 U44 T5

Map6
1 1 1 1 1 1 
1 F 0 0 0 1 
G # # H 0 1 
1 0 0 0 0 1 
1 F 0 0 0 1 
1 1 1 1 S 1 
U21 D13 r44 T5

Map6
1 1 1 1 S 1 
1 0 0 # 0 1 
1 0 0 H 0 1 
1 H 0 0 0 G 
1 0 0 # F 1 
1 1 1 1 1 1 
PD11 PL42 p22 T5

Map6
1 1 1 1 1 1 
1 0 F 1 0 S 
1 0 1 0 1 1 
G # 0 0 0 1 
1 # 0 0 F 1 
1 1 1 1 1 1 
R12 PR41 PR23 T6

Map6
1 S 1 1 1 1 
1 # 0 1 0 1 
1 0 1 0 0 G 
1 0 0 H 0 1 
1 0 1 0 0 1 
1 1 1 1 1 1 
PU43 PL21 P41 T4

Map6
1 G 1 1 1 1 
1 F 0 0 0 1 
1 0 0 H # 1 
1 H 0 0 0 S 
1 0 0 0 # 1 
1 1 1 1 1 1 
d34 PD23 PL22 T6

Map6
1 1 G 1 1 1 
1 0 0 # H 1 
1 0 0 F 0 1 
1 0 0 0 0 1 
S 0 0 H 0 1 
1 1 1 1 1 1 
D33 L12 L24 T4

Map6
1 1 1 1 1 1 
1 0 0 0 0 1 
S # # 0 F 1 
1 0 0 0 0 1 
1 0 0 0 H 1 
1 1 1 G 1 1 
PU32 PL24 u23 T5

Map6
1 1 1 1 1 1 
1 1 F 0 0 1 
1 0 0 0 0 1 
1 H 0 H 0 S 
G 0 0 F 0 1 
1 1 1 1 1 1 
U41 L12 U44 T4

Map6
1 S 1 1 1 1 
1 0 0 0 F 1 
1 0 0 F 0 G 
1 H 0 0 0 1 
1 # # 0 1 1 
1 1 1 1 1 1 
PU11 PL31 D23 T3

Map6
1 1 1 1 1 1 
1 H 0 0 0 1 
1 0 0 0 F 1 
1 0 0 0 F 1 
S 0 H 0 0 1 
1 1 1 G 1 1 
U21 PL41 PL14 T2

Map6
1 1 S 1 1 1 
1 0 0 0 0 1 
1 0 0 0 0 1 
1 0 H 0 1 1 
1 1 0 F # G 
1 1 1 1 1 1 
U22 PR24 PL31 T2

Map6
1 1 1 S 1 1 
1 0 # 0 H 1 
1 1 0 0 0 1 
1 0 0 H 0 G 
1 0 0 0 0 1 
1 1 1 1 1 1 
PU31 PU23 p42 T6

Map6
1 1 G 1 1 1 
1 0 0 H 0 1 
1 0 0 # 0 1 
1 0 0 0 0 1 
1 0 H 0 # S 
1 1 1 1 1 1 
PR34 PL43 p33 T3

Map6
1 1 1 1 1 1 
1 0 0 F # S 
1 0 H # 0 1 
1 1 0 0 0 1 
1 0 0 0 F 1 
1 G 1 1 1 1 
PR23 PU12 D43 T5

Map6
1 1 1 1 1 1 
1 H 0 0 0 1 
1 0 0 0 0 1 
G 0 H 0 0 S 
1 0 1 0 0 1 
1 1 1 1 1 1 
D14 U34 P31 T4

Map6
1 1 G 1 1 1 
1 F 0 0 0 1 
1 0 0 0 0 1 
1 0 0 0 0 1 
1 0 H 0 0 S 
1 1 1 1 1 1 
PL41 PD12 R34 T4

Map6
1 1 1 1 S 1 
1 0 0 0 0 1 
1 0 0 1 0 1 
1 0 0 1 H 1 
1 0 1 0 0 1 
1 1 1 1 G 1 
PR11 PR34 L42 T3

Map6
1 1 1 G 1 1 
1 0 H 0 0 1 
1 0 0 0 0 1 
1 0 0 F 0 1 
S 0 0 0 H 1 
1 1 1 1 1 1 
R24 l13 u22 T6

Map6
1 1 1 1 1 1 
S 0 0 0 0 1 
1 1 0 1 1 1 
1 0 0 0 0 1 
1 H H 0 0 1 
1 1 1 G 1 1 
l11 R13 D43 T4

Map6
1 1 1 1 1 1 
S 0 0 0 F 1 
1 0 0 0 F 1 
1 0 0 0 0 1 
1 0 H # 0 1 
1 1 1 G 1 1 
l23 D21 r12 T6

Map6
1 1 1 S 1 1 
1 0 0 0 0 1 
G 0 # 0 H 1 
1 0 0 F 0 1 
1 F 0 0 0 1 
1 1 1 1 1 1 
p11 D32 l24 T10

Map6
1 1 1 1 1 1 
S 0 0 H 0 1 
1 0 1 0 0 G 
1 0 # 0 0 1 
1 0 1 0 0 1 
1 1 1 1 1 1 
R21 D14 R32 T4

Map6
1 1 1 1 1 1 
1 0 H H 0 1 
G 0 1 0 0 1 
1 1 0 0 0 1 
1 0 0 0 1 1 
1 1 S 1 1 1 
PU34 PL12 U43 T3

Map6
1 1 1 1 1 1 
1 F 0 0 0 1 
1 0 # H 1 1 
1 0 0 1 0 G 
1 H 0 0 F 1 
1 1 S 1 1 1 
PR43 PU13 U21 T3

Map6
1 1 1 1 1 1 
1 0 1 0 0 1 
G 0 H 0 F 1 
1 0 1 0 0 S 
1 1 F 0 # 1 
1 1 1 1 1 1 
L11 PU13 PD31 T3

Map6
1 1 G 1 1 1 
1 H 0 0 0 1 
1 0 F # 0 1 
1 0 0 0 1 1 
S # 0 F 1 1 
1 1 1 1 1 1 
PL24 PR13 r33 T4

Map6
1 1 1 1 G 1 
1 H 0 0 0 1 
1 0 0 0 1 1 
1 0 0 1 # S 
1 0 H 0 0 1 
1 1 1 1 1 1 
PL32 PU44 d12 T7

Map6
1 1 1 1 S 1 
1 0 0 0 0 1 
1 1 0 0 0 1 
1 0 0 0 F 1 
1 0 F 1 0 1 
1 G 1 1 1 1 
L42 p41 p22 T8

Map6
1 1 1 G 1 1 
1 1 0 0 F 1 
1 H 0 0 0 1 
1 0 0 1 1 1 
S 0 H 0 0 1 
1 1 1 1 1 1 
PL42 PL14 L22 T2

Map6
1 1 1 1 1 1 
S 0 0 1 H 1 
1 0 1 0 0 1 
G 0 # 0 0 1 
1 H 0 1 0 1 
1 1 1 1 1 1 
PR32 PL11 R44 T3

Map6
1 1 1 1 1 1 
1 F # 0 0 G 
1 # 0 0 1 1 
1 0 0 0 1 1 
S 0 H 1 0 1 
1 1 1 1 1 1 
PD32 PL14 p33 T5

Map6
1 1 1 1 1 1 
1 0 F 0 0 1 
1 0 0 # 0 G 
1 0 0 0 H 1 
1 # H 0 0 1 
1 1 1 1 S 1 
PL31 PD44 p11 T4

Map6
1 1 1 1 1 1 
S 0 0 F 0 1 
1 0 0 0 0 1 
1 0 1 0 F G 
1 0 0 0 0 1 
1 1 1 1 1 1 
D34 PL11 PL42 T4

Map6
1 1 1 1 1 1 
S # 0 0 F 1 
1 0 0 0 H 1 
1 H 0 0 0 1 
1 0 # 0 F 1 
1 1 1 G 1 1 
u22 PD31 PD43 T5

Map6
1 1 1 S 1 1 
1 0 0 F 0 1 
1 0 0 H 0 1 
1 0 0 H 0 1 
1 0 0 0 0 1 
1 1 1 G 1 1 
R21 l44 R24 T4

Map6
1 1 1 1 1 1 
1 0 0 0 F 1 
1 F 0 0 0 1 
S 0 1 0 0 G 
1 1 1 0 H 1 
1 1 1 1 1 1 
P31 U42 l32 T8

Map6
1 1 1 1 1 1 
1 H 0 0 F 1 
G 0 0 0 F 1 
1 0 0 0 0 1 
1 0 # 0 0 1 
1 S 1 1 1 1 
U21 PU13 PU34 T4

Map6
1 1 G 1 1 1 
1 0 0 0 H 1 
1 0 0 0 0 1 
1 0 H 0 0 1 
1 0 0 0 0 1 
1 1 S 1 1 1 
R14 PU11 PL44 T4

Map6
1 S 1 1 1 1 
1 0 0 0 0 1 
1 0 0 # F G 
1 H F 0 0 1 
1 0 # 0 0 1 
1 1 1 1 1 1 
l21 PD12 PD33 T5

Map6
1 1 1 1 1 1 
1 0 H 0 0 S 
1 0 0 0 0 1 
1 0 0 0 0 1 
1 0 0 0 F 1 
1 1 G 1 1 1 
PU31 PL43 p32 T5

Map6
1 1 1 1 1 1 
1 1 0 0 0 1 
G 0 H # 0 S 
1 0 0 0 1 1 
1 1 0 0 H 1 
1 1 1 1 1 1 
r34 PR21 PR42 T8

Map6
1 1 1 1 1 1 
1 # 0 0 0 S 
1 0 0 0 F 1 
1 F 0 0 0 1 
1 H # 0 0 1 
1 1 G 1 1 1 
P21 U12 l31 T5

Map6
1 1 1 1 1 1 
1 0 0 H 1 1 
1 0 0 0 H 1 
1 0 0 0 F 1 
G 0 0 0 0 1 
1 1 1 1 S 1 
U32 PR12 PD44 T3

Map6
1 1 1 1 G 1 
1 # 0 0 0 1 
1 # 1 0 0 1 
1 1 0 0 0 1 
S 0 F H 0 1 
1 1 1 1 1 1 
PL14 PD31 L33 T3

Map6
1 1 1 1 1 1 
S 0 H 0 0 1 
1 1 0 0 0 1 
1 1 0 0 0 1 
1 # 0 0 # 1 
1 1 G 1 1 1 
PR31 PL11 L43 T4

Map6
1 1 1 1 1 1 
S 0 0 0 H 1 
1 # 0 0 0 1 
1 0 1 F 0 G 
1 0 1 0 0 1 
1 1 1 1 1 1 
l42 D31 r22 T6

Map6
1 1 1 1 1 1 
1 H 0 0 0 1 
1 0 F 0 0 G 
S 0 0 0 H 1 
1 0 1 1 F 1 
1 1 1 1 1 1 
L33 r13 U41 T5

Map6
1 1 1 1 1 1 
1 0 0 1 0 1 
1 0 0 H 0 1 
G 0 0 1 H 1 
1 1 0 0 0 1 
1 1 1 1 S 1 
PD44 PR11 D24 T3

Map6
1 S 1 1 1 1 
1 0 0 0 H 1 
1 0 0 0 F 1 
1 H 0 0 0 1 
1 0 0 0 0 1 
1 1 1 G 1 1 
r44 R31 P12 T7

Map6
1 1 1 1 1 1 
1 1 0 0 H 1 
S # F 1 0 1 
1 # 0 0 0 1 
1 H 0 1 0 G 
1 1 1 1 1 1 
PL31 PR44 U23 T2

Map6
1 1 1 1 S 1 
1 0 0 0 0 1 
1 H 0 0 0 1 
G 0 0 0 H 1 
1 0 0 0 0 1 
1 1 1 1 1 1 
R42 d31 r22 T6

Map6
1 G 1 1 1 1 
1 F 0 F 0 S 
1 0 0 H 0 1 
1 0 1 # 1 1 
1 1 0 0 # 1 
1 1 1 1 1 1 
PL22 PU42 R21 T3

Map6
1 1 1 1 1 1 
1 0 H 0 0 S 
G 0 1 1 0 1 
1 0 0 0 0 1 
1 0 0 1 # 1 
1 1 1 1 1 1 
l42 PL11 PU31 T6

Map6
1 1 1 1 1 1 
1 0 0 0 0 1 
1 0 0 H 0 1 
1 0 0 0 # G 
1 F 0 0 F 1 
1 1 1 S 1 1 
p22 PD34 PL31 T5

Map6
1 S 1 1 1 1 
1 F 1 # 0 1 
1 0 0 0 H 1 
1 0 0 0 0 1 
1 F 0 H 0 1 
1 1 1 1 G 1 
L13 PR32 PR24 T5

Map6
1 1 1 1 1 1 
1 0 H F 0 1 
1 1 0 0 0 G 
1 0 0 1 0 1 
1 0 # 0 F 1 
1 S 1 1 1 1 
PD41 PL23 P43 T3

Map6
1 1 1 1 1 1 
1 F 1 0 1 1 
1 0 0 0 0 1 
S 0 F 0 H 1 
1 0 0 0 1 1 
1 1 G 1 1 1 
PL13 PU33 P12 T4

Map6
1 1 1 G 1 1 
1 F 0 0 0 1 
1 0 F H 0 1 
1 0 0 0 # 1 
1 0 0 0 0 1 
1 1 1 S 1 1 
R33 l21 l14 T8

Map6
1 1 1 1 S 1 
1 0 0 1 F 1 
1 1 0 0 0 1 
1 F 0 0 1 1 
1 H 0 H 0 G 
1 1 1 1 1 1 
PL33 PR44 l22 T5

Map6
1 1 1 1 1 1 
1 0 0 0 H 1 
1 0 F 0 0 G 
1 0 0 0 0 1 
1 H 0 0 F 1 
1 1 1 1 S 1 
P11 PU13 PD43 T2

Map6
1 1 1 G 1 1 
1 0 0 # 0 1 
1 0 0 H 0 1 
1 0 0 H 0 1 
1 0 0 0 0 1 
1 1 1 S 1 1 
PD34 PU42 r41 T4

Map6
1 1 S 1 1 1 
1 1 0 0 # 1 
1 0 0 0 H 1 
1 0 H 0 0 1 
1 0 1 0 0 1 
1 G 1 1 1 1 
PD43 PL22 u21 T7

Map6
1 1 1 1 1 1 
1 0 0 0 0 1 
1 F 0 0 1 1 
G 0 F 0 0 1 
1 0 0 0 0 1 
1 1 S 1 1 1 
u41 d11 p14 T8

Map6
1 1 G 1 1 1 
S 0 0 H 0 1 
1 H F 0 1 1 
1 0 0 1 0 1 
1 0 0 0 0 1 
1 1 1 1 1 1 
PL11 PD13 P34 T3

Map6
1 1 1 1 1 1 
1 0 0 1 0 1 
1 0 0 0 # 1 
1 1 F 0 0 G 
1 0 F 0 H 1 
1 1 S 1 1 1 
l22 D34 U21 T5

Map6
1 1 1 1 1 1 
S 0 F 0 0 1 
1 0 0 0 0 1 
1 0 0 0 0 1 
1 0 0 0 F 1 
1 1 1 G 1 1 
d32 L43 u12 T6

Map6
1 S 1 1 1 1 
1 F 0 0 0 1 
1 0 0 H 1 1 
1 0 1 0 0 1 
1 1 0 # 0 G 
1 1 1 1 1 1 
PL22 PD33 P13 T3

Map6
1 1 1 1 1 1 
S 0 0 0 H 1 
1 0 # H 0 1 
1 1 0 0 0 1 
1 0 0 0 # 1 
1 1 1 G 1 1 
r43 PR31 PR24 T6

Map6
1 1 1 1 1 1 
1 F 0 0 0 1 
1 0 H 0 F 1 
1 0 0 0 0 1 
S 0 0 # H 1 
1 1 1 G 1 1 
PU12 PR24 u23 T5

Map6
1 1 1 1 1 1 
1 0 0 0 0 1 
1 1 H 0 0 1 
S 0 F # H 1 
1 0 0 # F 1 
1 1 1 G 1 1 
P21 PL13 PU42 T3

Map6
1 1 1 1 1 1 
1 0 F 0 0 1 
1 0 0 0 # 1 
1 0 0 0 0 1 
1 0 F 0 0 S 
1 1 G 1 1 1 
r32 R41 P34 T5

Map6
1 1 1 1 1 1 
1 0 0 0 0 1 
G 0 0 H 0 1 
1 H # 0 0 1 
1 0 0 # 0 1 
1 1 1 S 1 1 
P21 D33 D14 T4

Map6
1 1 1 S 1 1 
1 0 # F 0 1 
1 F 1 0 0 1 
G 0 0 H 0 1 
1 0 0 0 0 1 
1 1 1 1 1 1 
R14 PU32 PD11 T2

Map6
1 1 1 1 S 1 
1 H 0 0 0 1 
1 1 0 0 0 1 
G 0 1 0 H 1 
1 # 0 1 0 1 
1 1 1 1 1 1 
R42 PL13 PR21 T2

Map6
1 1 1 1 1 1 
1 1 0 0 1 1 
G 0 H 0 0 1 
1 0 1 0 0 S 
1 F 0 0 H 1 
1 1 1 1 1 1 
R31 PL12 PL42 T3

Map6
1 G 1 1 1 1 
1 F 0 0 0 S 
1 0 0 1 # 1 
1 H 0 0 0 1 
1 0 0 0 0 1 
1 1 1 1 1 1 
u12 L21 D14 T7

Map6
1 1 1 1 1 1 
1 0 0 0 0 1 
G 0 0 0 1 1 
1 0 F H 0 1 
1 0 1 0 0 1 
1 1 1 S 1 1 
P13 PR22 PD34 T5

Map6
1 S 1 1 1 1 
1 # 0 0 1 1 
1 0 0 0 1 1 
1 # 0 0 0 1 
1 H 0 H 0 1 
1 1 1 1 G 1 
d24 PL32 PU12 T6

Map6
1 1 1 1 1 1 
1 0 0 0 H 1 
1 0 0 # 0 1 
1 H 0 # 0 1 
1 F 0 0 0 1 
1 1 G 1 S 1 
PL42 PR34 P12 T4

Map6
1 1 1 1 1 1 
1 0 1 0 0 1 
1 0 0 H 0 G 
1 0 1 0 0 1 
1 0 F 0 F S 
1 1 1 1 1 1 
PU43 PD11 P41 T3

Map6
1 1 1 G 1 1 
1 0 0 0 0 1 
1 0 H 0 0 1 
1 # 0 0 0 1 
1 F 0 0 H 1 
1 1 S 1 1 1 
d24 PL34 PR23 T4

Map6
1 1 1 1 1 1 
1 0 # 0 0 1 
S 0 0 0 H 1 
1 1 0 0 0 G 
1 # 0 0 F 1 
1 1 1 1 1 1 
L32 l22 d12 T4

Map6
1 1 1 1 1 1 
1 F 1 H 1 1 
S 0 0 F 0 1 
1 # 0 0 0 1 
1 0 0 H 1 1 
1 1 G 1 1 1 
PU22 PR33 l12 T5

Map6
1 1 1 G 1 1 
1 F 0 0 0 1 
1 # H 0 1 1 
1 # 0 1 H 1 
S 0 0 0 0 1 
1 1 1 1 1 1 
u14 PD23 PU31 T3

Map6
1 1 1 1 1 1 
S 0 0 0 0 1 
1 # F 0 1 1 
1 0 F 1 0 G 
1 0 1 0 0 1 
1 1 1 1 1 1 
PR43 PD31 D13 T5

Map6
1 1 S 1 1 1 
1 0 0 0 0 1 
G 0 F 0 0 1 
1 # 1 H 0 1 
1 # 0 0 0 1 
1 1 1 1 1 1 
p41 PU21 PR31 T4

Map6
1 1 1 1 1 1 
1 0 # 0 0 1 
1 0 0 0 # 1 
S 0 H 0 0 1 
1 0 0 0 0 1 
1 1 G 1 1 1 
PU12 PL13 L14 T5

Map6
1 1 1 1 1 1 
1 H 0 0 1 1 
1 H 0 0 F G 
1 0 0 # 0 1 
1 F # 0 1 1 
1 S 1 1 1 1 
PU22 PD13 p31 T5

Map6
1 1 1 1 1 1 
1 # H 0 0 1 
G # 0 0 1 1 
1 0 1 0 0 1 
1 1 H 0 F S 
1 1 1 1 1 1 
D33 PR34 PD31 T2

Map6
1 1 1 G 1 1 
1 0 0 0 # 1 
1 # 0 1 0 1 
1 0 0 0 0 1 
S 0 0 H 0 1 
1 1 1 1 1 1 
PU31 PR11 D24 T5

Map6
1 1 1 1 1 1 
1 1 H 0 0 1 
G 0 0 1 0 1 
1 0 0 0 F 1 
1 0 0 0 0 1 
1 1 1 1 S 1 
r44 PR31 PR14 T6

Map6
1 1 1 1 1 1 
S # 0 F 1 1 
1 0 0 0 0 1 
1 0 0 0 0 1 
G F 0 0 H 1 
1 1 1 1 1 1 
R21 U42 R13 T5

Map6
1 1 1 1 1 1 
1 0 0 F 0 1 
1 1 1 0 0 1 
G F 0 0 0 1 
1 H 0 # 0 S 
1 1 1 1 1 1 
L24 u41 u32 T9

Map6
1 1 1 1 1 1 
1 # 0 1 0 1 
1 0 F 0 0 1 
G # 1 1 F S 
1 0 0 0 0 1 
1 1 1 1 1 1 
U41 L14 U44 T4

Map6
1 1 1 1 1 1 
1 1 0 # # 1 
1 F 0 1 0 G 
1 F 0 0 0 1 
1 0 0 0 0 1 
1 S 1 1 1 1 
PD14 PL44 p43 T7

Map6
1 1 1 1 1 1 
1 F 0 # F G 
S 0 0 H 0 1 
1 0 0 # 0 1 
1 0 0 0 H 1 
1 1 1 1 1 1 
PR21 PD22 D34 T4

Map6
1 1 1 1 1 1 
G 0 0 0 0 1 
1 0 0 0 1 1 
S 0 H 0 0 1 
1 0 0 0 # 1 
1 1 1 1 1 1 
PR22 PR33 D12 T6

Map6
1 1 1 1 1 1 
G 0 0 1 0 1 
1 F 0 0 0 S 
1 0 1 0 0 1 
1 1 0 0 0 1 
1 1 1 1 1 1 
l42 PD33 PR22 T4

Map6
1 1 1 S 1 1 
1 0 0 F 0 1 
1 0 0 0 F 1 
G 0 0 H 0 1 
1 0 H 0 0 1 
1 1 1 1 1 1 
u12 PU32 PD11 T3

Map6
1 1 1 1 1 1 
1 0 H F 0 G 
1 0 # 0 0 1 
1 0 F 0 H 1 
1 0 0 0 # 1 
1 1 S 1 1 1 
PL33 PD24 r13 T6

Map6
1 1 1 G 1 1 
1 H 0 F 1 1 
S 0 0 0 H 1 
1 1 0 1 0 1 
1 0 0 0 0 1 
1 1 1 1 1 1 
r12 PD23 PL32 T3

Map6
1 1 1 1 S 1 
1 1 0 0 0 1 
1 0 0 0 0 1 
1 0 1 # 0 1 
1 H 0 0 0 1 
1 1 G 1 1 1 
PU42 PR24 L44 T2

Map6
1 1 1 1 1 1 
1 1 0 0 0 G 
1 0 H 1 0 1 
1 0 0 0 1 1 
1 0 0 0 0 1 
1 1 1 1 S 1 
U13 PU42 PU24 T6

Map6
1 1 1 1 1 1 
G 0 1 0 F 1 
1 H 1 0 1 1 
1 # 0 0 F 1 
1 0 0 0 0 S 
1 1 1 1 1 1 
D14 PD23 PL11 T2

Map6
1 1 1 1 S 1 
1 0 0 0 0 1 
1 0 H 0 0 1 
1 0 0 0 H 1 
1 0 # F F 1 
1 1 G 1 1 1 
PR42 PL33 l12 T6

Map6
1 1 1 1 1 1 
1 # 0 F 0 1 
1 0 0 0 0 G 
1 0 F 0 # 1 
1 H 0 0 1 1 
1 1 1 S 1 1 
l41 u34 D32 T6

Map6
1 1 1 G 1 1 
1 0 # 0 0 1 
1 0 F 0 0 1 
1 0 0 0 H 1 
1 0 0 1 0 S 
1 1 1 1 1 1 
PR11 PR44 U32 T1

Map6
1 1 1 1 1 1 
1 0 0 0 0 1 
1 # H 0 0 1 
G 0 0 H 0 1 
1 0 0 0 F 1 
1 1 S 1 1 1 
R23 PR32 PR14 T6

Map6
1 1 1 1 1 1 
1 0 F H 0 1 
1 H # 0 F 1 
1 0 0 0 1 1 
S 0 0 # 0 1 
1 1 G 1 1 1 
U32 R44 L13 T4

Map6
1 S 1 1 1 1 
1 0 0 0 0 1 
1 0 0 1 0 1 
1 0 1 H 1 1 
1 0 H 0 0 1 
1 1 1 1 G 1 
PR34 PD21 r11 T5

Map6
1 1 1 1 1 1 
1 0 0 # 0 1 
1 0 0 0 0 1 
S F 0 H 0 1 
1 0 0 0 0 1 
1 1 G 1 1 1 
p34 PL23 PR11 T5

Map6
1 1 1 1 1 1 
G 0 F 1 0 1 
1 1 0 0 0 1 
1 0 0 0 H 1 
1 0 # 0 0 S 
1 1 1 1 1 1 
r44 PU23 PL11 T5

Map6
1 1 S 1 1 1 
1 0 0 0 0 1 
G 0 H 0 0 1 
1 F 0 # 0 1 
1 0 F # 0 1 
1 1 1 1 1 1 
PU21 PD11 U14 T2

Map6
1 1 1 1 1 1 
S 0 0 H 0 1 
1 0 0 0 0 1 
1 0 1 0 1 1 
1 # 0 0 H 1 
1 1 1 G 1 1 
U21 L13 R42 T4

Map6
1 1 1 1 1 1 
S 0 0 0 F 1 
1 0 0 0 0 1 
1 0 0 H 0 G 
1 0 0 H 0 1 
1 1 1 1 1 1 
L21 l11 L44 T6

Map6
1 1 G 1 1 1 
1 F 0 1 0 1 
1 0 H 0 0 1 
1 0 0 0 1 1 
1 0 F 0 0 1 
1 1 1 S 1 1 
PU21 PU14 d34 T4

Map6
1 1 1 1 1 1 
1 0 H 0 0 S 
G 0 0 0 F 1 
1 1 0 0 0 1 
1 0 0 1 0 1 
1 1 1 1 1 1 
R31 PU33 PU43 T3

Map6
1 1 1 1 1 1 
S 0 0 0 H 1 
1 0 0 0 0 1 
1 1 F # 0 1 
G 0 1 0 1 1 
1 1 1 1 1 1 
R42 PL14 PR21 T5

Map6
1 1 1 1 1 1 
1 0 0 0 0 1 
G F 0 0 F 1 
1 0 0 0 0 1 
1 0 # 0 0 1 
1 S 1 1 1 1 
R21 D13 R34 T4

Map6
1 1 1 1 1 1 
1 F 0 0 # 1 
G 0 0 0 1 1 
1 0 0 0 0 1 
S 0 0 H 0 1 
1 1 1 1 1 1 
r23 PD13 PU24 T4

Map6
1 1 1 1 1 1 
1 0 0 0 0 1 
1 H 0 0 F G 
1 0 0 0 0 1 
1 0 # H 0 1 
1 1 1 1 S 1 
PD44 PL33 U21 T4

Map6
1 G 1 1 1 1 
1 0 1 0 0 1 
1 0 1 0 0 1 
S # F 1 0 1 
1 0 0 0 0 1 
1 1 1 1 1 1 
PU11 PU32 D12 T5

Map6
1 1 1 1 1 1 
1 F 0 0 0 1 
1 0 0 0 0 1 
G 0 0 H 0 S 
1 0 0 0 0 1 
1 1 1 1 1 1 
U44 R41 P14 T4

Map6
1 1 1 1 S 1 
1 F 0 0 0 1 
1 0 0 0 0 1 
G 0 H 0 H 1 
1 0 # 0 0 1 
1 1 1 1 1 1 
PL12 PD21 D42 T6

Map6
1 1 1 1 1 1 
1 0 0 0 0 1 
G 0 1 0 0 1 
1 0 1 F 0 1 
1 1 0 H 0 1 
1 1 S 1 1 1 
L13 PR32 PD24 T5

Map6
1 1 1 1 1 1 
1 0 0 # 0 1 
1 1 F 0 0 S 
1 0 F 0 1 1 
1 0 0 0 0 1 
1 1 1 G 1 1 
u11 PL44 PD32 T7

Map6
1 1 1 G 1 1 
1 0 F 0 0 S 
1 0 F 0 0 1 
1 H 0 0 0 1 
1 0 0 0 0 1 
1 1 1 1 1 1 
PD11 PU31 L43 T4

Map6
1 1 G 1 1 1 
1 0 # H 0 1 
1 0 0 0 # 1 
1 0 0 0 0 1 
1 0 H 0 0 S 
1 1 1 1 1 1 
p32 l43 R34 T6

Map6
1 1 1 1 1 1 
1 F 0 0 F 1 
1 0 1 0 0 G 
1 0 # 0 H 1 
1 0 0 0 0 1 
1 S 1 1 1 1 
P31 D12 l24 T5

Map6
1 1 1 1 1 1 
1 0 0 H 0 1 
1 0 0 # 0 G 
1 0 0 F 0 1 
1 0 1 0 F S 
1 1 1 1 1 1 
PU14 PR34 r13 T3

Map6
1 1 1 1 1 1 
1 0 0 0 0 1 
1 0 # 0 0 1 
G 0 0 1 0 1 
1 F 0 0 F 1 
1 1 1 S 1 1 
PR24 PU12 u11 T6

Map6
1 1 1 1 1 1 
1 0 0 0 F 1 
1 H 0 0 0 S 
G 0 0 1 0 1 
1 0 1 0 F 1 
1 1 1 1 1 1 
r31 PU32 PR42 T5

Map6
1 1 1 1 1 1 
S 0 0 0 # 1 
1 # 1 H 0 1 
G F 0 0 1 1 
1 0 0 0 1 1 
1 1 1 1 1 1 
P34 PR14 PU42 T4

Map6
1 1 1 1 S 1 
1 H 0 0 0 1 
1 H 0 # # 1 
G F 0 0 1 1 
1 1 0 F 0 1 
1 1 1 1 1 1 
R24 PR21 PD22 T4

Map6
1 1 1 S 1 1 
1 0 F 0 0 1 
1 0 0 H 0 1 
1 0 0 0 0 1 
1 0 0 0 H 1 
1 1 1 G 1 1 
l23 PU31 PU14 T5

Map6
1 1 G 1 1 1 
1 0 0 0 H 1 
1 1 1 0 0 1 
1 0 0 1 0 S 
1 0 0 0 0 1 
1 1 1 1 1 1 
u43 PL31 PD42 T4

Map6
1 S 1 1 1 1 
1 0 1 0 0 1 
1 1 0 F 0 1 
G 0 0 0 # 1 
1 0 1 # 0 1 
1 1 1 1 1 1 
PU11 PR31 p42 T4

Map6
1 1 1 1 1 1 
1 F 0 0 # 1 
1 0 0 0 # G 
1 0 0 F 0 1 
1 0 0 0 0 1 
1 S 1 1 1 1 
u21 P12 U24 T4

Map6
1 1 1 G 1 1 
1 F 0 0 0 1 
1 0 0 0 0 1 
1 0 1 0 0 1 
S # F 0 H 1 
1 1 1 1 1 1 
l22 PL34 PR12 T3

Map6
1 1 1 1 1 1 
G 0 0 1 # 1 
1 1 0 0 0 1 
S 0 0 H 0 1 
1 0 0 0 H 1 
1 1 1 1 1 1 
D34 PD23 PL11 T4

Map6
1 1 1 1 S 1 
1 0 0 0 0 1 
1 0 0 1 0 1 
1 H # 0 H 1 
1 F 0 # 0 1 
1 1 1 G 1 1 
d24 L11 L42 T6

Map6
1 1 1 1 S 1 
1 0 0 # 0 1 
G F 0 H 0 1 
1 0 0 0 # 1 
1 0 0 F H 1 
1 1 1 1 1 1 
D42 PR11 PL22 T2

Map6
1 1 1 1 1 1 
1 F 0 0 0 1 
1 0 H 0 # G 
1 0 0 0 H 1 
1 F 0 0 0 1 
1 1 S 1 1 1 
PU31 PR23 R44 T4

Map6
1 1 G 1 1 1 
1 0 0 0 0 1 
1 0 0 F 0 1 
1 1 0 0 1 1 
1 F 0 0 0 S 
1 1 1 1 1 1 
R24 r31 r44 T5

Map6
1 1 1 1 G 1 
1 0 F 1 0 1 
1 0 0 0 H 1 
1 0 0 0 F 1 
1 0 0 0 0 1 
1 1 S 1 1 1 
PU41 PR22 u44 T7

Map6
1 1 1 G 1 1 
1 0 F # 0 1 
1 # 0 1 0 1 
1 0 0 0 H 1 
1 0 0 1 0 1 
1 1 1 1 S 1 
U41 PD44 PR11 T2

Map6
1 1 1 1 1 1 
1 0 0 0 0 1 
S 0 0 F H 1 
1 1 1 1 0 1 
G 0 0 0 # 1 
1 1 1 1 1 1 
l11 PU22 PL14 T5

Map6
1 1 1 1 1 1 
1 H 0 0 0 1 
1 0 0 0 0 1 
S 0 0 H 0 1 
1 # 0 0 0 1 
1 1 G 1 1 1 
P23 r34 l43 T9

Map6
1 1 1 1 1 1 
1 0 1 0 0 1 
1 0 1 0 F G 
1 1 0 # 0 1 
1 0 # 0 0 1 
1 1 1 1 S 1 
PU31 PU43 p44 T5

Map6
1 1 1 1 S 1 
1 0 0 0 0 1 
1 H 0 0 0 1 
G 0 0 0 H 1 
1 # F 0 0 1 
1 1 1 1 1 1 
PL21 PD42 P34 T4

Map6
1 1 1 1 S 1 
G 0 1 0 0 1 
1 0 0 1 0 1 
1 0 0 0 H 1 
1 0 1 0 0 1 
1 1 1 1 1 1 
PL11 PR31 D42 T2

Map6
1 1 1 1 1 1 
1 # 1 0 0 S 
1 # 0 0 H 1 
1 0 0 0 0 1 
1 H 0 F 0 1 
1 1 1 1 G 1 
l31 U33 p32 T7

Map6
1 1 1 1 1 1 
1 F H 0 0 G 
1 0 1 0 0 1 
1 0 0 1 0 1 
1 0 0 0 1 1 
1 S 1 1 1 1 
PR13 PL42 d14 T7

Map6
1 1 1 1 1 1 
1 0 0 F F 1 
G 0 H 0 0 1 
1 0 1 H 1 1 
1 1 0 0 0 1 
1 1 S 1 1 1 
PL34 PU13 l24 T4

Map6
1 1 G 1 1 1 
S 0 0 F 1 1 
1 0 0 1 0 1 
1 F 0 0 0 1 
1 0 0 0 0 1 
1 1 1 1 1 1 
u24 PU21 PR23 T6

Map6
1 1 1 1 S 1 
1 # 0 0 0 1 
1 0 # 1 F 1 
1 0 0 0 F G 
1 H 0 0 0 1 
1 1 1 1 1 1 
PU41 PL44 L24 T3

Map6
1 1 S 1 1 1 
1 0 0 0 0 1 
1 F # 0 0 1 
G 0 1 0 1 1 
1 # H 0 H 1 
1 1 1 1 1 1 
PU13 PR31 d11 T7

Map6
1 1 1 1 1 1 
1 0 0 # 0 1 
1 0 1 0 H 1 
1 # 0 1 0 1 
1 0 1 0 0 G 
1 S 1 1 1 1 
PR34 PU32 U41 T3

Map6
1 1 S 1 1 1 
1 0 0 # 1 1 
1 0 H # 0 1 
1 0 F 0 0 1 
1 0 0 1 0 1 
1 1 1 1 G 1 
r14 PU21 PL24 T5

Map6
1 1 1 1 S 1 
1 0 0 1 0 1 
1 0 F 0 # 1 
1 0 0 0 0 1 
1 # 0 0 F 1 
1 1 1 G 1 1 
L43 u12 p23 T6

Map6
1 1 1 1 1 1 
1 # 0 0 0 1 
G 0 H H 0 S 
1 0 # 0 0 1 
1 0 1 0 0 1 
1 1 1 1 1 1 
D41 p42 r13 T6

Map6
1 S 1 1 1 1 
1 0 0 0 F 1 
1 0 H # 0 G 
1 0 0 0 0 1 
1 0 H 0 # 1 
1 1 1 1 1 1 
l31 l23 r12 T8

Map6
1 1 G 1 1 1 
1 0 F 0 0 1 
1 0 0 0 H 1 
1 1 H 0 # 1 
S F 0 0 0 1 
1 1 1 1 1 1 
p32 p24 R31 T6

Map6
1 1 1 1 S 1 
1 0 0 0 0 1 
1 0 H 0 0 1 
G # 0 0 0 1 
1 H F 0 F 1 
1 1 1 1 1 1 
R34 PR21 PR42 T4

Map6
1 1 1 1 G 1 
1 H H # 0 1 
1 0 0 0 1 1 
1 # F 0 0 1 
1 0 0 0 F 1 
1 S 1 1 1 1 
l14 D12 D43 T5

Map6
1 1 1 1 1 1 
1 0 0 H 0 S 
1 0 F F 0 1 
1 0 # # 0 1 
1 0 0 0 H 1 
1 1 G 1 1 1 
d43 PR41 PU14 T8

Map6
1 1 1 1 1 1 
1 0 1 0 0 1 
1 1 # 1 0 G 
1 H 0 0 # 1 
S 0 0 0 F 1 
1 1 1 1 1 1 
p24 P41 P34 T6

Map6
1 1 1 S 1 1 
1 0 1 0 # 1 
G 0 0 F 0 1 
1 0 H 0 0 1 
1 F 0 # 0 1 
1 1 1 1 1 1 
R13 PD11 PU31 T2

Map6
1 1 S 1 1 1 
1 0 0 1 # 1 
1 H 0 0 # 1 
1 0 0 0 0 G 
1 0 H 0 0 1 
1 1 1 1 1 1 
u21 D44 U23 T4

Map6
1 1 1 1 1 1 
1 # 0 0 0 1 
G 0 0 0 F 1 
1 0 0 0 1 1 
1 1 F 0 # S 
1 1 1 1 1 1 
p21 PU23 PR34 T4

Map6
1 1 1 1 S 1 
1 0 0 0 0 1 
1 1 0 0 0 1 
1 H 0 0 0 G 
1 H 0 0 F 1 
1 1 1 1 1 1 
L11 U42 r22 T5

Map6
1 1 1 1 G 1 
1 1 # 1 0 1 
1 H 0 0 F 1 
1 0 0 0 F S 
1 1 0 0 0 1 
1 1 1 1 1 1 
PU41 PL34 d33 T4

Map6
1 1 1 1 1 1 
1 0 0 0 1 1 
G 0 0 0 1 1 
1 0 0 H 0 1 
1 F F 0 0 S 
1 1 1 1 1 1 
P34 PD43 PL12 T2

Map6
1 1 1 1 1 1 
1 0 F 0 F 1 
S 0 0 # 0 1 
1 # 0 0 1 1 
1 H 0 0 H 1 
1 1 G 1 1 1 
PD23 PR11 R42 T3

Map6
1 1 1 1 1 1 
1 0 0 0 0 1 
1 0 0 H 0 S 
1 H # 0 0 1 
G 0 0 0 0 1 
1 1 1 1 1 1 
PU12 PR42 p11 T5

Map6
1 1 1 S 1 1 
1 H 0 0 0 1 
1 0 0 0 0 1 
1 # 0 # 0 1 
1 0 0 H 0 1 
1 1 G 1 1 1 
PL32 PR21 p31 T4

Map6
1 1 G 1 1 1 
S 0 0 H 1 1 
1 0 0 H 0 1 
1 0 F 0 0 1 
1 0 0 0 F 1 
1 1 1 1 1 1 
PU21 PD22 D34 T4

Map6
1 1 1 G 1 1 
1 0 0 0 H 1 
1 0 0 F 0 1 
1 0 0 0 0 1 
1 0 0 1 0 1 
1 1 1 1 S 1 
u33 L42 l13 T5

Map6
1 1 1 G 1 1 
1 0 H 0 0 1 
1 0 0 0 0 1 
1 1 H 0 1 1 
S 0 1 0 0 1 
1 1 1 1 1 1 
PL14 PD11 R42 T3

Map6
1 1 1 1 S 1 
1 H 0 0 0 1 
1 F # 0 0 1 
1 0 0 0 0 1 
1 0 0 0 H 1 
1 1 G 1 1 1 
PD21 PR31 P42 T2

Map6
1 1 1 1 1 1 
S 0 0 0 # 1 
1 0 1 0 0 G 
1 0 0 0 H 1 
1 0 H 0 0 1 
1 1 1 1 1 1 
D14 U31 U34 T5

Map6
1 1 1 G 1 1 
1 F 0 0 0 1 
1 1 0 H 0 1 
1 F 0 # 0 1 
1 0 0 # H 1 
1 S 1 1 1 1 
d24 PD21 PD14 T7

Map6
1 1 1 1 1 1 
1 # 0 0 0 1 
1 1 1 0 0 G 
1 0 F 0 H 1 
1 0 0 0 0 1 
1 1 S 1 1 1 
PU31 PL44 R14 T3

Map6
1 1 1 1 1 1 
1 0 0 0 # G 
1 H 0 0 F 1 
1 0 H # 0 S 
1 0 0 0 0 1 
1 1 1 1 1 1 
u24 PD13 PR43 T5

Map6
1 1 1 1 1 1 
1 # 1 0 0 1 
S 0 F 0 H 1 
1 0 0 # 1 1 
1 F 0 0 1 1 
1 1 G 1 1 1 
PU34 PL32 d13 T5

Map6
1 1 1 1 1 1 
1 1 0 0 0 1 
1 # 0 0 H 1 
1 0 1 1 0 1 
1 0 H 0 0 1 
1 S 1 G 1 1 
PU32 PD34 D41 T5

Map6
1 1 1 1 1 1 
1 H 0 0 0 S 
1 0 0 # 0 1 
G 0 1 # 0 1 
1 0 0 1 0 1 
1 1 1 1 1 1 
l41 R31 R14 T6

Map6
1 S 1 1 1 1 
1 0 0 F 0 1 
G 0 0 0 H 1 
1 H 0 0 F 1 
1 0 0 0 0 1 
1 1 1 1 1 1 
PR14 PU11 p23 T5

Map6
1 1 1 G 1 1 
1 1 0 0 0 1 
1 0 1 H 1 1 
1 0 0 H 0 1 
S # F 0 0 1 
1 1 1 1 1 1 
R41 PD43 PR21 T3

Map6
1 1 S 1 1 1 
1 1 0 0 1 1 
1 0 0 0 0 1 
G 0 0 0 F 1 
1 0 H F 0 1 
1 1 1 1 1 1 
r21 u12 U23 T5

Map6
1 1 1 1 1 1 
1 H 0 H 0 S 
1 0 F 0 0 1 
1 0 0 0 1 1 
G 0 0 0 0 1 
1 1 1 1 1 1 
PU24 PR41 D21 T4

Map6
1 1 1 1 1 1 
1 0 0 # H 1 
G 0 1 0 0 1 
1 H 0 0 0 1 
S 0 # 0 0 1 
1 1 1 1 1 1 
d23 PL12 PU34 T5

Map6
1 1 1 S 1 1 
1 0 0 0 0 1 
1 # 0 0 H 1 
1 0 0 0 1 1 
1 0 H F 0 G 
1 1 1 1 1 1 
PR11 PR44 P32 T2

Map6
1 S 1 1 1 1 
1 0 0 0 F 1 
1 0 0 0 0 1 
G 0 0 0 H 1 
1 H 0 F 0 1 
1 1 1 1 1 1 
PR21 PL13 l22 T5

Map6
1 1 1 1 1 1 
1 # 0 H 0 1 
G F 0 0 0 1 
1 0 0 F 1 1 
1 0 0 0 H 1 
1 S 1 1 1 1 
l22 PD34 PR13 T5

Map6
1 1 1 1 1 1 
1 1 0 1 H 1 
1 0 0 H 0 1 
1 1 0 0 0 G 
1 0 0 0 0 1 
1 1 1 S 1 1 
PD42 PL33 u23 T6

Map6
1 1 1 G 1 1 
1 1 0 F 0 1 
1 0 H 0 0 S 
1 0 0 0 0 1 
1 H 1 1 0 1 
1 1 1 1 1 1 
D41 u42 D23 T4

Map6
1 1 G 1 1 1 
1 H 0 F 0 1 
1 0 0 0 1 1 
1 0 F 0 0 1 
1 0 1 0 1 1 
1 1 1 S 1 1 
PL32 PR13 L12 T3

Map6
1 1 1 1 1 1 
1 0 # 1 H 1 
1 0 H 0 0 1 
S 0 1 0 0 1 
1 F # 0 1 1 
1 1 1 G 1 1 
d32 PD11 PU34 T5

Map6
1 1 1 1 1 1 
1 0 F 0 0 S 
1 H 0 0 0 1 
1 0 0 # 0 1 
1 F 0 0 0 1 
1 1 G 1 1 1 
L31 u42 u13 T7

Map6
1 1 1 1 1 1 
1 0 0 F 0 S 
1 F 0 0 1 1 
1 0 # 0 0 1 
1 H H 0 0 1 
1 1 1 G 1 1 
PL43 PU13 p21 T5

Map6
1 1 1 1 1 1 
1 0 0 0 F 1 
G # 0 0 0 1 
1 0 0 1 # 1 
1 0 0 1 0 S 
1 1 1 1 1 1 
PU14 PD42 r13 T4

Map6
1 1 1 1 S 1 
1 1 1 0 0 1 
G 0 F 1 0 1 
1 0 0 0 H 1 
1 0 H F 0 1 
1 1 1 1 1 1 
PU42 PD12 u14 T4

Map6
1 S 1 1 1 1 
1 F 0 0 0 1 
1 0 0 # 0 1 
1 0 1 0 0 G 
1 0 0 0 F 1 
1 1 1 1 1 1 
PD13 PD34 d22 T5

Map6
1 1 1 1 G 1 
1 1 0 0 0 1 
S # 0 0 H 1 
1 F 0 H 1 1 
1 0 0 0 0 1 
1 1 1 1 1 1 
L32 d14 u23 T7

Map6
1 G 1 1 1 1 
1 0 1 0 0 1 
1 # 0 1 0 S 
1 1 0 0 0 1 
1 0 0 0 F 1 
1 1 1 1 1 1 
PD41 PR14 U34 T5

Map6
1 1 1 1 1 1 
1 0 0 # 0 1 
1 0 0 0 1 1 
S F # H 0 1 
1 0 0 0 0 1 
1 1 1 G 1 1 
r44 U14 L11 T9

Map6
1 1 1 G 1 1 
1 0 1 F 0 1 
1 0 0 0 0 1 
1 H 1 F 0 1 
1 0 0 0 H 1 
1 1 S 1 1 1 
R42 PR12 PR14 T3

Map6
1 S 1 1 1 1 
1 0 0 0 0 1 
1 0 0 0 H 1 
1 0 # 1 0 1 
1 0 H # 0 G 
1 1 1 1 1 1 
l21 PR12 PR44 T5

Map6
1 1 1 1 1 1 
1 # 1 0 1 1 
1 H F 0 # G 
1 0 0 0 0 1 
1 0 0 H 0 1 
1 1 S 1 1 1 
L31 PL43 PD23 T3

Map6
1 1 S 1 1 1 
1 0 0 0 H 1 
1 # 0 0 0 1 
1 0 H 0 0 1 
1 F 0 F 0 1 
1 1 1 G 1 1 
L31 p22 D13 T5

Map6
1 1 1 G 1 1 
1 0 0 0 F 1 
1 0 0 0 0 1 
S 0 0 H F 1 
1 0 0 0 0 1 
1 1 1 1 1 1 
PD42 PD23 P11 T4

Map6
1 S 1 1 1 1 
1 F 0 0 H 1 
1 0 0 1 1 1 
1 0 0 0 H 1 
1 0 1 0 0 G 
1 1 1 1 1 1 
L13 PL22 PD33 T3

Map6
1 1 1 1 1 1 
1 # 0 H 0 1 
1 0 0 0 F 1 
1 0 0 0 1 1 
1 F 0 0 0 S 
1 1 G 1 1 1 
PD24 PL32 r13 T6

Map6
1 S 1 1 1 1 
1 0 0 0 1 1 
1 0 0 0 1 1 
1 H 0 0 0 1 
1 # # H 0 G 
1 1 1 1 1 1 
PR44 PL21 U12 T2

Map6
1 1 1 G 1 1 
1 1 F 0 0 S 
1 0 0 # 0 1 
1 0 0 # 0 1 
1 1 0 1 0 1 
1 1 1 1 1 1 
PU31 PD12 d44 T6

Map6
1 1 S 1 1 1 
1 1 0 1 0 1 
1 0 F 0 0 1 
G 0 0 0 1 1 
1 0 H 0 F 1 
1 1 1 1 1 1 
P34 R12 U42 T3

Map6
1 1 1 1 1 1 
1 0 1 # 0 1 
1 F 0 H # 1 
1 0 0 0 0 G 
1 0 0 0 1 1 
1 S 1 1 1 1 
D11 PR22 PR34 T4

Map6
1 1 G 1 1 1 
1 0 F 0 0 1 
1 0 0 0 0 1 
1 # H 0 0 S 
1 0 H F 0 1 
1 1 1 1 1 1 
PR33 PD31 d32 T4

Map6
1 1 1 S 1 1 
1 0 0 0 0 1 
G 0 0 H 0 1 
1 0 0 # 0 1 
1 H 0 0 0 1 
1 1 1 1 1 1 
U13 d11 L41 T3

Map6
1 1 1 1 1 1 
1 0 0 0 0 1 
1 # H 0 0 S 
1 0 0 0 0 1 
1 H 0 0 0 1 
1 1 G 1 1 1 
r33 PR32 PU34 T4

Map6
1 1 1 1 1 1 
1 0 0 F 1 1 
1 H 0 # 0 G 
1 0 0 0 H 1 
1 0 0 0 0 1 
1 S 1 1 1 1 
PL33 PD13 d23 T4

Map6
1 1 1 1 1 1 
1 H 0 0 F 1 
G 0 0 1 H 1 
1 0 F 0 0 S 
1 0 0 0 0 1 
1 1 1 1 1 1 
PU21 PD33 u34 T6

Map6
1 1 1 G 1 1 
1 1 0 0 0 1 
1 0 1 0 0 1 
1 0 H 1 0 1 
1 0 0 0 H 1 
1 S 1 1 1 1 
PR21 PL34 p24 T5

Map6
1 G 1 1 1 1 
1 0 F 1 0 1 
1 0 H 0 0 S 
1 H # F 0 1 
1 0 0 0 0 1 
1 1 1 1 1 1 
PD41 PU11 D32 T2

Map6
1 1 1 S 1 1 
1 1 0 0 0 1 
1 0 0 H # G 
1 0 F 0 F 1 
1 0 0 0 0 1 
1 1 1 1 1 1 
PR14 PU31 R41 T3

Map6
1 1 1 1 1 1 
1 0 0 0 F 1 
G 0 F 1 0 1 
1 0 0 1 0 S 
1 0 1 0 0 1 
1 1 1 1 1 1 
PD11 PD42 d43 T4

Map6
1 1 1 1 1 1 
1 0 F # 0 1 
1 0 0 1 0 1 
1 0 0 F 0 1 
1 1 # 0 0 S 
1 1 1 G 1 1 
PL41 PR44 l11 T7

Map6
1 1 1 1 1 1 
1 0 0 0 0 1 
1 0 0 F # G 
1 H # 0 H 1 
1 1 0 0 0 1 
1 1 1 1 S 1 
PU24 PD44 L21 T2

Map6
1 1 1 1 G 1 
1 0 F 1 0 1 
1 0 0 0 H 1 
1 0 0 0 0 1 
S F 0 0 0 1 
1 1 1 1 1 1 
p24 PU41 PR12 T4

Map6
1 1 1 1 1 1 
1 0 H 0 0 1 
1 0 0 1 # 1 
G F 0 H # 1 
1 0 0 F 0 1 
1 1 1 S 1 1 
L44 PL22 PL14 T3

Map6
1 1 1 1 1 1 
1 0 0 H # 1 
G F 0 0 # 1 
1 0 H 0 0 S 
1 0 F 0 0 1 
1 1 1 1 1 1 
R33 PL22 PU44 T2

Map6
1 1 1 1 1 1 
1 # 0 0 0 1 
S 0 0 0 # 1 
1 1 0 0 0 G 
1 1 F 0 0 1 
1 1 1 1 1 1 
U41 U23 u32 T5

Map6
1 1 1 1 G 1 
S 0 H 0 0 1 
1 H 0 0 0 1 
1 # 1 F 0 1 
1 0 0 F 0 1 
1 1 1 1 1 1 
PL11 PL42 D22 T4

Map6
1 1 1 1 1 1 
1 0 1 H 0 1 
1 H 0 0 0 S 
1 0 # F 0 1 
1 0 F 0 0 1 
1 1 G 1 1 1 
u42 L32 U13 T5

Map6
1 1 G 1 1 1 
1 H 0 0 0 S 
1 F 0 0 0 1 
1 0 0 0 0 1 
1 F 0 0 0 1 
1 1 1 1 1 1 
R31 D13 P44 T4

Map6
1 S 1 1 1 1 
1 0 0 # 1 1 
1 0 0 H 0 1 
1 0 0 0 1 1 
1 H # 0 0 1 
1 1 1 G 1 1 
L13 D21 D33 T3

Map6
1 1 1 S 1 1 
1 0 1 0 0 1 
1 1 0 0 F 1 
1 0 H 0 0 1 
G 0 1 0 F 1 
1 1 1 1 1 1 
PR22 PD13 L33 T3

Map6
1 1 1 1 1 1 
1 0 0 0 F 1 
G 0 0 0 0 1 
1 0 0 1 0 1 
1 0 1 0 0 S 
1 1 1 1 1 1 
PU13 PD42 p43 T5

Map6
1 1 1 G 1 1 
1 H 0 0 0 1 
1 F 0 1 0 1 
1 H 0 0 F S 
1 0 0 0 0 1 
1 1 1 1 1 1 
p21 PU23 PU34 T5

Map6
1 1 1 1 1 1 
G 0 1 F H 1 
1 0 F # 0 1 
1 H 0 0 0 1 
1 0 # 0 1 1 
1 1 1 S 1 1 
P33 PL11 PR14 T2

Map6
1 1 1 1 1 1 
S 0 0 0 F 1 
1 0 0 0 0 1 
1 0 0 0 F 1 
1 0 0 0 # 1 
1 1 1 G 1 1 
r11 R42 L21 T5

Map6
1 1 1 1 1 1 
1 0 H F 0 1 
1 H F 1 0 G 
1 0 0 0 0 1 
1 # 0 1 # 1 
1 S 1 1 1 1 
PL24 PR13 l43 T5

Map6
1 1 1 1 1 1 
1 0 0 H 0 S 
1 0 0 F 0 1 
1 0 0 0 H 1 
G 0 0 0 F 1 
1 1 1 1 1 1 
U33 PR41 PR13 T3

Map6
1 1 G 1 1 1 
1 0 0 # 1 1 
1 H 1 0 H 1 
1 # 0 0 0 1 
1 0 0 0 0 1 
1 1 1 1 S 1 
P43 u11 d44 T8

Map6
1 1 S 1 1 1 
1 0 0 0 F 1 
1 0 0 0 0 1 
1 1 0 0 0 G 
1 H H 0 F 1 
1 1 1 1 1 1 
L23 U42 p32 T5

Map6
1 1 1 1 1 1 
S 0 0 0 0 1 
1 0 1 0 0 1 
1 0 0 1 H 1 
1 H 0 0 0 1 
1 1 1 G 1 1 
PL44 PU42 P24 T3

Map6
1 1 1 1 1 1 
1 0 0 0 0 1 
S 0 0 H 0 1 
1 1 0 0 0 1 
1 1 H 0 0 1 
1 1 1 G 1 1 
PU22 PD33 d11 T5

Map6
1 1 1 1 1 1 
1 0 0 0 H 1 
1 0 H 0 0 G 
1 0 0 0 # 1 
1 0 # 0 0 1 
1 1 S 1 1 1 
D23 PR32 PL34 T2

Map6
1 1 1 1 G 1 
1 0 1 0 0 1 
1 0 H # 1 1 
1 # 0 0 0 1 
1 0 0 H F 1 
1 1 S 1 1 1 
L12 PL23 PR31 T5

Map6
1 1 G 1 1 1 
1 1 0 F 0 1 
1 0 H 0 0 1 
1 0 F # 1 1 
1 1 # 0 0 1 
1 1 1 S 1 1 
P32 PL41 PL44 T4

Map6
1 1 S 1 1 1 
1 0 0 0 0 1 
1 0 0 0 # 1 
1 0 F 1 0 G 
1 1 H H F 1 
1 1 1 1 1 1 
PR43 PL31 R22 T2

Map6
1 1 1 1 1 1 
1 0 1 0 0 1 
1 0 0 0 1 1 
1 0 H 0 0 1 
G 0 H 0 0 S 
1 1 1 1 1 1 
PD43 PU34 R31 T5

Map6
1 1 1 1 1 1 
1 H 0 0 F 1 
G 0 0 0 0 1 
1 0 0 F 1 1 
1 # 0 0 0 1 
1 S 1 1 1 1 
r23 P13 U34 T5

Map6
1 1 1 1 1 1 
1 1 0 1 0 1 
1 0 0 0 0 1 
1 0 0 H 0 S 
1 0 0 0 0 1 
1 1 G 1 1 1 
L41 U44 u32 T4

Map6
1 1 1 1 1 1 
1 0 # F 0 1 
1 0 # 0 0 1 
1 H 0 0 0 1 
1 F 0 0 0 S 
1 1 G 1 1 1 
r32 P34 l43 T6

Map6
1 1 1 1 1 1 
1 # H 0 0 G 
S 0 0 H 0 1 
1 0 0 0 F 1 
1 1 0 F 0 1 
1 1 1 1 1 1 
u44 R22 R33 T7

Map6
1 1 1 1 1 1 
1 H 0 0 0 1 
G 0 0 0 1 1 
1 0 H 0 0 1 
1 0 0 0 0 1 
1 S 1 1 1 1 
d33 PR13 PR44 T5

Map6
1 1 1 1 1 1 
1 0 0 0 0 1 
1 0 F 0 H 1 
G 0 # 1 0 1 
1 0 0 0 F 1 
1 1 1 1 S 1 
R12 PU14 PD43 T2

Map6
1 1 1 1 1 1 
1 0 H 0 0 1 
1 # 0 0 0 1 
1 0 0 0 0 G 
1 F 0 0 F 1 
1 S 1 1 1 1 
u32 D31 U11 T4

Map6
1 G 1 1 1 1 
1 0 0 H # 1 
1 1 1 0 0 S 
1 H F 0 # 1 
1 1 0 0 0 1 
1 1 1 1 1 1 
PL21 PD32 u44 T6

Map6
1 1 S 1 1 1 
1 # 0 H 0 G 
1 0 0 0 F 1 
1 F 1 0 0 1 
1 # 0 0 H 1 
1 1 1 1 1 1 
R34 PD32 PR12 T5

Map6
1 1 1 1 1 1 
1 1 0 H 0 1 
1 # 0 0 1 1 
1 F 0 H 0 G 
1 0 # 0 1 1 
1 1 S 1 1 1 
U21 PU14 PR43 T3

Map6
1 1 1 G 1 1 
1 1 0 0 0 1 
1 0 0 0 0 1 
1 1 F 0 H 1 
1 0 0 F 1 1 
1 S 1 1 1 1 
P41 PL24 PR21 T3

Map6
1 1 1 1 1 1 
1 # 0 1 # 1 
S 0 1 F 0 1 
1 0 0 H 0 G 
1 0 H 0 0 1 
1 1 1 1 1 1 
r12 PU13 PD42 T4

Map6
1 1 1 1 1 1 
1 1 0 0 0 1 
1 F 0 1 0 1 
G 0 0 F 0 1 
1 0 0 0 H 1 
1 S 1 1 1 1 
PU42 PL13 R34 T5

Map6
1 1 1 1 1 1 
G 0 H 1 0 1 
1 0 0 0 0 1 
1 1 0 F 0 1 
1 H 0 0 0 1 
1 1 S 1 1 1 
l32 r43 U23 T7

Map6
1 1 1 1 1 1 
1 H 0 0 0 G 
1 0 F 0 1 1 
1 0 0 0 0 1 
S 0 0 F H 1 
1 1 1 1 1 1 
u13 PL14 PD12 T5

Map6
1 S 1 1 1 1 
1 0 0 0 0 1 
1 0 0 0 0 1 
1 H 0 0 F G 
1 0 0 0 0 1 
1 1 1 1 1 1 
PL21 PR23 L12 T2

Map6
1 1 1 1 1 1 
1 0 0 # 0 S 
1 1 0 0 H 1 
1 0 0 0 0 1 
1 0 F F 0 1 
1 1 1 1 G 1 
u41 PD43 PU32 T3

Map6
1 1 1 G 1 1 
1 F 0 0 0 1 
S 0 0 H 0 1 
1 0 0 1 0 1 
1 # F H 1 1 
1 1 1 1 1 1 
R21 PL41 PL12 T2

Map6
1 1 1 1 S 1 
1 0 H 0 0 1 
1 0 0 0 0 1 
1 F H 0 F G 
1 0 0 0 0 1 
1 1 1 1 1 1 
PU41 PL32 l24 T6

Map6
1 1 1 1 1 1 
1 0 0 # 0 1 
1 0 0 0 0 G 
1 0 1 H 0 1 
1 0 1 0 # 1 
1 1 1 S 1 1 
PL21 PD34 l11 T4

Map6
1 1 1 1 1 1 
1 0 H 0 1 1 
1 0 1 H # 1 
G 0 0 0 0 1 
1 0 1 0 0 1 
1 1 1 1 S 1 
P14 PR34 PD11 T4

Map6
1 1 1 S 1 1 
1 0 # 0 0 1 
G F 0 0 0 1 
1 0 0 F 0 1 
1 0 0 1 0 1 
1 1 1 1 1 1 
PD11 PD32 D23 T4

Map6
1 1 1 1 1 1 
1 1 0 0 F 1 
1 H 0 0 0 1 
1 0 H 0 0 1 
1 # 0 F # S 
1 1 1 1 G 1 
PU33 PR24 P31 T3

Map6
1 1 1 G 1 1 
1 0 0 0 F 1 
1 0 0 H 0 1 
1 0 # 1 H 1 
S F 0 0 0 1 
1 1 1 1 1 1 
D34 PD21 PU31 T2

Map6
1 1 1 1 1 1 
1 0 0 1 0 G 
1 H 0 H 0 1 
S 0 0 0 1 1 
1 0 0 # 0 1 
1 1 1 1 1 1 
D33 PU42 PD21 T3

Map6
1 S 1 1 1 1 
1 0 0 0 0 1 
1 0 0 0 0 1 
G F 0 0 F 1 
1 0 0 0 0 1 
1 1 1 1 1 1 
PR31 PD12 R24 T4

Map6
1 1 1 1 1 1 
1 1 0 0 F 1 
1 1 H 0 0 1 
S 0 0 H # G 
1 # 0 0 0 1 
1 1 1 1 1 1 
l24 PD42 PD23 T5

Map6
1 1 S 1 1 1 
1 0 0 0 F 1 
1 0 0 1 F 1 
1 0 0 0 0 1 
1 # H 0 0 1 
1 1 1 G 1 1 
L31 r12 P43 T5

Map6
1 1 G 1 1 1 
1 0 0 F H 1 
1 0 0 0 0 1 
S 0 0 H 1 1 
1 0 0 1 F 1 
1 1 1 1 1 1 
PL13 PD11 l12 T4

Map6
1 1 1 1 S 1 
1 0 F 0 0 1 
1 0 0 0 0 G 
1 0 0 0 H 1 
1 F 0 H 0 1 
1 1 1 1 1 1 
PR42 PL22 P13 T4

Map6
1 1 1 1 1 1 
1 1 0 0 # S 
1 0 0 0 0 1 
1 0 H 0 1 1 
1 0 0 F 1 1 
1 1 G 1 1 1 
PD24 PL31 P12 T5

Map6
1 1 1 1 S 1 
1 0 0 0 0 1 
1 0 F 0 0 1 
G F 0 0 H 1 
1 1 0 # 0 1 
1 1 1 1 1 1 
PD21 PD42 l32 T5

Map6
1 S 1 1 1 1 
1 F 0 0 0 1 
1 0 0 0 F 1 
1 # H H 0 1 
1 0 0 0 # 1 
1 1 1 G 1 1 
PR21 PU12 U24 T4

Map6
1 1 1 1 1 1 
1 0 0 0 F S 
1 0 0 0 0 1 
1 0 0 H # 1 
1 0 F 0 # 1 
1 1 1 G 1 1 
PD34 PL22 p11 T4

Map6
1 1 1 1 1 1 
S 0 0 0 1 1 
1 1 H 1 0 1 
1 0 0 0 0 1 
G F 0 0 0 1 
1 1 1 1 1 1 
PL11 PU34 r33 T5

Map6
1 S 1 1 1 1 
1 0 0 # 0 1 
1 0 0 H 0 1 
1 0 0 0 1 1 
1 F H 0 # 1 
1 1 1 G 1 1 
P12 d11 R13 T5

Map6
1 1 1 1 1 1 
1 0 1 0 H 1 
1 0 0 0 1 1 
1 0 0 F # 1 
S 0 H 0 F 1 
1 1 1 G 1 1 
PL23 PL14 R11 T4

Map6
1 1 1 S 1 1 
1 0 0 0 0 1 
1 H 0 1 0 1 
1 0 0 0 0 1 
1 0 0 0 H 1 
1 1 1 G 1 1 
U11 PD13 PD33 T5

Map6
1 G 1 1 1 1 
1 0 H 0 0 S 
1 0 1 0 0 1 
1 H 1 0 0 1 
1 1 0 F F 1 
1 1 1 1 1 1 
D43 PU11 PD31 T4

Map6
1 1 1 1 S 1 
1 0 1 1 0 1 
1 # 0 F 1 1 
1 0 0 F 0 1 
1 0 H 0 0 1 
1 1 1 1 G 1 
PU41 PL22 p14 T6

Map6
1 1 1 1 1 1 
1 0 F 0 0 1 
1 0 0 # 0 G 
1 0 0 0 H 1 
1 H 0 F 0 1 
1 1 S 1 1 1 
P41 PR22 PU33 T5

Map6
1 1 G 1 1 1 
1 0 0 0 0 1 
1 F 0 H 0 1 
1 0 # 0 1 1 
1 H 0 0 0 S 
1 1 1 1 1 1 
R31 PR24 PD22 T5

Map6
1 1 1 1 1 1 
1 1 1 0 1 1 
1 0 H 0 0 1 
1 0 # 0 0 G 
1 F 0 0 0 1 
1 1 S 1 1 1 
L33 P42 d13 T6

Map6
1 1 G 1 1 1 
1 H 0 H 0 1 
1 0 0 # 0 1 
1 F 0 0 0 1 
1 # 0 0 0 1 
1 1 1 S 1 1 
PL41 PR33 D12 T5

Map6
1 1 1 1 1 1 
1 1 # 0 F 1 
G 0 F 0 0 1 
1 H 0 0 0 1 
1 0 0 0 0 1 
1 1 S 1 1 1 
l32 D23 u24 T6

Map6
1 1 G 1 1 1 
1 F 0 H 0 1 
1 0 0 0 0 1 
1 F 0 0 0 S 
1 0 0 H # 1 
1 1 1 1 1 1 
l43 L33 p32 T6

Map6
1 1 1 1 G 1 
1 0 F 0 0 1 
1 0 0 0 F 1 
1 1 0 H 1 1 
S 0 0 0 0 1 
1 1 1 1 1 1 
PD22 PL44 u24 T4

Map6
1 1 1 G 1 1 
1 0 # 0 F 1 
1 0 0 # 0 1 
1 0 0 F 0 1 
S 0 0 H 0 1 
1 1 1 1 1 1 
p22 L11 U24 T5

Map6
1 S 1 1 1 1 
1 0 F 0 0 1 
1 0 0 0 H 1 
1 F 0 0 0 G 
1 0 0 0 0 1 
1 1 1 1 1 1 
p31 d12 p24 T9

Map6
1 1 1 1 1 1 
1 0 0 H 0 1 
1 0 0 0 0 1 
1 0 0 0 F 1 
S 0 0 # H 1 
1 1 G 1 1 1 
u12 PD24 PR11 T6

Map6
1 1 G 1 1 1 
1 0 0 0 H 1 
1 0 H 0 0 1 
1 0 0 0 0 1 
1 0 0 1 0 S 
1 1 1 1 1 1 
r31 d43 P42 T8

Map6
1 1 G 1 1 1 
1 0 F 0 0 1 
1 0 0 H 0 1 
1 0 # 0 0 1 
S 0 0 H 0 1 
1 1 1 1 1 1 
P33 PD11 PL14 T3

Map6
1 1 1 1 1 1 
1 0 H 0 0 1 
1 0 0 0 0 1 
S 0 0 H 0 G 
1 1 0 0 0 1 
1 1 1 1 1 1 
U11 L23 d44 T7

Map6
1 1 1 1 1 1 
1 F 0 0 0 1 
1 0 0 0 F 1 
G # H 0 0 1 
1 0 0 1 0 1 
1 1 1 1 S 1 
P21 L33 L14 T6

Map6
1 1 1 1 1 1 
1 0 0 H 0 1 
1 F 0 0 0 G 
1 0 0 0 H 1 
1 0 0 0 0 1 
1 1 1 S 1 1 
l23 P33 P14 T5

Map6
1 1 1 1 1 1 
S # 0 F 0 1 
1 0 0 # 0 1 
1 H 0 0 0 1 
G 0 F H 0 1 
1 1 1 1 1 1 
PR12 PL14 P43 T3

Map6
1 1 1 1 1 1 
G 0 1 0 0 1 
1 0 H 0 # S 
1 F 1 0 H 1 
1 1 0 0 # 1 
1 1 1 1 1 1 
U32 PL11 PD41 T2

Map6
1 1 1 1 G 1 
1 0 0 H 0 1 
1 0 0 F F 1 
1 0 0 0 0 1 
1 0 0 0 H 1 
1 1 1 S 1 1 
U43 L33 r13 T5

Map6
1 S 1 1 1 1 
1 0 0 0 # 1 
1 0 0 0 0 1 
G 0 0 H F 1 
1 H 0 0 F 1 
1 1 1 1 1 1 
R31 U12 R24 T4

Map6
1 1 1 1 1 1 
1 0 0 # H 1 
1 F 0 0 0 G 
1 0 0 0 0 1 
1 0 # 0 0 1 
1 S 1 1 1 1 
U21 U13 l14 T5

Map6
1 1 1 1 1 1 
1 0 0 H 0 S 
1 0 # 0 0 1 
1 0 1 0 0 1 
1 0 0 0 0 1 
1 1 G 1 1 1 
PR41 PU43 R34 T5

Map6
1 1 1 1 1 1 
S # 0 0 0 1 
1 1 0 0 F 1 
1 H 0 0 1 1 
G 0 1 0 0 1 
1 1 1 1 1 1 
PL14 PU22 U31 T2

Map6
1 1 1 1 1 1 
1 0 0 0 0 1 
G 0 0 H H 1 
1 0 F # 0 1 
1 F 0 0 0 1 
1 1 1 1 S 1 
PL11 PL24 L43 T5

Map6
1 1 1 G 1 1 
1 0 H 0 0 1 
1 0 0 0 0 1 
1 0 0 0 F 1 
S 0 # 0 F 1 
1 1 1 1 1 1 
l22 d13 L34 T6

Map6
1 1 1 1 1 1 
1 0 0 0 0 1 
1 # 0 0 0 1 
S 0 0 0 H 1 
1 0 0 0 0 1 
1 1 1 G 1 1 
L11 L21 L23 T6

Map6
1 1 1 1 1 1 
1 0 1 0 1 1 
1 H 0 1 # 1 
1 0 0 0 0 1 
1 0 0 0 F 1 
1 1 G 1 S 1 
P33 PR13 PD43 T2

Map6
1 1 1 1 1 1 
1 F 0 0 F 1 
G 0 0 0 0 1 
1 0 0 0 0 1 
1 0 0 0 0 1 
1 S 1 1 1 1 
D13 D34 l23 T5

Map6
1 1 1 1 1 1 
1 F 0 0 0 S 
1 H 0 # 0 1 
1 0 0 # 0 1 
1 0 0 F 0 1 
1 1 G 1 1 1 
d23 R21 p42 T6

Map6
1 1 1 1 1 1 
1 0 H 0 0 1 
1 0 0 0 0 1 
1 0 H 0 0 G 
1 0 0 0 F 1 
1 S 1 1 1 1 
PU11 PR42 r32 T5

Map6
1 1 1 1 1 1 
1 0 1 0 1 1 
1 0 0 H F 1 
G 0 F 0 0 1 
1 0 1 0 0 S 
1 1 1 1 1 1 
PU14 PD33 r34 T4

Map6
1 1 S 1 1 1 
1 0 0 H 0 1 
1 0 0 0 F 1 
1 0 0 0 0 1 
1 0 H 0 0 1 
1 1 1 G 1 1 
P22 L14 D32 T4

Map6
1 1 1 1 1 1 
1 0 1 F 0 1 
1 0 # 0 0 1 
1 0 0 H 0 S 
1 0 F 0 0 1 
1 1 G 1 1 1 
P12 U44 l41 T4

Map6
1 1 G 1 1 1 
S # 0 H F 1 
1 0 0 0 1 1 
1 0 0 0 0 1 
1 # F 0 H 1 
1 1 1 1 1 1 
PU21 PR13 r32 T6

Map6
1 S 1 1 1 1 
1 0 0 0 0 1 
1 0 0 0 1 1 
1 F 0 1 0 1 
1 F 1 0 0 G 
1 1 1 1 1 1 
PD43 PR12 p21 T6

Map6
1 1 1 1 G 1 
S 0 0 H 0 1 
1 0 F 0 H 1 
1 # 0 0 0 1 
1 0 0 F 0 1 
1 1 1 1 1 1 
PU41 PR14 U21 T5

Map6
1 1 1 1 1 1 
1 0 0 0 0 1 
1 F 0 0 0 1 
1 # 0 0 H 1 
S 0 0 F 0 1 
1 1 1 G 1 1 
u21 d33 R24 T5

Map6
1 1 1 1 1 1 
S 0 # 0 0 1 
1 H F H 0 1 
1 0 0 0 0 1 
1 0 0 0 F 1 
1 1 1 G 1 1 
l11 P24 p23 T6

Map6
1 1 1 1 1 1 
1 # 1 0 0 1 
G 0 0 H 0 1 
1 0 0 0 0 1 
1 H F 0 0 S 
1 1 1 1 1 1 
PL42 PU34 L22 T4

Map6
1 1 1 1 1 1 
1 F 0 0 0 1 
1 H 1 H 0 1 
G 0 F 0 0 1 
1 0 0 1 0 1 
1 1 S 1 1 1 
p42 PD24 PR21 T4

Map6
1 1 1 1 1 1 
1 0 0 0 0 1 
1 H 0 H 0 1 
G 0 0 0 0 1 
1 0 0 # 0 1 
1 S 1 1 1 1 
PD14 PR24 d44 T4

Map6
1 1 S 1 1 1 
1 0 0 1 F 1 
G 0 F 0 0 1 
1 0 0 0 0 1 
1 H # 0 H 1 
1 1 1 1 1 1 
R13 PL12 PD42 T2

Map6
1 1 1 1 1 1 
1 # H 0 0 1 
1 0 0 # 0 1 
1 0 0 H 0 S 
1 0 0 0 0 1 
1 1 G 1 1 1 
U44 d43 L12 T4

Map6
1 1 1 1 1 1 
1 F 0 H 0 1 
1 0 0 0 F 1 
1 0 0 0 0 G 
1 0 0 0 0 1 
1 1 1 1 S 1 
PR43 PU14 d23 T6

Map6
1 1 1 1 1 1 
1 H 0 1 0 S 
1 0 0 0 0 1 
G 0 1 0 0 1 
1 F # 1 0 1 
1 1 1 1 1 1 
PL13 PL43 L22 T5

Map6
1 1 1 G 1 1 
1 0 0 0 0 1 
1 0 0 0 0 1 
1 0 0 1 H 1 
S F 0 F 0 1 
1 1 1 1 1 1 
U32 PL24 PR11 T1

Map6
1 1 1 1 1 1 
G # 0 1 0 1 
1 1 F H # 1 
1 0 F 0 0 1 
1 H 0 0 0 1 
1 1 1 S 1 1 
d44 PR33 PU24 T6

Map6
1 1 G 1 1 1 
1 0 # 0 0 1 
S 0 H 0 0 1 
1 0 1 0 0 1 
1 F # 0 F 1 
1 1 1 1 1 1 
PU32 PL12 d31 T4

Map6
1 1 1 1 1 1 
1 F 0 0 0 1 
1 0 0 0 0 1 
S 0 0 H 0 1 
1 H 0 0 0 1 
1 1 1 G 1 1 
P24 PD12 PU23 T6

Map6
1 1 1 1 1 1 
1 0 F 0 0 1 
S 0 0 # H 1 
1 H 0 0 0 1 
G 0 0 0 0 1 
1 1 1 1 1 1 
r31 u12 U33 T5

Map6
1 1 1 1 1 1 
1 H 0 0 F G 
1 0 1 0 0 1 
1 0 H 0 0 S 
1 F 0 # 0 1 
1 1 1 1 1 1 
P24 PL42 PD33 T6

Map6
1 1 1 1 1 1 
1 0 F H 0 1 
1 0 0 0 0 1 
G 0 0 0 F 1 
1 # 0 0 0 S 
1 1 1 1 1 1 
d42 d34 p11 T9

Map6
1 1 1 1 1 1 
1 F # 0 0 S 
1 0 0 0 H 1 
1 # H 0 0 G 
1 0 0 0 0 1 
1 1 1 1 1 1 
u41 R34 U22 T4

Map6
1 S 1 1 1 1 
1 0 0 0 F 1 
1 1 0 0 0 1 
1 0 0 # 0 1 
1 1 F 0 0 1 
1 1 1 G 1 1 
R13 l23 P31 T5

Map6
1 1 1 1 1 1 
1 0 # 0 0 1 
G 0 0 0 0 1 
1 H 0 0 # 1 
S 0 H F F 1 
1 1 1 1 1 1 
PR23 PL14 U41 T3

Map6
1 1 1 1 1 1 
1 # F 0 0 G 
1 1 # 0 1 1 
1 0 1 0 0 1 
S 0 0 H 0 1 
1 1 1 1 1 1 
PL43 PD13 U24 T4

Map6
1 G 1 1 1 1 
1 0 H 0 F 1 
1 0 0 0 0 1 
1 0 F 0 0 1 
1 0 0 0 0 1 
1 1 S 1 1 1 
l33 r44 R14 T6

Map6
1 1 1 1 1 1 
1 0 0 H 0 G 
1 0 0 0 1 1 
1 0 # 0 0 1 
1 F 0 0 0 1 
1 1 1 S 1 1 
L32 PR41 PL43 T2

Map6
1 1 1 1 1 1 
1 0 0 1 0 1 
G 0 0 H 0 1 
1 1 0 0 0 1 
1 0 1 0 H 1 
1 1 1 S 1 1 
PD33 PR11 l21 T4

Map6
1 1 G 1 1 1 
1 0 # F 0 1 
1 0 0 0 1 1 
1 1 1 0 0 1 
1 0 0 # 0 1 
1 1 1 S 1 1 
u22 PR14 PL32 T5

Map6
1 1 1 G 1 1 
1 H 0 F 0 1 
1 0 0 0 0 1 
1 0 0 H 0 1 
1 0 0 0 0 1 
1 S 1 1 1 1 
R42 PL23 PR12 T3

Map6
1 1 1 1 1 1 
1 # 0 0 0 1 
G 0 0 0 H 1 
1 0 H 0 0 1 
1 1 0 0 0 1 
1 1 1 1 S 1 
L31 PL43 PL24 T4

Map6
1 1 1 S 1 1 
1 H 0 0 0 1 
G 0 0 0 0 1 
1 F 0 H 0 1 
1 0 0 1 0 1 
1 1 1 1 1 1 
PR21 PU23 P32 T3

Map6
1 1 S 1 1 1 
1 0 0 1 0 1 
1 F 0 # F 1 
1 H 0 1 0 G 
1 # 0 0 0 1 
1 1 1 1 1 1 
u21 D41 D44 T4

Map6
1 1 1 1 1 1 
S 0 0 # F 1 
1 0 0 1 1 1 
1 # 0 H 0 G 
1 1 0 0 H 1 
1 1 1 1 1 1 
PR43 PD21 l11 T5

Map6
1 1 1 G 1 1 
1 0 0 0 # 1 
1 0 0 1 1 1 
S # 0 0 F 1 
1 1 F 0 0 1 
1 1 1 1 1 1 
PD11 PU31 P23 T2

Map6
1 1 G 1 1 1 
1 0 0 0 0 1 
1 0 0 0 H 1 
1 F 0 # 0 1 
1 0 0 0 F 1 
1 1 1 1 S 1 
PD43 PR11 D31 T2

Map6
1 1 G 1 1 1 
1 0 F 0 0 1 
1 0 0 0 0 1 
1 1 1 F 0 S 
1 0 1 0 0 1 
1 1 1 1 1 1 
R31 P12 D42 T5

Map6
1 1 1 1 1 1 
S F 0 # 0 1 
1 0 0 0 0 1 
1 0 0 0 # 1 
1 0 0 H F 1 
1 1 G 1 1 1 
PR12 PU32 U41 T3

Map6
1 1 G 1 1 1 
1 0 0 0 H 1 
1 F 0 0 0 S 
1 0 0 0 0 1 
1 0 F 0 0 1 
1 1 1 1 1 1 
p31 u42 R22 T5

Map6
1 1 1 1 1 1 
1 0 # 1 0 1 
1 0 F 0 0 1 
S 0 H 0 0 1 
1 0 0 0 0 1 
1 1 1 G 1 1 
L24 U14 l11 T6

Map6
1 1 1 1 G 1 
1 0 0 H 0 1 
1 # # 0 0 1 
1 0 H 1 1 1 
1 0 0 0 0 1 
1 1 S 1 1 1 
PL21 PD24 R13 T4

Map6
1 1 1 1 S 1 
1 H 0 0 0 1 
1 0 0 # 0 1 
1 0 0 0 H 1 
1 F # F 0 G 
1 1 1 1 1 1 
d12 L42 P21 T6

Map6
1 S 1 G 1 1 
1 F 0 0 0 1 
1 0 0 H 1 1 
1 F H 0 0 1 
1 0 0 0 0 1 
1 1 1 1 1 1 
PR21 PR33 U41 T5

Map6
1 1 G 1 1 1 
1 F 0 1 # 1 
1 0 0 # 0 1 
1 0 0 F 0 1 
1 0 H 0 0 S 
1 1 1 1 1 1 
D34 r43 d12 T7

Map6
1 1 1 1 1 1 
1 0 1 0 0 1 
1 # 0 0 0 1 
1 H 0 0 0 1 
G 0 0 H 0 S 
1 1 1 1 1 1 
D22 PR44 PU32 T5

Map6
1 1 1 1 1 1 
S 0 1 0 0 1 
1 0 0 0 0 G 
1 F 0 0 0 1 
1 0 F 1 0 1 
1 1 1 1 1 1 
PD31 PU12 P33 T3

Map6
1 1 1 1 G 1 
1 0 0 F 0 S 
1 0 0 0 F 1 
1 0 0 1 0 1 
1 0 H 0 # 1 
1 1 1 1 1 1 
PD11 PR34 P23 T5

Map6
1 G 1 1 1 1 
1 0 H 0 1 1 
1 # 1 # 0 1 
1 0 0 0 1 1 
S 0 H 0 0 1 
1 1 1 1 1 1 
PL14 PD31 l34 T5

Map6
1 1 S 1 1 1 
1 0 F 0 0 1 
1 0 0 H 0 1 
1 0 F 0 0 1 
1 0 0 0 H 1 
1 1 1 G 1 1 
PL14 PU43 L31 T4

Map6
1 1 1 G 1 1 
1 0 0 0 F 1 
1 0 # 0 0 1 
1 0 0 0 0 1 
S 0 0 0 F 1 
1 1 1 1 1 1 
r13 L24 P42 T5

Map6
1 1 1 1 1 1 
1 0 # 0 # 1 
1 0 F H 0 1 
G 0 0 H 1 1 
1 F 0 0 0 1 
1 1 1 1 S 1 
PR34 PU24 l23 T4

Map6
1 1 1 1 1 1 
1 0 0 H 0 S 
1 # 1 0 0 1 
1 0 1 0 0 G 
1 0 H 0 1 1 
1 1 1 1 1 1 
PL42 PR41 l32 T4

Map6
1 1 1 1 1 1 
1 1 # 0 0 1 
1 1 1 0 H 1 
1 0 0 0 0 1 
1 F 0 0 0 1 
1 G 1 1 S 1 
R32 U43 U24 T6

Map6
1 1 1 1 S 1 
1 0 # 0 0 1 
1 0 0 0 0 1 
G # 0 0 H 1 
1 F 0 F 0 1 
1 1 1 1 1 1 
p31 PU24 PR42 T5

Map6
1 1 1 1 1 1 
1 0 0 0 0 S 
1 0 0 1 0 1 
1 # 0 1 0 1 
1 # F 0 H 1 
1 1 1 G 1 1 
l12 PD22 PD34 T5

Map6
1 1 1 1 1 1 
1 0 0 0 0 1 
G 0 1 0 1 1 
1 # 0 0 1 1 
1 H 0 0 F S 
1 1 1 1 1 1 
PL11 PU32 L24 T5

Map6
1 1 1 1 1 1 
S 0 0 1 0 1 
1 1 0 0 # 1 
1 # 1 0 0 G 
1 0 F 0 F 1 
1 1 1 1 1 1 
P34 PU22 PD32 T3

Map6
1 1 1 1 1 1 
S F 0 0 H 1 
1 0 H 0 F 1 
G # 0 # 1 1 
1 0 0 0 0 1 
1 1 1 1 1 1 
u21 PU34 PL31 T3

Map6
1 S 1 1 1 1 
1 0 0 0 1 1 
1 0 # F 0 1 
G F 0 1 0 1 
1 0 0 1 0 1 
1 1 1 1 1 1 
R31 D24 P12 T4

Map6
1 1 G 1 1 1 
1 0 F 0 F 1 
1 0 0 0 0 1 
1 H 0 0 0 1 
1 H 0 0 0 S 
1 1 1 1 1 1 
PL43 PU24 l34 T4

Map6
1 1 1 1 1 1 
1 0 0 0 1 1 
1 H 0 0 F 1 
1 0 F 0 0 G 
1 0 0 0 0 1 
1 1 1 1 S 1 
PU32 PR43 U14 T5

Map6
1 1 S 1 1 1 
1 0 0 1 0 1 
1 H 0 0 H 1 
1 0 1 1 0 1 
1 0 0 # 0 1 
1 1 1 G 1 1 
PD13 PL32 R44 T4

Map6
1 1 S 1 1 1 
1 0 0 F 0 1 
G 0 0 H # 1 
1 H F 0 0 1 
1 0 0 0 0 1 
1 1 1 1 1 1 
P14 R11 r21 T5

Map6
1 1 1 1 1 1 
1 # 1 1 0 1 
G 0 1 0 0 1 
1 0 # 0 0 1 
1 0 H 0 0 S 
1 1 1 1 1 1 
PL42 PL34 l13 T6

Map6
1 1 1 1 1 1 
1 H # 0 0 1 
1 # 0 0 0 G 
1 0 F 0 0 1 
1 0 0 H 0 S 
1 1 1 1 1 1 
P43 PL32 PR44 T6

Map6
1 1 1 S 1 1 
1 1 0 0 0 1 
1 H 0 0 # 1 
G 0 1 H 0 1 
1 0 0 0 0 1 
1 1 1 1 1 1 
R32 PL13 PR21 T2

Map6
1 1 1 1 1 1 
1 F 0 0 0 1 
G 0 0 0 F 1 
1 0 0 0 0 1 
1 0 0 0 0 1 
1 1 1 1 S 1 
p23 D41 u34 T6

Map6
1 1 1 1 1 1 
1 H 0 1 F 1 
1 1 0 H 0 G 
1 0 0 F 1 1 
1 0 0 # 0 S 
1 1 1 1 1 1 
r24 PR42 PU14 T5

Map6
1 1 1 1 1 1 
1 0 1 0 0 1 
1 # 0 0 # 1 
1 0 0 0 H 1 
1 0 F H 0 G 
1 S 1 1 1 1 
d13 PU33 PR44 T6

Map6
1 1 S 1 1 1 
1 0 0 0 F 1 
1 0 0 0 0 G 
1 0 # 0 0 1 
1 0 H 0 0 1 
1 1 1 1 1 1 
PR22 PD43 l12 T8

Map6
1 1 1 1 1 1 
1 1 H 0 0 1 
1 0 # 0 0 1 
G 0 0 H 0 S 
1 0 0 0 0 1 
1 1 1 1 1 1 
R41 L23 U44 T3

Map6
1 S 1 1 1 1 
1 F 0 0 0 1 
1 0 F 0 0 1 
1 H 0 0 0 1 
1 0 H 0 0 G 
1 1 1 1 1 1 
PL42 PU12 D31 T2

Map6
1 1 1 1 G 1 
1 0 0 1 0 1 
1 1 0 0 0 1 
1 0 0 0 F 1 
1 0 0 H 0 S 
1 1 1 1 1 1 
U21 PR44 PL33 T5

Map6
1 1 1 S 1 1 
1 0 0 F 0 1 
1 0 F 0 0 G 
1 0 0 H 0 1 
1 0 0 # 0 1 
1 1 1 1 1 1 
PU32 PU43 U41 T2

Map6
1 1 1 1 1 1 
1 0 0 0 0 1 
1 0 1 0 # 1 
1 F 0 0 0 1 
G # 0 1 0 1 
1 S 1 1 1 1 
PR32 PL24 r41 T5

Map6
1 1 1 1 1 1 
1 0 0 0 0 1 
S 0 F 1 # 1 
1 0 0 0 0 G 
1 F 0 0 0 1 
1 1 1 1 1 1 
d44 PD41 PL12 T4

Map6
1 1 1 1 1 1 
S 0 0 0 1 1 
1 1 0 0 # 1 
1 0 0 F 0 G 
1 H # 1 0 1 
1 1 1 1 1 1 
D23 U31 P44 T5

Map6
1 S 1 1 1 1 
1 F 0 0 H 1 
1 0 0 0 0 1 
1 0 1 0 0 G 
1 0 0 0 F 1 
1 1 1 1 1 1 
P13 r34 p22 T7

Map6
1 1 G 1 1 1 
1 H 0 1 0 1 
1 0 0 0 0 1 
1 0 H 0 0 S 
1 # 0 0 0 1 
1 1 1 1 1 1 
P41 d32 R33 T5

Map6
1 1 1 S 1 1 
1 0 1 0 1 1 
G 0 0 H F 1 
1 0 0 0 H 1 
1 1 0 0 0 1 
1 1 1 1 1 1 
U24 PR13 PU31 T2

Map6
1 S 1 1 1 1 
1 0 0 0 # 1 
1 1 0 0 0 1 
1 0 # 0 0 1 
1 0 H 0 H 1 
1 G 1 1 1 1 
PD22 PR43 r32 T8

Map6
1 1 G 1 1 1 
1 0 F 0 0 S 
1 1 0 0 0 1 
1 0 H 0 F 1 
1 # 0 1 0 1 
1 1 1 1 1 1 
PU42 PD31 D33 T4

Map6
1 1 1 1 1 1 
1 0 1 0 1 1 
1 0 0 0 0 1 
S # 1 0 0 1 
1 # 0 F 0 1 
1 1 G 1 1 1 
l11 PL22 PD24 T5

Map6
1 1 1 G 1 1 
1 # F 0 0 1 
1 F 0 0 0 1 
1 H 0 1 0 S 
1 0 0 0 H 1 
1 1 1 1 1 1 
r43 R22 u32 T6

Map6
1 1 1 1 1 1 
1 0 0 0 H 1 
1 0 H # F G 
1 0 0 0 0 1 
1 0 0 0 0 1 
1 1 1 1 S 1 
PL24 PR31 R43 T4

Map6
1 1 1 1 1 1 
1 0 0 H 0 S 
G 0 0 0 0 1 
1 0 0 H 0 1 
1 0 0 0 1 1 
1 1 1 1 1 1 
u21 PR41 PR14 T6

Map6
1 1 1 1 1 1 
1 F 0 1 0 1 
G 0 F 1 H 1 
1 0 1 0 0 1 
1 0 0 0 0 S 
1 1 1 1 1 1 
U24 PL12 PL43 T3

Map6
1 S 1 1 1 1 
1 0 0 0 F 1 
1 0 0 0 0 1 
1 H 0 0 0 G 
1 0 0 0 F 1 
1 1 1 1 1 1 
r22 PR31 PR12 T5

Map6
1 1 1 1 1 1 
1 0 0 0 0 1 
1 H F 0 0 1 
G 0 0 F H 1 
1 0 0 0 0 1 
1 S 1 1 1 1 
PR11 PD14 R24 T4

Map6
1 S 1 1 1 1 
1 0 0 0 0 1 
1 0 0 0 H 1 
1 # 1 0 0 1 
1 0 0 H 0 1 
1 1 1 1 G 1 
P31 PR12 PR33 T5

Map6
1 1 1 G 1 1 
1 0 F 0 0 1 
1 1 0 0 H 1 
1 # 0 # 0 1 
1 F 0 0 0 1 
1 1 S 1 1 1 
l43 R23 l24 T6

Map6
1 1 1 1 1 1 
1 F 0 0 # 1 
1 0 0 0 0 1 
S 0 1 1 # G 
1 F 0 0 0 1 
1 1 1 1 1 1 
PU44 PD12 u13 T4

Map6
1 S 1 1 1 1 
1 0 H 0 F 1 
1 # 0 0 1 1 
1 0 H F 0 1 
1 0 # 1 0 G 
1 1 1 1 1 1 
PL22 PR44 R13 T2

Map6
1 1 1 1 1 1 
1 0 0 H H 1 
S 0 # 0 F 1 
1 0 0 0 0 1 
1 0 0 F 0 1 
1 1 1 G 1 1 
U32 PL43 PU23 T3

Map6
1 1 G 1 1 1 
1 0 0 F 1 1 
1 0 1 0 0 1 
1 0 0 0 0 1 
1 F # 0 0 1 
1 1 1 S 1 1 
PL43 PU21 R32 T2

Map6
1 1 1 1 1 1 
1 0 # H 0 G 
1 0 0 0 H 1 
1 0 0 0 0 1 
1 0 0 0 # 1 
1 S 1 1 1 1 
PR41 PU12 d13 T6

Map6
1 1 1 1 1 1 
1 0 0 H H 1 
1 F 0 0 0 1 
1 # 1 # 0 1 
1 0 F 0 0 G 
1 1 S 1 1 1 
PL21 PR44 L34 T3

Map6
1 1 1 1 1 1 
1 0 0 0 0 1 
1 0 # 0 # 1 
1 1 F 0 0 S 
G 0 1 0 1 1 
1 1 1 1 1 1 
u41 PU33 PL14 T5

Map6
1 1 1 1 1 1 
1 0 1 0 0 1 
G 0 H 0 0 1 
1 0 0 0 1 1 
1 H 0 0 1 1 
1 1 S 1 1 1 
PL23 PL34 d13 T5

Map6
1 1 1 G 1 1 
1 0 # 0 0 1 
1 H 0 0 F 1 
1 0 0 0 1 1 
1 0 0 0 # 1 
1 S 1 1 1 1 
P34 L13 r24 T6

Map6
1 1 1 1 S 1 
1 0 H 0 0 1 
1 0 0 0 H 1 
1 1 0 1 0 1 
1 0 0 0 1 1 
1 G 1 1 1 1 
D32 PU41 PR12 T4

Map6
1 1 1 S 1 1 
1 0 H 0 0 1 
1 0 # 0 H 1 
1 1 1 1 0 1 
1 0 0 # 0 1 
1 1 1 G 1 1 
d44 PD11 PD43 T6

Map6
1 1 1 G 1 1 
1 H 0 0 0 1 
1 0 0 F 0 1 
1 0 0 0 0 1 
S 0 0 H 0 1 
1 1 1 1 1 1 
PD12 PD24 D43 T4

Map6
1 S 1 1 1 1 
1 0 0 0 # 1 
1 0 0 0 0 G 
1 # 0 0 0 1 
1 F 0 0 0 1 
1 1 1 1 1 1 
r32 U12 u21 T6

Map6
1 1 1 1 1 1 
1 1 H 0 0 1 
1 0 1 0 0 1 
S 0 1 0 0 1 
1 0 0 0 F 1 
1 1 1 G 1 1 
PR31 PL13 L43 T5

Map6
1 1 1 1 1 1 
S # 0 H H 1 
1 0 F 1 # 1 
1 1 0 0 F 1 
1 0 0 0 0 1 
1 1 1 1 G 1 
U21 PU12 PR14 T3

Map6
1 1 1 1 1 1 
1 # 0 0 0 1 
1 0 F 0 F G 
1 0 0 # 0 1 
1 0 0 0 0 1 
1 1 1 1 S 1 
U31 U24 D43 T4

Map6
1 1 1 1 1 1 
1 0 H 0 0 1 
1 0 0 H 0 G 
1 1 F 0 0 1 
1 0 F 1 0 1 
1 1 S 1 1 1 
PD41 PD22 D43 T2

Map6
1 1 1 1 1 1 
1 0 0 0 0 1 
G F 0 0 0 1 
1 0 0 0 0 1 
S 0 1 0 F 1 
1 1 1 1 1 1 
d33 PU34 PD13 T4

Map6
1 1 1 1 1 1 
1 0 0 0 0 1 
1 0 H 0 F 1 
1 0 1 # 0 G 
S 0 H 1 # 1 
1 1 1 1 1 1 
l21 PU12 PL14 T5

Map6
1 1 1 G 1 1 
1 0 0 0 # 1 
1 0 0 1 H 1 
S 0 0 0 0 1 
1 0 0 0 0 1 
1 1 1 1 1 1 
PD33 PL31 R11 T3

Map6
1 1 1 1 1 1 
S 0 H 0 F G 
1 0 0 0 0 1 
1 1 0 0 # 1 
1 F H 0 0 1 
1 1 1 1 1 1 
P23 PL11 PD42 T5

Map6
1 1 1 1 1 1 
1 1 0 0 0 1 
1 0 0 H 0 S 
1 0 0 0 0 1 
1 F F 0 0 1 
1 1 G 1 1 1 
L13 D41 L44 T3

Map6
1 1 S 1 1 1 
1 1 F 0 1 1 
1 0 0 H # 1 
1 F 0 H 0 1 
1 0 1 0 0 1 
1 1 1 G 1 1 
PD34 PR12 R23 T2

Map6
1 1 1 1 S 1 
1 F 0 0 0 1 
G 0 0 0 1 1 
1 0 0 0 0 1 
1 H F 1 0 1 
1 1 1 1 1 1 
u31 u41 R21 T5

Map6
1 1 1 1 1 1 
1 0 H # 0 1 
G 0 1 H 0 1 
1 0 0 0 0 1 
1 F 0 0 # S 
1 1 1 1 1 1 
r13 PD34 PL42 T6

Map6
1 1 1 1 G 1 
1 F 0 # 0 1 
1 0 1 1 0 1 
1 0 # 0 1 1 
1 F 0 0 0 S 
1 1 1 1 1 1 
PR21 PD33 D24 T3

Map6
1 1 1 G 1 1 
1 1 F 0 0 1 
1 0 F H 0 1 
1 0 0 0 0 1 
S 0 1 H 0 1 
1 1 1 1 1 1 
PU31 PU44 r14 T5

Map6
1 1 1 1 1 1 
G 0 0 0 1 1 
1 F H 1 0 1 
1 0 1 0 0 1 
1 0 H 0 0 1 
1 1 1 S 1 1 
l31 PL43 PR11 T4

Map6
1 1 1 G 1 1 
1 0 0 0 0 1 
S 0 H F 0 1 
1 F 0 0 0 1 
1 0 0 0 0 1 
1 1 1 1 1 1 
r44 PD41 PL12 T4

Map6
1 1 1 1 1 1 
G 0 0 F 0 1 
1 1 1 # H 1 
1 # 0 0 0 1 
1 0 H 0 0 S 
1 1 1 1 1 1 
PD43 PU34 L41 T2

Map6
1 1 1 S 1 1 
1 0 0 0 0 1 
1 1 0 0 F 1 
1 H 1 F 0 1 
G 0 0 1 0 1 
1 1 1 1 1 1 
U32 PL14 PR11 T2

Map6
1 1 1 G 1 1 
1 F 0 0 # 1 
1 0 H H 0 1 
1 0 # 0 0 1 
S 0 0 F 1 1 
1 1 1 1 1 1 
PD12 PU31 U24 T2

Map6
1 1 1 1 1 1 
1 0 H 0 F G 
1 0 0 0 0 1 
1 0 # 0 # 1 
1 H 0 1 0 1 
1 1 S 1 1 1 
PR31 PU44 P22 T3

Map6
1 1 1 1 S 1 
1 0 0 1 0 1 
1 H 0 0 0 1 
1 0 0 1 1 1 
1 0 0 0 0 1 
1 1 1 G 1 1 
PL44 PR22 p32 T4

Map6
1 1 1 S 1 1 
1 0 0 0 0 1 
1 0 0 H 0 G 
1 0 H 0 0 1 
1 0 0 0 1 1 
1 1 1 1 1 1 
PD33 PR42 L41 T4

Map6
1 S 1 1 1 1 
1 # H 0 F G 
1 0 H 1 0 1 
1 0 # 0 0 1 
1 0 0 1 0 1 
1 1 1 1 1 1 
P14 PD42 PR31 T3

Map6
1 1 1 1 1 1 
S 0 H 0 0 1 
1 0 0 0 0 1 
G F 0 0 H 1 
1 0 0 # 0 1 
1 1 1 1 1 1 
PL11 PU24 R22 T2

Map6
1 S 1 1 1 1 
1 0 0 0 F 1 
1 0 0 0 0 1 
G 0 0 F 1 1 
1 H 0 # 0 1 
1 1 1 1 1 1 
p22 PL12 PR31 T5

Map6
1 1 1 1 1 1 
1 # F 0 H 1 
1 0 H 0 # G 
1 0 0 0 0 1 
1 1 0 0 0 1 
1 1 1 1 S 1 
P43 p33 U24 T5

Map6
1 1 1 1 1 1 
1 0 0 0 0 G 
1 1 0 0 0 1 
S 0 0 H H 1 
1 # 0 0 1 1 
1 1 1 1 1 1 
r34 PR11 PD23 T6

Map6
1 1 1 1 1 1 
S 0 0 0 F 1 
1 0 0 0 0 1 
1 0 0 0 0 1 
1 0 H 0 F 1 
1 1 1 G 1 1 
u11 u22 R21 T6

Map6
1 1 G 1 1 1 
1 H 0 0 # 1 
1 0 0 H 0 1 
1 0 0 0 0 1 
1 F 0 0 0 1 
1 1 1 S 1 1 
PR33 PU21 r44 T5

Map6
1 1 1 1 1 1 
1 0 0 0 0 1 
1 H 0 F 0 S 
1 0 0 0 1 1 
1 H F 0 # 1 
1 1 1 1 G 1 
l21 PU22 PR42 T6

Map6
1 S 1 1 1 1 
1 0 0 0 0 1 
1 0 0 0 F 1 
1 H F 0 0 G 
1 1 0 0 0 1 
1 1 1 1 1 1 
L12 p21 r32 T6

Map6
1 1 1 1 G 1 
1 F 0 F 0 1 
S 0 H 0 1 1 
1 0 0 0 0 1 
1 1 0 0 0 1 
1 1 1 1 1 1 
R21 PD23 PL12 T6

Map6
1 1 1 1 1 1 
1 # 0 0 0 S 
1 0 0 # 0 1 
1 0 0 1 0 1 
G F F 0 H 1 
1 1 1 1 1 1 
l12 PD21 PL34 T6

Map6
1 S 1 1 1 1 
1 0 0 0 H 1 
1 0 # 1 0 G 
1 # 0 0 0 1 
1 0 0 H 0 1 
1 1 1 1 1 1 
PR42 PD21 l11 T4

Map6
1 1 1 1 1 1 
1 0 H 0 0 S 
1 1 0 0 0 1 
1 0 1 0 1 1 
1 # 0 0 0 1 
1 1 G 1 1 1 
U31 u42 p34 T8

Map6
1 1 1 1 1 1 
1 1 1 0 0 1 
1 0 # 0 H 1 
1 H # F 0 G 
1 0 F 0 0 1 
1 1 1 S 1 1 
R31 PR12 PR43 T2

Map6
1 1 1 1 1 1 
G 0 0 F 1 1 
1 H H 0 # 1 
1 0 0 0 0 1 
1 0 0 0 0 S 
1 1 1 1 1 1 
PL11 PL34 p44 T6

Map6
1 1 S 1 1 1 
1 0 0 1 0 1 
1 H 0 # F 1 
1 0 0 0 0 G 
1 0 F # 0 1 
1 1 1 1 1 1 
L23 D41 L44 T3

Map6
1 1 1 1 1 1 
1 0 # H 0 G 
1 1 0 0 1 1 
1 F 0 0 H 1 
S 0 F 0 0 1 
1 1 1 1 1 1 
R44 PD32 PR41 T2

Map6
1 1 S 1 1 1 
1 0 # 0 F 1 
1 1 0 0 H 1 
1 0 H 0 F G 
1 1 0 0 1 1 
1 1 1 1 1 1 
PU22 PD31 u32 T3

Map6
1 1 1 S 1 1 
G 0 0 F 0 1 
1 F 0 1 # 1 
1 0 1 0 0 1 
1 1 0 0 0 1 
1 1 1 1 1 1 
PU43 PL11 R21 T2

Map6
1 1 S 1 1 1 
1 0 0 # 0 1 
1 0 0 0 0 G 
1 H F 0 H 1 
1 0 1 0 # 1 
1 1 1 1 1 1 
U22 L33 l21 T5

Map6
1 S 1 1 G 1 
1 # # 1 0 1 
1 0 0 0 H 1 
1 H 1 0 0 1 
1 0 1 0 0 1 
1 1 1 1 1 1 
D12 PU41 PL32 T4

Map6
1 1 1 1 1 1 
S 0 0 H 0 1 
1 0 1 0 0 G 
1 0 0 0 F 1 
1 0 0 0 F 1 
1 1 1 1 1 1 
PR32 PU12 R21 T2

Map6
1 1 1 1 1 1 
1 0 0 0 0 1 
S 0 # 0 H 1 
1 # 0 H 0 G 
1 0 0 0 0 1 
1 1 1 1 1 1 
PU23 PR43 D32 T2

Map6
1 1 1 1 1 1 
1 H 0 0 H 1 
1 0 0 0 0 G 
1 0 0 0 0 1 
1 0 0 0 0 1 
1 S 1 1 1 1 
u14 PD12 PL34 T3

Map6
1 S 1 1 1 1 
1 0 0 0 # 1 
1 0 F F 0 G 
1 H 0 H 0 1 
1 # 0 0 0 1 
1 1 1 1 1 1 
u11 D12 l43 T8

Map6
1 1 1 1 1 1 
1 # 0 0 0 1 
1 F 0 0 0 1 
1 1 1 0 0 G 
S 0 0 0 H 1 
1 1 1 1 1 1 
PL41 PL34 u24 T4

Map6
1 1 1 1 1 1 
1 0 0 0 # 1 
G F 0 0 0 1 
1 1 1 # 0 1 
1 0 0 0 F 1 
1 S 1 1 1 1 
l42 PR22 PL24 T4

Map6
1 1 1 G 1 1 
1 0 F 0 H 1 
1 0 0 0 0 1 
1 0 0 H 0 1 
1 1 0 0 F 1 
1 1 S 1 1 1 
d23 PR22 PR13 T4

Map6
1 S 1 1 1 1 
1 0 0 0 0 1 
1 0 0 1 0 1 
1 0 1 0 1 1 
1 H 0 0 0 1 
1 1 1 1 G 1 
PD21 PD44 D13 T3

Map6
1 1 G 1 1 1 
1 0 F 0 H 1 
1 1 0 0 1 1 
1 0 H 0 0 1 
1 F 0 0 1 1 
1 S 1 1 1 1 
PD13 PR24 r33 T5

Map6
1 1 1 1 1 1 
1 H 0 0 0 1 
1 1 0 0 0 G 
S 0 0 0 H 1 
1 0 # 0 0 1 
1 1 1 1 1 1 
p13 L33 d23 T4

Map6
1 1 1 1 1 1 
1 0 F H 0 1 
1 0 0 0 # 1 
G 0 0 0 0 1 
1 F 0 H # 1 
1 1 1 1 S 1 
PR41 PR12 u22 T5

Map6
1 1 1 S 1 1 
1 0 H 0 0 1 
1 0 # 1 # 1 
1 0 0 0 1 1 
1 0 0 0 0 1 
1 1 1 G 1 1 
PL41 PL44 L24 T3

Map6
1 1 1 1 S 1 
1 F 0 0 0 1 
1 0 0 0 0 1 
G 0 0 F H 1 
1 0 0 0 1 1 
1 1 1 1 1 1 
PR42 PD21 p14 T10

Map6
1 1 1 1 S 1 
1 0 0 0 F 1 
1 0 0 0 0 1 
1 # 0 0 F G 
1 # 0 0 0 1 
1 1 1 1 1 1 
PU42 PL24 L12 T3

Map6
1 1 1 1 1 1 
1 0 0 0 0 1 
1 1 0 H 0 S 
1 1 0 0 H 1 
1 0 F # 0 1 
1 1 1 G 1 1 
D33 PR42 PR14 T1

Map6
1 1 1 1 1 1 
1 0 0 H H 1 
1 0 0 0 0 1 
1 0 1 0 0 1 
S # 0 F 0 1 
1 1 G 1 1 1 
PU43 PD24 p13 T5

Map6
1 1 1 1 1 1 
1 0 0 0 0 1 
S 0 0 H 0 1 
1 0 0 0 0 1 
1 0 H 0 0 1 
1 1 1 G 1 1 
u12 p23 P22 T6

Map6
1 1 1 1 1 1 
1 F 0 # 0 1 
1 0 # 0 0 1 
1 H 0 0 0 S 
1 0 0 1 1 1 
1 G 1 1 1 1 
r32 PU41 PL33 T7

Map6
1 1 1 1 1 1 
1 H 0 # F 1 
G 0 0 0 H 1 
1 F 0 0 0 S 
1 0 0 # 0 1 
1 1 1 1 1 1 
PL12 PU44 R23 T2

Map6
1 1 G 1 S 1 
1 # 0 H 0 1 
1 0 0 0 H 1 
1 0 0 0 0 1 
1 0 0 # 0 1 
1 1 1 1 1 1 
PD12 PU41 u14 T4

Map6
1 1 1 1 1 1 
1 H 0 0 F 1 
1 0 0 0 0 G 
1 0 0 F 0 1 
1 0 0 0 0 1 
1 1 1 1 S 1 
P43 d34 l23 T6

Map6
1 1 1 S 1 1 
1 0 0 F 0 1 
1 0 0 0 F 1 
1 0 0 H 0 1 
1 0 0 1 0 1 
1 1 1 1 G 1 
L41 PD43 PL24 T3

Map6
1 1 1 1 1 1 
1 0 1 0 F 1 
1 0 0 1 0 1 
G 0 0 F 1 1 
1 H 0 0 0 1 
1 1 1 1 S 1 
PU24 PR34 d44 T4

Map6
1 1 1 1 S 1 
1 0 0 H 0 1 
1 0 0 F 0 1 
G 0 0 0 # 1 
1 0 0 0 F 1 
1 1 1 1 1 1 
D14 R33 l41 T5

Map6
1 1 1 G 1 1 
1 0 F 0 0 1 
1 H H 0 0 1 
1 0 0 0 0 1 
1 0 0 0 # 1 
1 S 1 1 1 1 
PR11 PR13 r43 T5

Map6
1 1 G 1 1 1 
1 # 0 0 H 1 
1 0 0 0 1 1 
S 0 0 H F 1 
1 0 0 0 0 1 
1 1 1 1 1 1 
r24 PL31 PD23 T6

Map6
1 1 1 1 1 1 
1 0 0 0 0 1 
1 0 H 0 0 1 
S 0 1 0 0 1 
1 0 0 H # 1 
1 1 G 1 1 1 
PR32 PD24 p41 T6

Map6
1 1 1 1 1 1 
1 0 0 0 0 1 
S 0 0 H F 1 
1 0 0 0 0 G 
1 H 0 F 0 1 
1 1 1 1 1 1 
U13 p11 r22 T6

Map6
1 1 1 G 1 1 
1 1 0 # 0 1 
S 0 0 0 H 1 
1 0 1 H F 1 
1 0 # F 0 1 
1 1 1 1 1 1 
l21 p12 L32 T5

Map6
1 1 1 G 1 1 
1 0 H 0 0 1 
1 0 0 0 0 1 
S 0 0 F F 1 
1 0 0 0 0 1 
1 1 1 1 1 1 
p22 d13 R23 T6

Map6
1 1 1 1 G 1 
1 0 0 0 F 1 
1 1 0 0 0 1 
1 0 1 # 1 1 
1 0 F 0 0 1 
1 1 1 1 S 1 
d44 R22 R14 T4

Map6
1 1 G 1 1 1 
1 0 0 F 0 1 
1 0 1 0 H 1 
1 H 0 0 1 1 
S 0 0 0 0 1 
1 1 1 1 1 1 
p14 PD23 PU21 T3

Map6
1 1 1 G 1 1 
1 1 0 0 0 1 
1 0 0 H 0 1 
1 # 0 H 0 1 
1 0 0 0 0 1 
1 1 1 S 1 1 
L44 l21 P14 T5

Map6
1 1 1 1 1 1 
1 H 0 0 0 1 
S # 1 0 0 1 
1 0 1 # 0 G 
1 H 0 0 0 1 
1 1 1 1 1 1 
PU13 PD31 L34 T3

Map6
1 1 G 1 1 1 
1 0 0 0 0 1 
1 0 1 0 0 1 
1 0 0 1 1 1 
S 0 H 0 0 1 
1 1 1 1 1 1 
d31 PL14 PD41 T6

Map6
1 1 1 1 1 1 
1 0 0 0 H 1 
G 0 0 0 # 1 
1 0 0 0 0 1 
1 0 H 0 0 S 
1 1 1 1 1 1 
P31 PU34 PD43 T3

Map6
1 1 1 1 1 1 
1 # 1 0 0 1 
1 0 F 1 F 1 
G 0 1 0 # S 
1 0 H 0 0 1 
1 1 1 1 1 1 
l33 PU34 PD12 T4

Map6
1 1 1 1 1 1 
1 0 0 0 0 1 
1 0 0 H 0 1 
1 0 0 H 0 S 
1 F # 0 1 1 
1 1 G 1 1 1 
PU12 PR43 P31 T3

Map6
1 S 1 G 1 1 
1 F # 0 0 1 
1 0 0 1 0 1 
1 0 0 0 0 1 
1 0 0 H 0 1 
1 1 1 1 1 1 
l42 r41 D13 T10

Map6
1 1 S 1 1 1 
1 0 0 1 0 1 
1 0 0 F H 1 
1 0 H 0 0 G 
1 0 # 0 0 1 
1 1 1 1 1 1 
U22 PL34 PR33 T4

Map6
1 1 G 1 1 1 
1 0 F 0 0 1 
1 0 0 F 0 1 
1 0 1 # 0 1 
1 1 H 0 0 S 
1 1 1 1 1 1 
D12 L41 P34 T4

Map6
1 1 1 1 1 1 
1 0 0 0 H 1 
1 0 0 0 0 1 
S 0 0 H # G 
1 # 0 1 0 1 
1 1 1 1 1 1 
D44 U24 l21 T5

Map6
1 G 1 1 1 1 
1 0 1 F 0 1 
1 1 0 0 0 1 
1 H H 0 0 S 
1 0 0 0 0 1 
1 1 1 1 1 1 
PD41 PU11 L33 T2

Map6
1 1 1 1 1 1 
1 # 0 0 1 1 
1 0 H # 0 S 
1 0 0 0 0 1 
1 H 0 0 0 1 
1 1 G 1 1 1 
p33 D31 R34 T4

Map6
1 1 1 1 1 1 
1 0 0 0 0 1 
1 0 0 # 0 1 
1 H 0 0 # S 
1 0 1 0 0 1 
1 G 1 1 1 1 
PL41 PD14 R23 T5

Map6
1 1 1 1 1 1 
1 0 0 0 H 1 
G 0 0 0 # 1 
1 0 0 0 0 1 
1 H 0 0 0 1 
1 1 1 1 S 1 
PR43 PU24 p33 T5

Map6
1 1 1 1 1 1 
1 0 H 0 0 1 
1 0 1 0 F 1 
G 0 1 0 0 S 
1 0 1 H 0 1 
1 1 1 1 1 1 
PD31 PU14 d32 T4

Map6
1 1 1 1 1 1 
1 H 0 0 0 1 
G 0 0 0 0 1 
1 0 1 1 1 1 
1 0 0 # 0 1 
1 1 S 1 1 1 
PL44 PU42 D21 T6

Map6
1 1 1 1 1 1 
S 0 0 0 F 1 
1 H 0 0 0 1 
1 0 0 0 0 1 
1 1 F 0 0 1 
1 1 1 G 1 1 
PR23 PU31 p22 T5

Map6
1 1 1 1 1 1 
1 F 0 0 # 1 
G 0 0 F 0 1 
1 0 1 # 0 1 
1 0 0 0 H 1 
1 1 S 1 1 1 
PU43 PR14 r24 T4

Map6
1 1 1 1 1 1 
1 # 0 0 F 1 
1 0 0 0 F G 
1 0 0 0 0 1 
1 0 1 1 0 S 
1 1 1 1 1 1 
PD43 PU23 L21 T3

Map6
1 G 1 S 1 1 
1 F # 0 0 1 
1 0 # 1 0 1 
1 0 0 1 H 1 
1 0 0 0 0 1 
1 1 1 1 1 1 
L34 PL41 PR14 T3

Map6
1 1 1 S 1 1 
1 0 0 0 0 1 
1 0 0 0 F 1 
1 0 0 H 0 1 
1 H 0 0 # 1 
1 1 1 G 1 1 
D32 d31 d24 T7

Map6
1 1 1 1 1 1 
1 0 0 0 H 1 
1 0 0 0 0 G 
1 H 0 0 0 1 
1 0 0 0 0 1 
1 1 1 1 S 1 
L21 D43 D14 T4

Map6
1 1 1 1 G 1 
1 0 0 H 0 1 
1 0 F 0 1 1 
1 0 0 0 1 1 
1 0 0 # 1 1 
1 1 1 S 1 1 
PL21 PU41 L32 T4

Map6
1 1 1 1 1 1 
1 0 1 F 0 1 
1 0 0 F # 1 
1 0 1 0 0 G 
1 0 0 0 0 1 
1 1 1 1 S 1 
PR33 PL24 u41 T6

Map6
1 1 1 1 1 1 
S 0 0 0 0 1 
1 0 0 1 H 1 
1 1 1 0 0 1 
G F 0 0 0 1 
1 1 1 1 1 1 
l11 PR12 PR33 T6

Map6
1 1 1 1 1 1 
S 0 0 0 F 1 
1 H 0 0 0 1 
1 0 0 0 0 G 
1 0 F 0 0 1 
1 1 1 1 1 1 
L23 P34 D31 T4

Map6
1 1 1 1 1 1 
1 0 1 0 1 1 
S 0 H 0 0 G 
1 0 F 0 H 1 
1 0 0 0 0 1 
1 1 1 1 1 1 
PL12 PL44 U31 T4

Map6
1 1 S 1 1 1 
1 0 0 0 F 1 
1 0 0 0 0 1 
1 0 0 0 0 1 
1 0 F 0 0 1 
1 1 1 G 1 1 
d21 U23 p22 T4

Map6
1 1 1 1 1 1 
1 0 0 0 # 1 
1 F 0 0 0 G 
1 1 1 0 F 1 
1 0 0 1 0 1 
1 S 1 1 1 1 
L31 PU33 PL24 T3

Map6
1 1 1 1 S 1 
1 F 0 0 0 1 
1 0 0 0 0 1 
1 1 1 0 0 G 
1 1 0 0 H 1 
1 1 1 1 1 1 
u32 PL21 PD42 T5

Map6
1 1 1 1 1 1 
S 0 0 0 H 1 
1 H F 0 0 G 
1 0 0 F 0 1 
1 0 0 0 # 1 
1 1 1 1 1 1 
PR32 PR14 U31 T3

Map6
1 1 1 1 1 1 
1 0 0 H 0 1 
G # 0 1 0 1 
1 0 0 1 0 1 
1 0 0 1 0 S 
1 1 1 1 1 1 
PD41 PU13 l42 T4

Map6
1 1 1 1 1 1 
1 H 0 0 0 1 
G F 0 0 # 1 
1 0 0 0 0 1 
S # 0 H 0 1 
1 1 1 1 1 1 
P23 PD21 PL24 T2

Map6
1 1 1 1 1 1 
1 F 0 H 0 1 
G 0 0 0 F 1 
1 0 0 0 0 1 
1 0 0 0 0 1 
1 1 1 1 S 1 
l23 PD14 PR43 T5

Map6
1 1 G 1 1 1 
1 0 F 0 0 1 
1 0 0 0 # 1 
1 # H 0 H 1 
1 0 0 0 0 1 
1 1 S 1 1 1 
PD31 PD24 p12 T6

Map6
1 1 1 1 1 1 
1 0 0 F F 1 
1 0 0 0 0 G 
1 0 1 # H 1 
1 1 1 0 0 1 
1 1 1 S 1 1 
PL21 PD34 d13 T5

Map6
1 S 1 1 1 1 
1 0 # 1 0 1 
1 0 # F 0 1 
1 0 0 H 0 G 
1 F H 1 0 1 
1 1 1 1 1 1 
u11 U13 r42 T5

Map6
1 1 1 1 1 1 
1 0 0 # 0 1 
G 0 0 H 0 S 
1 0 0 0 0 1 
1 # 0 H 0 1 
1 1 1 1 1 1 
D41 u11 D44 T6

Map6
1 1 G 1 S 1 
1 # 0 0 0 1 
1 # H F 0 1 
1 0 H 0 0 1 
1 0 0 0 F 1 
1 1 1 1 1 1 
U42 PD33 PR31 T6

Map6
1 1 1 1 S 1 
1 0 0 0 0 1 
1 0 0 0 1 1 
1 H F 0 F 1 
G 0 H 1 0 1 
1 1 1 1 1 1 
PL21 PL14 R33 T6

Map6
1 1 G 1 1 1 
1 0 F 0 0 1 
1 # 0 1 0 1 
1 0 # 0 0 1 
1 F H 0 0 S 
1 1 1 1 1 1 
P34 r44 u33 T6

Map6
1 1 1 G 1 1 
1 0 0 0 H 1 
1 1 0 0 0 1 
1 0 0 H # 1 
S 0 0 0 0 1 
1 1 1 1 1 1 
PD22 PL42 u14 T4

Map6
1 1 1 1 1 1 
1 0 H 0 F 1 
1 0 0 0 0 G 
1 H 0 0 0 1 
1 # F 0 0 1 
1 1 S 1 1 1 
D43 P22 d33 T5

Map6
1 1 1 S 1 1 
1 F 0 0 0 1 
1 0 0 0 0 1 
G 0 0 0 H 1 
1 0 0 F 0 1 
1 1 1 1 1 1 
U12 U33 l31 T6

Map6
1 1 1 1 1 1 
S 0 0 0 0 1 
1 H 0 0 H 1 
1 F 1 F 0 G 
1 0 0 1 1 1 
1 1 1 1 1 1 
R31 PU22 PR43 T2

Map6
1 1 1 G 1 1 
S 0 H 0 0 1 
1 0 0 0 0 1 
1 H F 0 0 1 
1 0 0 0 0 1 
1 1 1 1 1 1 
PL11 PD41 D24 T3

Map6
1 1 1 G 1 1 
1 0 0 0 F 1 
1 0 # 0 0 1 
1 0 0 F 0 1 
1 1 0 0 0 1 
1 1 1 1 S 1 
L21 L43 d42 T7

Map6
1 1 1 1 1 1 
1 1 0 0 0 1 
S 0 0 H 0 1 
1 0 0 0 0 1 
1 0 1 0 F 1 
1 1 1 G 1 1 
U22 R43 P14 T4

Map6
1 1 1 1 1 1 
1 1 H 0 0 1 
1 H 0 F 0 G 
1 0 0 0 0 1 
1 F 0 0 0 1 
1 S 1 1 1 1 
D43 PU33 PD13 T4

Map6
1 1 1 G 1 1 
S 0 H 0 0 1 
1 0 F 0 F 1 
1 # 1 # 0 1 
1 1 0 0 0 1 
1 1 1 1 1 1 
u44 PL11 PD41 T4

Map6
1 1 1 1 1 1 
1 0 0 0 0 1 
G F 0 0 1 1 
1 0 0 0 0 1 
1 0 F H 0 1 
1 S 1 1 1 1 
d31 PD14 PR23 T7

Map6
1 S 1 G 1 1 
1 F 0 0 0 1 
1 0 0 0 H 1 
1 H 0 0 0 1 
1 0 0 # 0 1 
1 1 1 1 1 1 
p24 PU12 PD21 T4

Map6
1 1 1 1 1 1 
1 0 0 1 F 1 
1 # 0 0 0 1 
1 0 1 0 # G 
S F 0 0 H 1 
1 1 1 1 1 1 
PL34 PU13 u22 T7

Map6
1 1 G 1 1 1 
1 0 F 0 0 S 
1 0 0 0 # 1 
1 0 0 H # 1 
1 H F 0 0 1 
1 1 1 1 1 1 
r41 P31 r32 T6

Map6
1 1 1 S 1 1 
1 0 0 0 1 1 
1 0 0 0 0 1 
1 0 F H 0 1 
1 H F 0 0 1 
1 1 1 1 G 1 
PD42 PR11 D32 T2

Map6
1 1 1 1 1 1 
1 0 0 0 0 1 
S 0 0 H 0 1 
1 0 0 0 0 1 
1 0 0 F H 1 
1 1 1 G 1 1 
P22 R43 l12 T5

Map6
1 1 1 1 S 1 
1 0 0 0 0 1 
1 0 # 0 0 1 
1 F 0 0 F G 
1 0 0 # 0 1 
1 1 1 1 1 1 
PL21 PD42 l32 T5

Map6
1 1 1 1 1 1 
1 0 F 0 0 1 
1 1 0 0 1 1 
1 0 # 1 0 1 
1 # 0 H 0 1 
1 G 1 1 S 1 
R22 PU24 PD43 T3

Map6
1 1 1 G 1 1 
1 0 H 0 0 1 
1 0 0 0 0 1 
1 0 0 0 0 1 
S 0 0 F H 1 
1 1 1 1 1 1 
U33 PD11 PD24 T3

Map6
1 1 1 1 1 1 
1 0 0 H 0 1 
1 0 0 0 0 G 
1 # H 0 1 1 
1 0 0 F 0 1 
1 1 S 1 1 1 
PD24 PU14 u11 T4

Map6
1 1 1 1 1 1 
1 0 0 0 0 1 
1 H 0 0 0 S 
G 0 H 0 0 1 
1 0 # 0 0 1 
1 1 1 1 1 1 
u31 PU22 PL13 T5

Map6
1 1 1 1 1 1 
1 0 H 0 0 S 
1 0 0 0 0 1 
G 0 0 0 H 1 
1 0 0 0 0 1 
1 1 1 1 1 1 
U12 PD31 PU42 T5

Map6
1 1 1 1 1 1 
1 # 0 0 F 1 
1 0 0 0 0 G 
1 0 H 0 0 1 
1 0 # 0 0 1 
1 1 S 1 1 1 
P31 u44 R14 T4

Map6
1 1 G 1 1 1 
1 F 0 0 0 S 
1 0 F 1 # 1 
1 0 0 0 0 1 
1 H H # 0 1 
1 1 1 1 1 1 
PU43 PD21 U23 T3

Map6
1 1 1 1 S 1 
1 0 0 0 0 1 
G F 0 H 0 1 
1 F 0 0 # 1 
1 0 0 0 H 1 
1 1 1 1 1 1 
d31 PD42 PR23 T5

Map6
1 1 G 1 1 1 
1 F 0 1 0 1 
1 0 1 0 F 1 
1 0 # 0 0 1 
1 0 # 0 0 1 
1 S 1 1 1 1 
PU21 PL33 U12 T2

Map6
1 1 1 1 1 1 
1 0 1 0 F G 
1 0 0 0 0 1 
1 0 0 1 0 1 
S 0 0 0 F 1 
1 1 1 1 1 1 
L34 p22 u14 T6

Map6
1 1 1 1 1 1 
1 H 0 0 0 S 
1 0 0 0 0 1 
1 0 0 0 0 1 
1 H F F 0 1 
1 1 G 1 1 1 
u42 D31 u33 T6

Map6
1 1 1 1 1 1 
1 1 0 H 0 1 
1 0 0 0 0 1 
S 0 0 F F 1 
1 0 0 0 H 1 
1 1 G 1 1 1 
P23 r34 l22 T8

Map6
1 1 1 1 1 1 
S 0 0 # F 1 
1 0 0 0 0 1 
1 0 0 0 0 1 
1 F 0 # 0 1 
1 1 1 G 1 1 
PR21 PR42 D13 T4

Map6
1 1 1 1 1 1 
1 0 0 0 0 1 
S 0 0 0 F 1 
1 0 H 0 F G 
1 1 0 # 1 1 
1 1 1 1 1 1 
r32 U13 P41 T5

Map6
1 1 1 1 1 1 
S 0 H 1 0 1 
1 0 0 0 F 1 
1 H 0 F 1 1 
1 0 0 0 0 1 
1 G 1 1 1 1 
PR23 PL11 D32 T3

Map6
1 1 1 1 1 1 
1 0 0 F 0 1 
1 0 # 0 0 1 
1 # 0 0 0 1 
1 H 0 0 0 S 
1 1 G 1 1 1 
u32 P34 r43 T6

Map6
1 1 1 1 1 1 
1 0 0 H 0 1 
1 F 0 0 0 1 
G 0 1 # 0 1 
1 0 0 0 0 1 
1 1 1 S 1 1 
D11 U32 d14 T5

Map6
1 1 G 1 1 1 
1 0 0 H 0 1 
1 0 0 F 0 1 
1 H 1 1 F 1 
1 0 0 0 1 1 
1 1 S 1 1 1 
D12 PL42 PR14 T3

Map6
1 1 1 1 S 1 
1 H # 0 0 1 
1 0 0 0 0 1 
1 H 0 0 0 G 
1 0 0 # F 1 
1 1 1 1 1 1 
PL31 PR43 u32 T5

Map6
1 1 1 1 1 1 
1 F 1 1 0 1 
1 0 H # 0 G 
1 1 0 F 0 1 
1 0 # 0 H 1 
1 S 1 1 1 1 
PL34 PU43 L41 T3

Map6
1 1 1 1 1 1 
S 0 1 0 0 1 
1 H 0 0 0 1 
1 0 0 # 0 1 
1 H 0 0 0 1 
1 1 G 1 1 1 
PL11 PL43 l13 T4

Map6
1 1 1 1 1 1 
G 0 0 # # 1 
1 0 0 0 0 1 
1 H 0 0 H 1 
1 0 F 0 0 1 
1 1 1 1 S 1 
PD22 PD44 R14 T3

Map6
1 1 1 1 1 1 
1 F 0 0 0 1 
G 0 0 0 0 1 
1 0 0 0 0 1 
1 0 0 0 H 1 
1 S 1 1 1 1 
D13 PU21 PR34 T4

Map6
1 1 1 1 1 1 
S 0 0 H 0 1 
1 0 0 0 0 1 
1 0 # 0 0 1 
1 0 H 0 F G 
1 1 1 1 1 1 
r11 PU21 PD42 T6

Map6
1 G 1 S 1 1 
1 0 0 F 1 1 
1 0 1 0 0 1 
1 H # 0 0 1 
1 H 0 # 1 1 
1 1 1 1 1 1 
u32 PL21 PD42 T5

Map6
1 1 1 1 1 1 
1 0 1 0 0 1 
S 0 0 H 0 G 
1 0 0 0 0 1 
1 0 H 0 1 1 
1 1 1 1 1 1 
r12 PD22 PR41 T6

Map6
1 1 1 1 1 1 
1 0 1 0 0 1 
1 0 # 0 0 1 
1 # 0 0 H 1 
1 H 0 0 0 S 
1 1 G 1 1 1 
r33 PU42 PR34 T6

Map6
1 1 1 1 S 1 
1 0 0 F 0 1 
1 H # 0 0 1 
1 0 0 0 F G 
1 1 0 0 1 1 
1 1 1 1 1 1 
PD11 PD42 L24 T4

Map6
1 1 1 1 1 1 
1 0 0 H 0 1 
1 0 F 0 F 1 
G 0 0 0 0 1 
1 0 H 0 0 S 
1 1 1 1 1 1 
D41 L34 d44 T3

Map6
1 1 1 1 S 1 
1 F 0 0 # 1 
1 H 0 0 0 1 
G 0 0 0 # 1 
1 0 0 0 H 1 
1 1 1 1 1 1 
r32 PR21 PR42 T5

Map6
1 S 1 1 1 1 
1 0 0 0 0 1 
1 0 0 0 0 1 
1 # 0 0 F G 
1 H 0 0 0 1 
1 1 1 1 1 1 
PR31 PR12 P24 T4

Map6
1 S 1 1 1 1 
1 0 0 0 0 1 
1 0 F 0 0 1 
1 H # 0 0 G 
1 0 # 0 F 1 
1 1 1 1 1 1 
p32 D12 d21 T6

Map6
1 1 1 G 1 1 
1 0 1 F 0 1 
S 0 0 0 # 1 
1 H 0 1 0 1 
1 0 1 0 0 1 
1 1 1 1 1 1 
PR34 PU23 U32 T4

Map6
1 1 1 1 1 1 
1 # 0 0 0 1 
1 0 0 0 0 1 
G 0 0 0 0 1 
1 H 0 F # S 
1 1 1 1 1 1 
PR24 PU12 p42 T5

Map6
1 S 1 1 1 1 
1 0 0 0 0 1 
1 0 0 0 H 1 
G 0 0 0 0 1 
1 H 0 0 0 1 
1 1 1 1 1 1 
U12 p22 d11 T6

Map6
1 1 1 1 1 1 
1 0 0 F 0 1 
1 1 1 0 0 1 
1 1 F 0 0 1 
1 0 0 H 0 1 
1 1 G 1 S 1 
PU33 PD24 r43 T4

Map6
1 1 1 1 1 1 
1 0 H 0 0 S 
1 0 0 0 0 1 
1 0 0 0 0 1 
1 # 0 0 0 1 
1 1 G 1 1 1 
PU31 PU12 R43 T4

Map6
1 1 G 1 1 1 
S 0 0 H F 1 
1 0 0 H 0 1 
1 0 0 0 0 1 
1 0 0 0 0 1 
1 1 1 1 1 1 
PL11 PD42 L14 T3

Map6
1 1 1 1 1 1 
1 0 0 F 0 1 
1 H 1 0 0 G 
1 0 0 0 0 1 
1 0 1 H 0 S 
1 1 1 1 1 1 
PL43 PR44 R21 T5

Map6
1 1 1 1 1 1 
1 F 1 F 0 1 
1 0 0 H 0 1 
1 0 1 # 0 G 
S 0 0 1 0 1 
1 1 1 1 1 1 
PD12 PU44 d13 T5

Map6
1 1 1 1 1 1 
1 0 H 0 0 S 
1 0 0 0 0 1 
1 0 0 0 0 1 
1 H 0 0 0 1 
1 1 G 1 1 1 
d32 PD43 PU31 T5

Map6
1 1 1 S 1 1 
1 0 0 F 0 1 
G 0 H 0 0 1 
1 0 0 0 0 1 
1 0 1 H 0 1 
1 1 1 1 1 1 
R21 P11 p42 T6

Map6
1 1 1 1 1 1 
1 H 0 0 0 1 
1 0 0 0 # 1 
S 0 H 0 0 G 
1 0 0 0 # 1 
1 1 1 1 1 1 
D12 U32 p24 T5

Map6
1 1 1 S 1 1 
1 F 0 0 0 1 
1 0 0 F 0 1 
1 0 0 H 0 1 
1 H 0 0 0 G 
1 1 1 1 1 1 
PU31 PL42 D21 T2

Map6
1 1 S 1 1 1 
1 0 0 # 0 1 
1 H 0 1 H 1 
1 F 1 0 0 1 
1 0 0 0 0 1 
1 1 1 G 1 1 
PR11 PR14 r44 T6

Map6
1 1 1 1 1 1 
1 0 0 0 0 1 
1 0 0 F # 1 
1 0 H 0 F S 
1 # 0 0 0 1 
1 1 1 G 1 1 
PR22 PR33 u24 T7

Map6
1 1 1 1 1 1 
1 0 F 0 0 1 
G 0 0 1 H 1 
1 0 F 0 0 1 
1 0 0 0 0 1 
1 1 S 1 1 1 
PD11 PR14 R13 T4

Map6
1 1 1 1 1 1 
1 1 0 1 0 1 
1 1 0 0 0 G 
1 0 F 0 H 1 
S 0 0 H 0 1 
1 1 1 1 1 1 
PR22 PD13 R24 T2

Map6
1 1 1 1 1 1 
1 0 F H 0 1 
1 1 0 0 0 1 
1 # H 0 0 1 
1 0 0 0 0 1 
1 1 S 1 G 1 
PU43 PD24 l22 T8

Map6
1 1 1 1 1 1 
1 H 1 0 0 1 
S # 1 0 0 G 
1 0 F 0 F 1 
1 0 0 1 0 1 
1 1 1 1 1 1 
PL41 PL24 p31 T6

Map6
1 1 1 1 1 1 
1 F H 0 0 S 
1 1 1 # 0 1 
1 0 0 0 0 1 
1 0 1 F # 1 
1 1 1 G 1 1 
L31 U43 d41 T4

Map6
1 1 1 1 1 1 
1 0 0 0 H 1 
1 0 1 1 0 1 
1 F 0 0 F G 
1 0 0 0 0 1 
1 S 1 1 1 1 
PL21 PL44 P24 T4

Map6
1 S 1 1 1 1 
1 0 0 0 0 1 
G 0 H 1 # 1 
1 H # 0 0 1 
1 0 0 1 0 1 
1 1 1 1 1 1 
PR33 PL12 D44 T4

Map6
1 1 1 1 1 1 
S 0 0 F H 1 
1 0 0 0 0 1 
1 0 0 0 F 1 
1 0 H 0 0 1 
1 1 1 G 1 1 
U21 d22 P13 T5

Map6
1 1 1 1 1 1 
1 0 H 0 # 1 
1 1 0 F 0 G 
1 0 0 1 0 1 
1 0 0 0 0 1 
1 1 1 S 1 1 
PL44 PU43 u34 T4

Map6
1 1 1 1 1 1 
1 0 1 1 0 1 
1 F 0 0 0 1 
1 0 0 0 0 G 
1 0 0 0 F 1 
1 S 1 1 1 1 
PR22 PR34 U13 T4

Map6
1 1 1 1 1 1 
1 0 0 0 F 1 
1 1 0 0 0 G 
1 1 0 # 0 1 
1 0 0 0 0 1 
1 1 1 1 S 1 
p23 L43 r34 T6

Map6
1 1 1 1 G 1 
1 0 1 # 0 1 
1 H 0 0 0 1 
1 0 1 0 1 1 
1 0 H 0 0 1 
1 1 1 1 S 1 
P22 PL42 PR34 T5

Map6
1 1 G 1 1 1 
1 0 F F H 1 
1 # 0 0 # 1 
S 0 0 H 0 1 
1 0 1 0 0 1 
1 1 1 1 1 1 
PL13 PD11 P32 T3

Map6
1 1 1 1 1 1 
1 0 H 0 0 1 
1 0 0 1 0 1 
1 0 1 0 F 1 
1 0 0 0 # 1 
1 1 G 1 S 1 
p41 PR31 PR14 T4

Map6
1 1 1 G 1 1 
1 # 0 0 F 1 
1 0 0 1 0 S 
1 0 0 0 0 1 
1 F 0 0 0 1 
1 1 1 1 1 1 
U24 PD33 PU31 T4

Map6
1 1 1 G 1 1 
1 1 F 0 0 1 
1 0 # 0 0 1 
1 H 0 0 0 1 
1 1 H 0 0 S 
1 1 1 1 1 1 
L34 R41 u42 T5

Map6
1 1 1 S 1 1 
1 # # 0 0 1 
1 H F 0 H 1 
1 0 0 F 0 G 
1 0 0 0 1 1 
1 1 1 1 1 1 
D24 P32 u31 T5

Map6
1 1 1 1 1 1 
1 0 # 1 0 1 
1 0 1 0 0 G 
1 0 0 0 0 1 
S 0 0 0 F 1 
1 1 1 1 1 1 
u23 L34 r14 T6

Map6
1 1 1 1 1 1 
1 0 H 0 1 1 
1 0 0 0 # 1 
1 0 0 1 0 1 
S F 0 0 F 1 
1 1 1 1 G 1 
PD22 PD43 U34 T2

Map6
1 S 1 1 1 1 
G # 0 1 0 1 
1 F 1 H H 1 
1 0 0 0 0 1 
1 0 # 0 1 1 
1 1 1 1 1 1 
PL21 PR14 l13 T5

Map6
1 1 1 1 1 1 
1 H 0 0 F 1 
1 0 1 # 0 G 
1 F 0 # 1 1 
1 0 0 1 0 1 
1 1 1 1 S 1 
PU24 PD44 l31 T6

Map6
1 G 1 1 1 1 
1 # 0 0 H 1 
S 0 F 1 0 1 
1 0 0 0 F 1 
1 H 0 0 # 1 
1 1 1 1 1 1 
d33 PR24 PL12 T8

Map6
1 1 1 G 1 1 
1 0 # F 0 1 
1 0 0 0 0 1 
S 0 F 0 H 1 
1 0 0 H 1 1 
1 1 1 1 1 1 
PU11 PD42 U14 T3

Map6
1 1 1 1 1 1 
1 F F 0 0 1 
1 H 0 0 0 1 
1 0 0 # H 1 
1 0 # 0 0 S 
1 1 1 G 1 1 
L22 PL42 PU14 T5

Map6
1 1 1 1 1 1 
1 0 0 0 0 1 
1 0 0 0 1 1 
1 0 0 H 0 1 
1 H 0 0 0 1 
1 1 G 1 S 1 
l11 PL31 PR34 T6

Map6
1 1 1 1 1 1 
1 0 0 H 0 1 
1 F 0 0 F 1 
1 0 0 1 0 G 
S 0 0 0 1 1 
1 1 1 1 1 1 
r23 D41 P34 T5

Map6
1 1 1 G 1 1 
1 0 0 # 0 1 
1 1 0 0 # 1 
1 H 0 H 0 1 
1 0 0 0 0 1 
1 1 1 S 1 1 
L44 u21 P14 T5

Map6
1 1 1 1 1 1 
1 0 0 0 0 1 
1 H 0 0 0 S 
1 0 1 0 0 1 
G 0 H 0 0 1 
1 1 1 1 1 1 
R22 PL14 PU43 T2

Map6
1 G 1 1 1 1 
1 0 0 F 0 1 
1 H 1 0 0 1 
1 # 0 0 F S 
1 0 0 0 H 1 
1 1 1 1 1 1 
r34 PU11 PD23 T5

Map6
1 1 1 1 1 1 
1 1 0 1 0 1 
1 0 0 # H 1 
1 0 0 0 0 1 
S 0 0 F 1 1 
1 1 G 1 1 1 
PD12 PU24 d21 T4

Map6
1 1 S 1 1 1 
1 0 0 H 0 1 
1 0 0 0 0 G 
1 1 H 0 # 1 
1 # 0 0 0 1 
1 1 1 1 1 1 
PL22 PD32 P41 T7

Map6
1 1 1 1 1 1 
S 0 0 0 H 1 
1 0 0 0 0 1 
1 0 0 0 0 1 
1 0 0 0 F 1 
1 1 1 G 1 1 
R31 R12 u22 T4

Map6
1 1 1 1 S 1 
1 F 0 0 0 1 
1 0 1 0 0 1 
1 0 0 0 F G 
1 0 0 0 1 1 
1 1 1 1 1 1 
P42 p32 D21 T5

Map6
1 1 1 1 1 1 
S 0 0 0 # 1 
1 0 0 0 0 1 
1 # 1 0 0 G 
1 0 1 0 F 1 
1 1 1 1 1 1 
PD31 PU22 P34 T3

Map6
1 1 1 1 1 1 
1 0 H # H 1 
1 0 0 0 0 1 
1 0 1 0 F G 
1 0 0 # F 1 
1 S 1 1 1 1 
r32 PL11 PL42 T5

Map6
1 1 1 S 1 1 
1 0 0 0 F 1 
1 0 0 H 0 1 
1 H 0 # 0 1 
1 1 0 0 0 1 
1 1 1 1 G 1 
PU31 PL43 R23 T4

Map6
1 1 1 1 1 1 
1 0 0 1 0 1 
G 0 0 F 0 1 
1 0 0 0 # 1 
1 H 0 0 F S 
1 1 1 1 1 1 
P13 PD11 PR24 T2

Map6
1 1 G 1 1 1 
1 0 F H 1 1 
1 F 0 1 0 1 
1 0 0 0 0 1 
1 0 0 0 0 1 
1 S 1 1 1 1 
R13 r33 d24 T6

Map6
1 1 1 1 1 1 
1 0 0 0 0 1 
S # H # 1 1 
1 0 0 0 0 1 
1 0 0 F H 1 
1 1 1 G 1 1 
L14 D11 d23 T4

Map6
1 1 G 1 1 1 
1 H 0 0 0 S 
1 0 0 0 0 1 
1 0 0 F 0 1 
1 F 0 0 0 1 
1 1 1 1 1 1 
d32 R31 R43 T5

Map6
1 1 1 1 1 1 
1 F 0 1 0 1 
G 0 0 H 0 1 
1 0 1 0 F 1 
1 0 0 0 0 1 
1 1 1 S 1 1 
U33 PD21 PR14 T3

Map6
1 1 G 1 1 1 
1 0 0 # 0 1 
1 0 # 0 0 1 
1 0 0 F 0 1 
1 F 0 H 0 S 
1 1 1 1 1 1 
PD41 PR44 D13 T3

Map6
1 1 1 S 1 1 
1 0 0 0 H 1 
1 0 F 0 0 G 
1 0 0 F 0 1 
1 # H 1 0 1 
1 1 1 1 1 1 
PU31 PL21 r11 T4

Map6
1 1 1 1 1 1 
1 0 0 0 # 1 
1 0 1 # F G 
1 H 0 1 0 1 
1 0 0 0 F 1 
1 1 S 1 1 1 
PL34 PU12 d21 T7

Map6
1 1 G 1 S 1 
1 0 0 0 0 1 
1 F 0 0 H 1 
1 0 0 0 H 1 
1 F # 0 0 1 
1 1 1 1 1 1 
PD31 PU41 l32 T6

Map6
1 1 1 1 1 1 
S F 0 0 F 1 
1 0 0 0 0 1 
1 0 0 H 0 G 
1 0 0 1 0 1 
1 1 1 1 1 1 
D23 D44 R31 T5

Map6
1 1 G 1 1 1 
1 0 # 0 H 1 
S F 0 F 0 1 
1 0 1 0 0 1 
1 0 0 0 0 1 
1 1 1 1 1 1 
L11 PL31 PR14 T4

Map6
1 1 G 1 1 1 
1 H 0 0 0 S 
1 0 0 0 0 1 
1 0 1 0 # 1 
1 0 F H 0 1 
1 1 1 1 1 1 
l41 PU31 PD12 T5

Map6
1 1 G 1 1 1 
1 0 0 0 F 1 
1 0 0 0 0 1 
1 H H 0 0 1 
1 F 0 0 0 1 
1 1 1 1 S 1 
L24 p31 R43 T6

Map6
1 1 1 1 1 1 
1 0 F 0 0 1 
1 0 H 0 # S 
1 0 0 F 0 1 
1 0 0 H 0 1 
1 1 G 1 1 1 
PR32 PR44 U13 T4

Map6
1 1 1 S 1 1 
1 F 0 0 0 1 
1 0 0 0 0 1 
1 0 0 H 0 1 
1 H 0 0 0 1 
1 1 G 1 1 1 
PR12 PR32 p41 T6

Map6
1 1 1 1 1 1 
S 0 0 H 0 1 
1 0 0 0 0 1 
1 H 1 0 1 1 
1 # 0 0 # G 
1 1 1 1 1 1 
U21 PD32 PU12 T3

Map6
1 1 1 1 1 1 
1 1 0 0 0 1 
1 0 1 F 0 G 
1 0 0 1 0 1 
1 0 0 0 F S 
1 1 1 1 1 1 
R41 PU43 PU14 T5

Map6
1 1 1 1 1 1 
1 0 0 1 H 1 
1 H 0 0 1 1 
1 0 F # F 1 
1 0 1 0 0 1 
1 G 1 1 S 1 
PD44 PR22 r32 T5

Map6
1 1 1 G 1 1 
1 1 # 0 H 1 
1 0 0 H 0 1 
1 0 0 1 0 1 
1 0 0 0 1 1 
1 1 1 S 1 1 
PU31 PU14 d23 T6

Map6
1 1 1 1 1 1 
1 0 F 0 1 1 
1 0 0 1 0 1 
S 0 0 0 F 1 
1 0 # 1 0 G 
1 1 1 1 1 1 
PU23 PR44 p13 T5

Map6
1 1 1 1 1 1 
1 1 0 0 0 1 
1 0 1 0 0 G 
1 0 0 0 H 1 
S 0 1 0 0 1 
1 1 1 1 1 1 
U34 PU31 PR12 T4

Map6
1 1 1 1 1 1 
1 0 0 H 0 S 
G # 1 0 0 1 
1 # 0 H 0 1 
1 0 0 0 1 1 
1 1 1 1 1 1 
PR41 PU14 P11 T2

Map6
1 1 1 G 1 1 
1 # H 0 0 1 
1 # 0 0 0 1 
1 0 0 0 0 1 
S 0 0 0 H 1 
1 1 1 1 1 1 
l22 P24 r13 T6

Map6
1 1 G 1 S 1 
1 1 0 0 0 1 
1 0 0 1 F 1 
1 H 0 0 0 1 
1 F 0 0 0 1 
1 1 1 1 1 1 
PL31 PD33 D24 T4

Map6
1 1 1 1 G 1 
1 0 0 # F 1 
1 0 0 H 0 1 
1 # 0 F H 1 
1 0 0 0 0 1 
1 S 1 1 1 1 
P34 PU42 PR11 T5

Map6
1 1 1 1 G 1 
1 0 H 0 0 1 
1 0 0 H 1 1 
S 0 0 0 F 1 
1 0 0 0 0 1 
1 1 1 1 1 1 
PR31 PD33 r44 T7

Map6
1 S 1 1 1 1 
1 0 0 H # 1 
1 0 0 H 0 1 
1 0 0 0 0 1 
1 F 0 0 0 1 
1 1 1 G 1 1 
r43 PL22 PR13 T5

Map6
1 1 1 1 1 1 
1 0 0 0 0 1 
1 0 0 F 0 1 
1 0 0 H 0 1 
S 0 0 H 0 1 
1 1 G 1 1 1 
PL14 PU42 L11 T3

Map6
1 1 1 1 1 1 
1 0 0 # 0 1 
1 F 0 H 0 G 
1 # 1 0 1 1 
1 0 1 0 0 1 
1 1 1 1 S 1 
R11 PL41 PD33 T4

Map6
1 S 1 1 1 1 
1 # 1 0 H 1 
1 0 # 0 0 1 
G 0 0 0 0 1 
1 F 0 1 0 1 
1 1 1 1 1 1 
D44 PU12 PR32 T3

Map6
1 1 1 1 S 1 
1 0 0 0 0 1 
1 0 0 0 0 G 
1 0 0 0 H 1 
1 H 0 # # 1 
1 1 1 1 1 1 
PR42 PD11 L32 T4

Map6
1 1 1 1 1 1 
1 H 0 0 0 1 
1 0 H 0 1 1 
1 0 1 0 0 1 
1 # 0 0 F 1 
1 S 1 G 1 1 
PD12 PR21 l13 T3

Map6
1 1 1 1 S 1 
1 0 H 1 0 1 
1 # 0 1 0 1 
1 F F 0 0 1 
1 0 0 0 1 1 
1 1 G 1 1 1 
PR33 PR14 R34 T3

Map6
1 1 1 1 1 1 
1 0 0 0 F 1 
1 0 # 0 0 1 
S 0 H 0 H 1 
1 0 0 # 0 1 
1 1 1 G 1 1 
P11 U14 R42 T3

Map6
1 1 1 1 1 1 
1 # 0 0 F 1 
1 0 # 0 0 G 
1 0 0 0 0 1 
1 0 0 F 0 1 
1 1 1 1 S 1 
PU21 PL43 U14 T4

Map6
1 1 1 1 1 1 
1 1 F 0 0 1 
1 0 0 1 0 S 
1 0 0 0 0 1 
1 0 0 0 F 1 
1 1 1 G 1 1 
PD41 PL43 L23 T3

Map6
1 S 1 1 1 1 
1 0 0 0 1 1 
1 0 # 1 0 1 
1 H # 0 0 1 
1 0 0 1 0 1 
1 1 1 1 G 1 
R12 PL21 PD42 T2

Map6
1 1 1 1 S 1 
1 0 0 0 0 1 
1 1 1 1 # 1 
1 0 # 0 0 1 
1 0 F 0 F 1 
1 1 1 G 1 1 
PR11 PR13 P43 T4

Map6
1 1 1 S 1 1 
1 0 H 0 0 1 
G 0 0 1 0 1 
1 0 0 1 0 1 
1 H 0 0 1 1 
1 1 1 1 1 1 
d13 PD22 PU31 T6

Map6
1 1 1 1 1 1 
1 F 0 1 0 1 
1 0 0 0 # G 
1 0 0 H 0 1 
1 0 0 0 1 1 
1 S 1 1 1 1 
PR21 PR13 D34 T4

Map6
1 1 1 S 1 1 
1 0 1 0 0 1 
1 F 0 0 0 1 
1 0 0 0 0 1 
1 0 0 F # 1 
1 1 G 1 1 1 
PR32 PR14 r42 T5

Map6
1 1 S 1 1 1 
1 0 0 F 1 1 
1 H 0 0 0 1 
1 F 0 # 1 1 
G 0 H # 1 1 
1 1 1 1 1 1 
U22 PL14 PR11 T2

Map6
1 1 1 G 1 1 
1 0 0 0 # 1 
1 # 1 1 0 1 
1 0 0 0 1 1 
1 0 0 0 H 1 
1 1 S 1 1 1 
PL31 PD23 r11 T4

Map6
1 1 1 1 1 1 
1 0 H 0 # S 
1 # 0 0 0 1 
G 0 0 H 0 1 
1 0 0 0 0 1 
1 1 1 1 1 1 
U22 PU24 PR31 T2

Map6
1 1 1 G 1 1 
1 # 0 F 0 1 
1 0 0 0 0 1 
1 0 0 0 0 1 
S 0 0 0 F 1 
1 1 1 1 1 1 
L24 u22 p13 T6

Map6
1 1 1 1 1 1 
1 0 1 0 0 1 
G 0 1 0 # S 
1 0 0 F 0 1 
1 1 H 0 F 1 
1 1 1 1 1 1 
PU13 PR32 P11 T2

Map6
1 1 1 1 1 1 
S F 0 0 H 1 
1 0 0 0 0 1 
1 0 0 0 F 1 
1 0 0 0 H 1 
1 1 1 G 1 1 
P31 P42 u21 T5

Map6
1 1 1 1 1 1 
1 0 0 0 1 1 
1 0 0 1 0 1 
1 0 1 0 0 1 
1 F H 0 0 1 
1 S 1 G 1 1 
PR11 PU44 U42 T6

Map6
1 1 1 1 S 1 
1 1 0 0 0 1 
1 # 1 0 0 1 
1 0 0 0 F G 
1 0 H # F 1 
1 1 1 1 1 1 
l32 PD21 PD42 T5

Map6
1 1 1 G 1 1 
S 0 0 F 0 1 
1 H 0 0 0 1 
1 0 0 1 0 1 
1 # 0 0 0 1 
1 1 1 1 1 1 
PD22 PL11 l43 T6

Map6
1 S 1 1 1 1 
1 0 1 F 0 G 
1 0 F 0 1 1 
1 0 0 0 0 1 
1 H H 0 0 1 
1 1 1 1 1 1 
L13 PL32 PR41 T2

Map6
1 1 1 1 S 1 
1 0 F 0 0 1 
1 0 0 0 1 1 
1 0 0 0 0 1 
1 H 0 0 0 1 
1 1 G 1 1 1 
u41 p32 R11 T8

Map6
1 1 1 1 1 1 
S 0 0 F 0 1 
1 0 H 0 0 1 
1 0 0 0 0 1 
1 0 0 0 F 1 
1 1 1 G 1 1 
PD21 PR43 u12 T5

Map6
1 1 G 1 1 1 
1 0 0 0 0 1 
1 0 1 0 0 1 
1 0 H 0 0 1 
1 F 0 0 0 1 
1 1 S 1 1 1 
PD41 PD24 d31 T6

Map6
1 1 1 1 1 1 
1 0 F 0 0 S 
1 0 0 # 0 1 
G 0 0 0 0 1 
1 F 1 0 H 1 
1 1 1 1 1 1 
R11 u41 d34 T5

Map6
1 S 1 G 1 1 
1 0 H 0 0 1 
1 H 0 0 0 1 
1 1 0 0 0 1 
1 0 # 0 # 1 
1 1 1 1 1 1 
r43 PU11 PD22 T6

Map6
1 1 1 G 1 1 
1 F 0 0 0 1 
S 0 0 0 H 1 
1 0 0 H 0 1 
1 0 0 0 0 1 
1 1 1 1 1 1 
D41 r12 L32 T4

Map6
1 1 G 1 1 1 
1 0 F 0 0 S 
1 0 0 0 0 1 
1 0 0 0 0 1 
1 F H 0 0 1 
1 1 1 1 1 1 
u41 PL31 PD12 T5

Map6
1 1 1 1 1 1 
1 F 0 0 H 1 
1 0 0 0 0 G 
1 1 H 0 0 1 
1 0 F 0 0 S 
1 1 1 1 1 1 
P31 PD43 PU34 T3

Map6
1 1 1 1 1 1 
1 0 0 F 0 G 
S 0 H F # 1 
1 0 0 # 1 1 
1 0 0 1 0 1 
1 1 1 1 1 1 
R21 PL12 PU14 T3

Map6
1 S 1 1 1 1 
1 0 1 0 0 1 
1 # 0 0 0 1 
1 0 0 0 0 1 
1 F 0 0 0 1 
1 1 G 1 1 1 
l42 u33 R13 T6

Map6
1 1 1 S 1 1 
1 0 0 0 0 1 
G 0 F H 0 1 
1 0 0 0 0 1 
1 0 0 1 0 1 
1 1 1 1 1 1 
r42 r13 R21 T7

Map6
1 1 1 1 1 1 
1 1 F H 0 S 
1 0 # 0 0 1 
1 # 1 0 1 1 
G 0 F 0 H 1 
1 1 1 1 1 1 
D42 PR41 PR12 T3

Map6
1 G 1 1 1 1 
1 0 1 0 0 S 
1 0 1 0 0 1 
1 F 0 0 F 1 
1 0 0 1 0 1 
1 1 1 1 1 1 
PL42 PL24 p31 T5

Map6
1 1 1 G 1 1 
1 H 0 0 0 1 
1 F 0 0 H 1 
1 0 0 0 0 1 
1 0 0 0 # 1 
1 1 1 1 S 1 
r34 p21 P43 T7

Map6
1 1 1 S 1 1 
1 0 0 0 0 1 
G 0 # 0 0 1 
1 # 0 H 0 1 
1 H 1 0 0 1 
1 1 1 1 1 1 
PD32 PR23 d31 T5

Map6
1 1 1 G 1 1 
1 F 0 F # 1 
1 0 0 # 0 1 
1 0 0 H 1 1 
S 0 0 0 0 1 
1 1 1 1 1 1 
PD21 PD42 P34 T4

Map6
1 1 1 1 1 1 
S 0 0 # F 1 
1 0 0 0 0 1 
1 0 0 1 0 G 
1 0 1 0 0 1 
1 1 1 1 1 1 
PD21 PD44 d14 T9

Map6
1 1 1 G 1 1 
1 F 0 F 0 1 
1 0 0 0 H 1 
1 0 0 0 # 1 
S 0 0 H 0 1 
1 1 1 1 1 1 
p23 PR12 PU24 T5

Map6
1 S 1 1 1 1 
1 0 0 H 0 1 
1 1 0 0 F 1 
1 0 0 0 0 G 
1 F # 0 0 1 
1 1 1 1 1 1 
PL32 PU11 u22 T4

Map6
1 S 1 1 1 1 
1 0 0 0 F 1 
1 0 0 0 0 G 
1 H 0 0 0 1 
1 0 0 0 0 1 
1 1 1 1 1 1 
L12 PR31 PR23 T4

Map6
1 1 S 1 1 1 
1 H 0 0 H 1 
1 0 1 0 0 G 
1 0 1 # 0 1 
1 0 0 0 # 1 
1 1 1 1 1 1 
PL31 PD12 l24 T6

Map6
1 1 S 1 1 1 
1 0 0 # 0 1 
1 F 0 0 0 1 
1 1 H F H 1 
1 0 0 0 1 1 
1 1 G 1 1 1 
l21 U22 d34 T7

Map6
1 1 1 1 1 1 
1 0 0 0 F S 
G 0 0 1 0 1 
1 H # 0 0 1 
1 1 H 1 0 1 
1 1 1 1 1 1 
PU22 PL12 r31 T3

Map6
1 1 G 1 1 1 
1 0 0 H H 1 
1 0 F 0 0 1 
1 0 1 0 0 1 
1 0 0 F 0 1 
1 1 1 1 S 1 
PU21 PL42 l13 T6

Map6
1 1 1 1 1 1 
1 0 0 1 0 1 
1 0 0 H 0 G 
1 0 0 1 1 1 
1 0 0 0 0 1 
1 S 1 1 1 1 
PR11 PR42 l14 T5

Map6
1 1 1 1 1 1 
S 0 0 1 0 1 
1 0 H 0 1 1 
1 0 1 0 0 1 
1 F 0 0 # G 
1 1 1 1 1 1 
PU13 PU34 p12 T7

Map6
1 1 1 1 G 1 
1 0 1 0 0 1 
1 0 F # F S 
1 0 0 0 1 1 
1 H 0 0 0 1 
1 1 1 1 1 1 
PL33 PR12 R13 T4

Map6
1 1 1 1 S 1 
1 0 0 0 0 1 
1 0 H 0 0 G 
1 1 0 0 H 1 
1 0 0 0 0 1 
1 1 1 1 1 1 
r33 PU41 PL44 T5

Map6
1 1 1 1 1 1 
S 0 1 0 0 G 
1 0 0 0 H 1 
1 H 0 0 0 1 
1 0 0 # F 1 
1 1 1 1 1 1 
U33 PU12 PD31 T3

Map6
1 1 1 1 1 1 
1 1 F 0 0 1 
1 0 0 # 1 1 
S 0 F 1 0 1 
1 0 H 0 0 1 
1 1 1 1 G 1 
PD31 PD43 U14 T3

Map6
1 1 1 1 S 1 
G 0 0 H 0 1 
1 # 0 F 1 1 
1 0 0 0 H 1 
1 0 F 0 0 1 
1 1 1 1 1 1 
L33 PR13 PU41 T3

Map6
1 1 1 G 1 1 
1 0 # 0 F 1 
1 0 0 0 1 1 
1 0 1 1 0 1 
1 F 0 0 0 1 
1 1 S 1 1 1 
PD11 PD24 U13 T3

Map6
1 1 1 G 1 1 
S 0 0 F 0 1 
1 0 F 0 0 1 
1 0 H 0 0 1 
1 0 0 0 H 1 
1 1 1 1 1 1 
r11 PD21 PU42 T5

Map6
1 1 G 1 1 1 
1 H # 0 0 S 
1 F 0 0 0 1 
1 0 # 0 0 1 
1 0 F 0 0 1 
1 1 1 1 1 1 
p42 PU31 PL13 T5

Map6
1 1 1 1 1 1 
1 0 0 0 0 S 
1 0 1 0 0 1 
G 0 0 1 0 1 
1 F H 1 0 1 
1 1 1 1 1 1 
r41 PL13 PD31 T5

Map6
1 1 1 1 1 1 
G 0 0 F 0 1 
1 H F 0 H 1 
1 0 0 0 0 1 
1 0 1 0 0 1 
1 1 1 1 S 1 
U32 U43 d33 T7

Map6
1 1 1 1 1 1 
1 0 1 0 H 1 
G 0 0 0 0 1 
1 1 H 1 F 1 
1 0 0 0 0 1 
1 1 1 1 S 1 
PD42 PR12 L32 T2

Map6
1 1 1 1 1 1 
1 0 0 0 H 1 
1 1 1 0 0 G 
1 F F 0 0 1 
1 # 0 0 0 1 
1 1 1 1 S 1 
L31 PU43 PU24 T4

Map6
1 1 1 1 1 1 
S 0 1 0 1 1 
1 0 0 0 F 1 
1 0 0 F 0 G 
1 H 0 0 0 1 
1 1 1 1 1 1 
PL11 PL32 p24 T6

Map6
1 S 1 1 1 1 
1 0 0 0 0 1 
1 0 0 H 0 1 
1 0 0 1 H 1 
1 F 0 0 0 1 
1 1 1 G 1 1 
PD31 PR12 R44 T5

Map6
1 1 1 1 1 1 
1 0 0 0 0 1 
1 0 0 0 0 1 
1 # 0 F H 1 
1 1 # 0 0 1 
1 1 G 1 S 1 
R31 PU12 PD44 T3

Map6
1 1 G 1 S 1 
1 H 0 0 0 1 
1 0 0 0 0 1 
1 0 0 0 F 1 
1 F # 0 0 1 
1 1 1 1 1 1 
u32 l41 U44 T4

Map6
1 1 1 1 G 1 
S # 1 # 0 1 
1 0 1 0 1 1 
1 H 0 0 0 1 
1 0 0 0 0 1 
1 1 1 1 1 1 
PU12 PR23 P43 T5

Map6
1 1 1 1 1 1 
1 1 0 H 0 1 
1 0 0 0 H 1 
S # 1 0 0 1 
1 0 0 F 0 1 
1 1 G 1 1 1 
D14 PL22 PR33 T6

Map6
1 1 1 1 1 1 
1 0 0 0 0 1 
1 0 0 0 H 1 
G 0 H 0 0 1 
1 F 1 0 0 1 
1 1 1 1 S 1 
PL41 PL13 R43 T4

Map6
1 1 1 1 1 1 
1 0 H 0 0 1 
1 H F 0 0 S 
1 0 0 # 1 1 
1 # 0 0 0 G 
1 1 1 1 1 1 
PL23 PD41 P32 T4

Map6
1 G 1 1 S 1 
1 0 0 0 0 1 
1 # 0 0 F 1 
1 0 1 0 0 1 
1 # 0 F H 1 
1 1 1 1 1 1 
R33 PU41 PR21 T4

Map6
1 1 1 S 1 1 
1 0 F 0 0 1 
1 1 0 0 0 1 
1 1 0 H 0 1 
1 # 0 0 0 1 
1 1 G 1 1 1 
PD22 PL41 R32 T2

Map6
1 1 S 1 1 1 
1 0 F 0 0 1 
1 0 0 1 0 G 
1 0 0 1 0 1 
1 0 0 0 1 1 
1 1 1 1 1 1 
PD41 PL34 l24 T4

Map6
1 1 S 1 1 1 
1 1 0 # 0 1 
1 H 0 0 0 1 
1 0 F 0 0 G 
1 1 F 0 # 1 
1 1 1 1 1 1 
L22 PD41 PL34 T4

Map6
1 1 1 1 1 1 
G 0 # F 1 1 
1 0 H 0 1 1 
S F # 0 H 1 
1 0 0 0 0 1 
1 1 1 1 1 1 
PR14 PU12 D32 T3

Map6
1 S 1 1 1 1 
G 0 0 0 0 1 
1 F 0 0 # 1 
1 0 H 1 1 1 
1 H 0 # 0 1 
1 1 1 1 1 1 
PD41 PU13 D22 T4

Map6
1 1 1 1 1 1 
1 0 F H 0 G 
1 H 0 0 0 1 
1 0 0 0 0 1 
S 0 # 0 F 1 
1 1 1 1 1 1 
U22 L34 u14 T5

Map6
1 1 1 1 S 1 
1 0 0 H # 1 
1 0 1 0 0 1 
G # 1 0 0 1 
1 0 0 H 1 1 
1 1 1 1 1 1 
P12 PR33 PU14 T3

Map6
1 1 1 1 1 1 
1 H 0 0 0 1 
G F # 0 0 1 
1 F 0 0 0 1 
1 1 0 H 0 S 
1 1 1 1 1 1 
PR21 PR44 r41 T4

Map6
1 1 1 G 1 1 
1 0 0 0 H 1 
1 0 0 0 0 1 
S 0 0 0 F 1 
1 0 0 H 0 1 
1 1 1 1 1 1 
p22 D23 L11 T5

Map6
1 1 1 1 1 1 
1 0 1 0 0 S 
1 0 0 0 0 1 
1 0 0 H 0 1 
1 1 0 F F 1 
1 1 G 1 1 1 
U43 l42 r32 T7

Map6
1 1 1 1 1 1 
1 0 0 F # S 
1 H H F 0 1 
1 0 0 0 0 1 
G 0 1 0 0 1 
1 1 1 1 1 1 
PU44 PR11 p21 T5

Map6
1 1 1 G 1 1 
1 H # 0 0 1 
1 0 0 0 0 1 
1 0 0 0 0 1 
S 0 # 0 H 1 
1 1 1 1 1 1 
L12 p23 L34 T5

Map6
1 1 1 S 1 1 
1 # 0 0 0 1 
1 H 0 H 1 1 
1 1 0 1 0 1 
1 # 0 0 0 1 
1 1 1 G 1 1 
L41 p31 d24 T6

Map6
1 1 1 1 1 1 
1 1 0 # 0 1 
1 H 0 0 0 G 
1 0 # F 0 1 
S 0 1 0 1 1 
1 1 1 1 1 1 
PD41 PD13 R32 T2

Map6
1 1 1 1 S 1 
1 0 0 0 0 1 
1 H 0 0 0 1 
1 0 0 0 0 G 
1 0 0 0 H 1 
1 1 1 1 1 1 
PL11 PD42 L24 T4

Map6
1 1 1 1 1 1 
1 F H 0 0 1 
1 1 0 0 0 1 
1 1 H # F S 
G 0 # 0 0 1 
1 1 1 1 1 1 
U44 PU41 PU22 T4

Map6
1 1 S 1 1 1 
1 0 0 1 0 1 
1 0 1 0 1 1 
1 0 # 0 0 1 
1 H 0 # 0 G 
1 1 1 1 1 1 
u21 PR11 PL33 T5

Map6
1 1 1 1 1 1 
1 0 H 0 0 1 
1 0 0 0 0 1 
G 0 0 0 0 1 
1 0 H 0 0 S 
1 1 1 1 1 1 
U32 d44 U34 T5

Map6
1 1 1 1 G 1 
1 0 F 1 0 1 
1 1 0 0 1 1 
1 0 # 0 0 1 
1 F 0 0 H 1 
1 S 1 1 1 1 
u43 PU41 PR22 T6

Map6
1 1 1 1 1 1 
1 0 0 0 H 1 
1 1 F 1 0 1 
1 0 0 0 0 1 
1 0 # H 0 1 
1 1 G 1 S 1 
D42 p33 r44 T4

Map6
1 1 1 1 1 1 
1 0 0 0 0 1 
G F 0 H 1 1 
1 1 0 0 # 1 
1 0 0 0 0 1 
1 1 1 S 1 1 
p23 PU33 PL14 T5

Map6
1 1 1 1 1 1 
1 0 0 0 H 1 
1 1 0 F H 1 
1 0 # 0 0 1 
G 0 0 0 F 1 
1 1 1 1 S 1 
PD43 PU33 D31 T2

Map6
1 1 1 1 1 1 
1 0 0 0 0 1 
1 0 0 # F G 
1 0 0 0 0 1 
1 F 0 # 0 1 
1 1 1 1 S 1 
D43 P24 R22 T3

Map6
1 1 1 1 1 1 
1 0 0 0 0 1 
S F 0 H 0 G 
1 0 0 0 0 1 
1 0 0 0 0 1 
1 1 1 1 1 1 
PL22 PU44 p43 T3

Map6
1 1 1 1 1 1 
S 0 0 0 0 1 
1 0 # 0 0 G 
1 0 0 H 0 1 
1 F 0 0 H 1 
1 1 1 1 1 1 
d11 r13 r24 T8

Map6
1 1 G 1 1 1 
1 H F 0 0 1 
1 0 0 0 0 1 
1 0 0 0 H 1 
1 F 0 0 0 S 
1 1 1 1 1 1 
d12 P24 d33 T7

Map6
1 1 1 1 1 1 
S 0 0 0 H 1 
1 0 1 # 0 1 
1 0 0 # 0 1 
1 0 F 0 F 1 
1 1 1 G 1 1 
D21 u12 u23 T6

Map6
1 1 1 1 1 1 
1 H # 1 0 S 
G 0 0 H 0 1 
1 # 0 0 0 1 
1 0 0 1 0 1 
1 1 1 1 1 1 
d44 PL12 PL24 T7

Map6
1 1 1 1 1 1 
1 0 1 0 H 1 
1 # 0 0 0 1 
1 F 0 F 0 S 
1 0 # 1 0 1 
1 1 G 1 1 1 
U14 PL11 PL32 T3

Map6
1 1 1 1 1 1 
1 0 0 F 0 S 
1 0 0 0 # 1 
1 0 0 0 0 1 
1 H 0 # F 1 
1 1 1 G 1 1 
U11 r22 r43 T7

Map6
1 1 1 1 1 1 
1 0 0 0 0 1 
G 0 0 H # 1 
1 0 0 0 0 1 
1 F 0 0 0 1 
1 1 1 S 1 1 
d24 D33 u11 T12

Map6
1 1 G 1 1 1 
1 0 F 0 0 1 
1 0 0 0 0 1 
1 0 0 0 1 1 
1 H 0 0 0 S 
1 1 1 1 1 1 
p12 l44 R24 T8

Map6
1 1 1 1 1 1 
1 0 0 F 0 1 
1 0 H 0 0 1 
1 0 0 0 0 G 
1 0 0 H # 1 
1 1 S 1 1 1 
PL21 PD24 L14 T3

Map6
1 1 S 1 1 1 
1 0 0 1 0 G 
1 0 0 F 1 1 
1 0 1 0 # 1 
1 0 H 0 # 1 
1 1 1 1 1 1 
PL22 PR41 R13 T4

Map6
1 1 1 1 1 1 
1 0 H 0 F S 
1 0 0 0 0 1 
1 0 F H 0 1 
1 0 # 0 # 1 
1 1 G 1 1 1 
P11 PU14 PR31 T5

Map6
1 1 1 1 1 1 
S # 0 0 F 1 
1 1 0 0 H 1 
1 0 # 0 0 1 
1 0 F 0 0 1 
1 1 1 G 1 1 
D32 PU14 PL21 T2

Map6
1 1 1 1 1 1 
1 0 1 0 0 1 
G 0 H 0 0 S 
1 # 0 F 0 1 
1 0 0 1 0 1 
1 1 1 1 1 1 
D41 PR11 PR44 T4

Map6
1 1 1 G 1 1 
S 0 0 F F 1 
1 0 0 0 0 1 
1 0 0 0 0 1 
1 0 0 H H 1 
1 1 1 1 1 1 
P21 R42 R13 T4

Map6
1 S 1 1 1 1 
1 0 0 0 0 1 
1 0 # 0 F G 
1 H H 0 0 1 
1 0 0 0 0 1 
1 1 1 1 1 1 
d21 P33 U12 T5

Map6
1 1 1 1 1 1 
S 0 0 F 0 1 
1 0 0 0 H 1 
1 0 0 0 0 G 
1 F 0 0 0 1 
1 1 1 1 1 1 
L41 r22 u11 T4

Map6
1 1 1 1 1 1 
1 0 0 0 1 1 
G F F 0 1 1 
1 0 # 0 0 S 
1 0 H 0 0 1 
1 1 1 1 1 1 
PU44 PD31 R33 T3

Map6
1 1 1 1 1 1 
1 1 F 0 1 1 
1 0 # H 0 1 
1 0 0 F 0 1 
1 0 # 1 0 G 
1 1 S 1 1 1 
r14 PD42 PL23 T6

Map6
1 1 1 1 1 1 
1 0 1 0 0 1 
1 0 1 0 F G 
1 0 # 0 0 1 
S 0 0 0 F 1 
1 1 1 1 1 1 
l33 PU43 PU34 T6

Map6
1 1 S 1 1 1 
1 1 0 0 0 1 
G 0 F # 1 1 
1 1 0 0 0 1 
1 0 0 0 0 1 
1 1 1 1 1 1 
PR24 PU21 d33 T5

Map6
1 1 1 1 1 1 
1 0 H 0 0 1 
1 H 0 0 0 1 
1 0 0 0 0 1 
1 F 0 0 0 S 
1 G 1 1 1 1 
d32 r44 U34 T9

Map6
1 S 1 1 1 1 
1 0 0 0 H 1 
1 0 0 # 0 1 
G 0 0 0 0 1 
1 F H # 0 1 
1 1 1 1 1 1 
l43 PR13 PL22 T4

Map6
1 1 1 S 1 1 
1 0 H 0 1 1 
1 0 # H # 1 
G F F 0 0 1 
1 0 0 0 0 1 
1 1 1 1 1 1 
d44 PU31 PR14 T4

Map6
1 S 1 G 1 1 
1 0 0 F 0 1 
1 0 0 0 0 1 
1 # 0 0 0 1 
1 H 0 # 0 1 
1 1 1 1 1 1 
r11 u22 L23 T5

Map6
1 1 1 1 1 1 
1 0 0 0 # 1 
1 0 0 0 0 1 
G 0 0 0 H 1 
1 H 0 # 0 S 
1 1 1 1 1 1 
u31 R24 u44 T6

Map6
1 1 1 1 G 1 
1 0 0 H 0 1 
1 0 H 0 1 1 
1 0 1 0 0 1 
1 # 0 0 F 1 
1 1 1 S 1 1 
P33 PU41 PR24 T2

Map6
1 1 G 1 1 1 
1 0 0 0 H 1 
1 H 0 F 0 1 
1 0 1 0 1 1 
1 0 0 0 F 1 
1 1 S 1 1 1 
PL31 PL34 L11 T3

Map6
1 1 1 1 G 1 
1 0 F 1 0 1 
1 F 0 0 H 1 
1 0 1 1 0 1 
1 # 0 0 0 1 
1 S 1 1 1 1 
L13 PU41 PL24 T2

Map6
1 1 1 1 1 1 
1 # 0 0 0 1 
G 0 0 0 0 1 
1 0 1 0 0 1 
S 0 F 1 0 1 
1 1 1 1 1 1 
PR21 PL14 r41 T4

Map6
1 1 1 G 1 1 
S # 0 0 H 1 
1 0 0 0 0 1 
1 0 0 0 H 1 
1 # 1 0 0 1 
1 1 1 1 1 1 
R42 PR12 PL21 T2

Map6
1 1 1 1 1 1 
1 0 0 0 0 1 
1 0 0 H 0 1 
S 0 # F H 1 
1 0 # 0 0 1 
1 1 1 1 G 1 
PU12 PL13 P31 T5

Map6
1 1 1 G 1 1 
1 F 0 0 0 1 
S 0 0 0 F 1 
1 1 0 0 0 1 
1 0 0 # 0 1 
1 1 1 1 1 1 
L32 r12 p21 T5

Map6
1 1 1 G 1 1 
1 0 0 0 F 1 
S 0 0 H 0 1 
1 0 0 H F 1 
1 0 0 0 0 1 
1 1 1 1 1 1 
PU31 PD11 D22 T2

Map6
1 1 1 1 1 1 
1 0 1 0 F G 
1 # 0 0 0 1 
S 0 0 H 0 1 
1 # 0 0 0 1 
1 1 1 1 1 1 
u22 d13 R23 T7

Map6
1 1 1 1 1 1 
1 0 H F 0 1 
1 0 F 0 0 1 
1 0 0 1 0 G 
1 0 0 1 0 1 
1 1 S 1 1 1 
l42 l13 L23 T9

Map6
1 1 1 1 1 1 
1 H 1 0 F 1 
1 F H # 0 1 
1 0 0 0 0 G 
1 0 0 1 0 1 
1 S 1 1 1 1 
P13 PL24 PD31 T3

Map6
1 1 1 1 1 1 
S F 0 1 0 1 
1 H 0 0 0 1 
1 0 0 0 0 1 
1 0 H F 0 1 
1 G 1 1 1 1 
d21 PU23 PR33 T5

Map6
1 1 1 1 1 1 
1 F 0 0 0 S 
G 0 0 0 0 1 
1 0 0 F 0 1 
1 # 0 # 0 1 
1 1 1 1 1 1 
l41 D21 l22 T7

Map6
1 1 1 1 1 1 
1 0 0 H 0 G 
1 0 0 1 0 1 
1 0 0 0 1 1 
S 0 0 0 # 1 
1 1 1 1 1 1 
PU12 PU42 d14 T6

Map6
1 1 1 1 1 1 
1 0 0 0 F 1 
1 0 0 H # 1 
G 0 0 0 0 1 
1 F 0 0 0 S 
1 1 1 1 1 1 
p44 R24 L43 T2

Map6
1 1 G 1 1 1 
1 H 0 0 0 S 
1 0 F 0 0 1 
1 0 0 H 0 1 
1 0 0 1 0 1 
1 1 1 1 1 1 
PD12 PU42 D31 T4

Map6
1 1 1 G 1 1 
1 0 # 0 F 1 
1 0 1 0 0 1 
1 0 0 0 0 1 
1 1 0 1 0 S 
1 1 1 1 1 1 
D42 u43 r44 T5

Map6
1 1 1 1 1 1 
1 0 0 H 0 1 
1 0 0 F # 1 
G 0 0 0 0 1 
1 0 0 F H 1 
1 1 1 S 1 1 
R23 P41 p12 T6

Map6
1 1 1 1 1 1 
1 0 0 H 0 1 
1 # F 1 0 S 
1 0 1 H # 1 
1 0 0 0 1 1 
1 1 G 1 1 1 
PD41 PL34 d42 T4

Map6
1 1 1 1 G 1 
1 0 H 0 0 1 
1 # 0 1 0 1 
1 1 0 1 H 1 
S 0 0 0 0 1 
1 1 1 1 1 1 
D34 PU41 PD22 T2

Map6
1 1 G 1 1 1 
1 F 0 0 0 1 
1 0 0 0 0 1 
1 0 1 0 0 1 
1 0 0 F H 1 
1 S 1 1 1 1 
PR12 PL24 P32 T4

Map6
1 1 1 S 1 1 
1 0 0 0 0 1 
1 0 0 0 0 1 
G F 0 H 0 1 
1 0 0 H 0 1 
1 1 1 1 1 1 
p31 PR32 PD24 T5

Map6
1 1 1 1 1 1 
S 0 0 H 0 1 
1 0 0 0 1 1 
1 # 0 H 0 1 
1 1 0 0 0 1 
1 1 G 1 1 1 
r11 P21 u32 T7

Map6
1 1 G 1 1 1 
1 1 0 0 0 1 
S 0 1 H 1 1 
1 0 0 0 0 1 
1 0 H 0 0 1 
1 1 1 1 1 1 
PR21 PU13 l41 T4

Map6
1 1 G 1 1 1 
1 H 0 0 0 1 
1 0 # 0 0 1 
1 0 # 0 0 1 
1 0 0 H 0 S 
1 1 1 1 1 1 
d33 PR44 PD41 T4

Map6
1 G 1 1 1 1 
1 0 0 0 F 1 
1 0 0 H 0 1 
1 0 1 0 0 1 
1 0 1 0 0 1 
1 1 1 S 1 1 
PU11 PL44 R33 T2

Map6
1 1 1 1 1 1 
1 0 0 1 # 1 
1 0 0 0 0 1 
1 0 H 0 1 1 
S 0 0 F # 1 
1 1 1 G 1 1 
PU11 PR42 L24 T4

Map6
1 1 1 1 1 1 
1 0 0 0 0 1 
1 0 0 0 0 1 
G 0 H F 0 S 
1 0 0 H 0 1 
1 1 1 1 1 1 
l12 PR11 PR43 T6

Map6
1 1 1 1 1 1 
1 0 0 1 0 1 
1 0 1 # 0 G 
1 0 1 0 F 1 
1 0 # 0 H 1 
1 1 S 1 1 1 
PD11 PL34 R14 T3

Map6
1 1 1 1 1 1 
1 H 0 F # S 
G 0 0 0 H 1 
1 0 0 0 0 1 
1 0 F 0 0 1 
1 1 1 1 1 1 
PR21 PR23 L22 T4

Map6
1 1 1 1 S 1 
1 0 1 0 0 1 
1 0 0 H 0 1 
G 0 0 0 1 1 
1 # 0 # H 1 
1 1 1 1 1 1 
PR31 PU24 R22 T4

Map6
1 1 1 1 1 1 
S 0 0 H # 1 
1 1 0 # 0 1 
1 0 H 0 0 1 
1 0 0 F 0 1 
1 1 G 1 1 1 
PL11 PL44 U14 T2

Map6
1 1 1 1 1 1 
1 1 0 H 1 1 
1 0 0 0 0 1 
G 0 1 0 0 1 
1 H 0 0 0 S 
1 1 1 1 1 1 
R42 PL13 PU34 T4

Map6
1 S 1 1 1 1 
1 0 0 1 0 1 
1 0 1 0 0 1 
1 H H # 0 G 
1 0 0 0 0 1 
1 1 1 1 1 1 
R12 PL21 PR43 T2

Map6
1 1 1 1 1 1 
S 0 0 0 0 1 
1 F 0 H 0 G 
1 H 0 0 0 1 
1 0 0 1 F 1 
1 1 1 1 1 1 
u41 l22 d11 T7

Map6
1 1 1 1 1 1 
1 H 0 F 0 1 
1 0 0 0 0 1 
1 0 H # 0 1 
1 F 0 0 0 1 
1 S 1 G 1 1 
PD12 PL42 P22 T2

Map6
1 1 1 1 1 1 
1 H F 1 0 1 
1 0 1 # 0 1 
1 0 H 0 F S 
1 0 0 0 0 1 
1 1 G 1 1 1 
U44 R41 d34 T6

Map6
1 1 1 1 1 1 
1 0 0 0 0 1 
1 0 0 0 0 1 
1 H 0 0 F S 
1 F 0 H 0 1 
1 1 1 1 G 1 
PU12 PD44 L23 T4

Map6
1 S 1 1 1 1 
1 0 0 0 0 1 
G 0 1 0 0 1 
1 F 0 0 0 1 
1 0 0 0 F 1 
1 1 1 1 1 1 
PL12 PD41 r31 T6

Map6
1 1 1 1 1 1 
1 0 0 0 0 1 
1 0 F H 0 1 
1 0 0 0 0 G 
1 0 0 0 F 1 
1 1 1 S 1 1 
U12 PD34 PL24 T3

Map6
1 1 1 1 S 1 
1 1 1 F 0 1 
1 F 0 0 0 1 
1 0 0 0 0 1 
1 0 H 0 H 1 
1 G 1 1 1 1 
PR43 PD22 l32 T6

Map6
1 G 1 1 1 1 
1 0 1 H 0 1 
1 1 0 0 H 1 
1 0 # F 0 1 
1 1 0 0 0 1 
1 1 S 1 1 1 
PU11 PR13 u22 T4

Map6
1 1 S 1 1 1 
1 0 F 0 0 1 
1 H 0 0 0 1 
G 0 0 0 0 1 
1 0 F 0 0 1 
1 1 1 1 1 1 
P42 PU22 PR14 T3

Map6
1 1 1 1 1 1 
1 0 0 0 1 1 
1 0 1 0 0 1 
1 0 0 H 0 G 
S 0 0 0 H 1 
1 1 1 1 1 1 
PR43 PD11 R24 T2

Map6
1 1 1 1 1 1 
1 0 0 0 0 1 
1 1 # 1 F S 
1 0 H 0 0 1 
G 0 0 0 0 1 
1 1 1 1 1 1 
U43 PR11 PL14 T2

Map6
1 1 1 1 1 1 
1 0 H 0 H 1 
1 0 0 0 0 G 
1 0 # 0 0 1 
1 F F 0 0 1 
1 1 S 1 1 1 
PD22 PU31 D43 T4

Map6
1 1 1 1 1 1 
1 0 H 0 0 S 
1 0 0 # 0 1 
1 # 0 0 0 1 
1 0 0 H 0 1 
1 1 G 1 1 1 
P31 L12 r41 T5

Map6
1 1 1 1 1 1 
1 0 0 0 0 1 
G # 0 0 1 1 
1 F 0 0 0 1 
S 0 0 H 0 1 
1 1 1 1 1 1 
p11 r23 L24 T8

Map6
1 1 1 1 1 1 
1 0 H 0 0 1 
1 0 1 H 0 1 
1 F 0 0 0 1 
1 0 0 0 F 1 
1 1 G 1 S 1 
p34 PD42 PU23 T6

Map6
1 1 1 1 1 1 
1 0 1 0 0 1 
1 0 0 1 0 G 
1 1 0 0 0 1 
1 0 0 F 0 S 
1 1 1 1 1 1 
r43 PU22 PL14 T6

Map6
1 1 1 1 1 1 
1 1 0 0 0 1 
1 0 0 # H 1 
1 0 1 0 # G 
S 0 0 1 0 1 
1 1 1 1 1 1 
PL14 PU22 u21 T5

Map6
1 1 1 S 1 1 
1 F 1 # 0 1 
1 H 0 0 0 1 
1 0 0 1 1 1 
1 0 0 0 0 1 
1 1 1 G 1 1 
P24 PL44 PR22 T3

Map6
1 1 1 1 1 1 
S 0 0 0 # 1 
1 0 0 0 0 G 
1 0 F 0 0 1 
1 H 0 0 H 1 
1 1 1 1 1 1 
d21 p32 p43 T8

Map6
1 S 1 1 1 1 
1 0 0 0 H 1 
1 0 0 1 0 1 
G 0 0 0 F 1 
1 H 0 0 F 1 
1 1 1 1 1 1 
R31 R24 P12 T4

Map6
1 G 1 1 1 1 
1 0 0 1 0 1 
1 # 1 0 # 1 
1 H 0 0 0 1 
1 0 0 0 0 S 
1 1 1 1 1 1 
PL33 PU11 r34 T4

Map6
1 1 S 1 1 1 
1 0 0 F # 1 
1 0 H # 0 G 
1 0 0 0 0 1 
1 0 0 F 0 1 
1 1 1 1 1 1 
l43 PU21 PL23 T6

Map6
1 1 G 1 1 1 
1 0 F 0 0 S 
1 H 0 0 # 1 
1 # 0 0 F 1 
1 0 0 0 H 1 
1 1 1 1 1 1 
P14 PR31 PD32 T3

Map6
1 1 G 1 1 1 
1 0 0 H 0 1 
1 0 0 0 0 1 
1 0 0 1 0 1 
1 0 H 0 0 S 
1 1 1 1 1 1 
l43 u22 R34 T6

Map6
1 1 1 1 1 1 
S 0 0 0 F 1 
1 0 # 0 H 1 
1 0 0 0 1 1 
1 F 0 1 0 G 
1 1 1 1 1 1 
PR23 PR44 D31 T4

Map6
1 1 1 1 1 1 
1 0 H 0 0 1 
1 0 0 # 0 1 
1 0 F 0 0 S 
1 0 F 1 0 1 
1 1 G 1 1 1 
P12 R41 R33 T4

Map6
1 1 1 1 1 1 
S F 0 0 # 1 
1 1 0 0 1 1 
1 F 0 1 0 1 
1 0 0 H 0 1 
1 1 1 1 G 1 
R23 PD31 PD43 T4

Map6
1 1 1 1 1 1 
S 0 F 0 0 1 
1 0 H 0 0 1 
1 0 H 0 0 1 
1 F 0 0 0 1 
1 G 1 1 1 1 
PU13 PL31 d11 T2

Map6
1 1 1 G 1 1 
S 0 0 0 H 1 
1 0 0 # 0 1 
1 0 0 0 0 1 
1 F 0 0 0 1 
1 1 1 1 1 1 
D42 D13 U21 T4

Map6
1 1 1 1 1 1 
1 0 1 0 # 1 
S 0 F 0 H 1 
1 1 1 0 0 1 
1 0 0 0 0 G 
1 1 1 1 1 1 
PD11 PR14 L32 T2

Map6
1 1 1 1 S 1 
1 F 0 0 0 1 
1 0 0 1 0 1 
1 1 0 0 0 1 
1 0 H F 0 1 
1 G 1 1 1 1 
r42 PD21 PD14 T4

Map6
1 1 1 1 1 1 
1 1 0 0 0 S 
1 # H 0 0 1 
G 0 1 0 0 1 
1 0 H 0 0 1 
1 1 1 1 1 1 
PL13 PD31 r42 T5

Map6
1 S 1 1 1 1 
1 0 0 0 0 1 
1 H 0 1 0 1 
1 0 0 0 0 G 
1 H F 0 0 1 
1 1 1 1 1 1 
PU11 PL31 R13 T2

Map6
1 1 1 1 1 1 
1 1 0 # 0 G 
1 0 H 0 1 1 
1 0 0 # 1 1 
1 0 0 H 0 S 
1 1 1 1 1 1 
l14 PL24 PR44 T6

Map6
1 1 1 1 1 1 
1 0 0 0 0 1 
1 H 0 # 0 S 
G 0 0 H 1 1 
1 F F # 0 1 
1 1 1 1 1 1 
P11 PU22 PL13 T4

Map6
1 1 1 1 1 1 
1 0 0 0 0 1 
1 # # 0 H 1 
1 0 F 0 0 1 
1 H 0 0 F S 
1 1 G 1 1 1 
PR11 PR34 U31 T2

Map6
1 S 1 1 1 1 
1 0 # 0 0 1 
1 F 0 0 F G 
1 0 0 0 0 1 
1 H 0 # 0 1 
1 1 1 1 1 1 
PL31 PU13 r11 T4

Map6
1 1 1 1 1 1 
1 H 0 # 0 1 
1 H 1 0 0 1 
G 0 0 0 0 1 
1 0 F F 0 1 
1 S 1 1 1 1 
d44 PD14 PR21 T5

Map6
1 1 1 1 1 1 
1 H F 0 0 1 
1 F 0 H 0 S 
1 0 0 0 0 1 
1 0 0 0 0 1 
1 1 G 1 1 1 
l13 PU44 PR42 T5

Map6
1 1 1 1 1 1 
1 0 0 0 1 1 
1 0 0 H 0 G 
S 0 F H 0 1 
1 0 0 0 1 1 
1 1 1 1 1 1 
D22 PR14 PU43 T3

Map6
1 1 1 1 S 1 
1 0 0 0 0 1 
1 H F 0 0 1 
G 0 0 H F 1 
1 1 0 0 # 1 
1 1 1 1 1 1 
D42 R24 u31 T5

Map6
1 1 1 1 1 1 
1 0 0 0 1 1 
1 0 H 0 0 G 
S 0 0 H 1 1 
1 0 0 0 0 1 
1 1 1 1 1 1 
PD11 PR32 P23 T2

Map6
1 1 1 1 1 1 
1 0 1 H H 1 
1 # 0 # 1 1 
1 0 1 0 0 G 
1 0 0 0 F 1 
1 1 1 S 1 1 
PR43 PU33 U11 T5

Map6
1 1 1 1 S 1 
1 0 0 0 0 1 
1 0 0 # 1 1 
1 0 1 0 0 1 
1 0 0 H 0 1 
1 1 G 1 1 1 
PD24 PL22 R13 T4

Map6
1 1 1 1 1 1 
1 0 0 0 0 1 
G 0 0 0 F 1 
1 0 H F 0 1 
1 H 0 0 0 S 
1 1 1 1 1 1 
l32 p31 D24 T5

Map6
1 1 1 1 1 1 
1 0 F 0 0 S 
G 0 0 0 # 1 
1 H 1 0 0 1 
1 1 F 1 0 1 
1 1 1 1 1 1 
u41 d33 D31 T6

Map6
1 1 1 G 1 1 
S 0 0 0 F 1 
1 0 0 0 0 1 
1 0 H 0 0 1 
1 H 0 0 0 1 
1 1 1 1 1 1 
l22 PR21 PD13 T5

Map6
1 1 1 1 1 1 
1 0 0 0 0 1 
1 1 H 0 0 S 
1 F 1 0 H 1 
1 0 F 0 1 1 
1 G 1 1 1 1 
u41 PD14 PU32 T5

Map6
1 1 1 1 1 1 
1 0 F F 1 1 
1 0 H 0 0 S 
G 0 0 0 0 1 
1 0 0 0 H 1 
1 1 1 1 1 1 
PU43 PL13 L32 T2

Map6
1 1 1 1 1 1 
1 F 0 0 0 1 
G # 0 H 0 S 
1 0 0 0 0 1 
1 H F 0 0 1 
1 1 1 1 1 1 
PD21 PR42 P23 T2

Map6
1 1 1 G 1 1 
1 # 0 0 H 1 
1 0 0 0 0 1 
1 0 0 H 0 S 
1 0 0 0 0 1 
1 1 1 1 1 1 
R12 D42 L14 T4

Map6
1 1 1 1 1 1 
1 F 0 H 0 1 
G 0 0 0 0 1 
1 0 0 0 H 1 
1 0 0 0 F 1 
1 1 1 S 1 1 
R21 P32 D13 T4

Map6
1 1 1 1 1 1 
1 0 0 H 0 1 
1 0 0 H 0 G 
1 0 0 0 0 1 
S 0 0 0 F 1 
1 1 1 1 1 1 
l43 P24 d14 T7

Map6
1 1 1 1 1 1 
G 0 0 F H 1 
1 1 F 0 0 S 
1 0 0 0 0 1 
1 H 0 1 0 1 
1 1 1 1 1 1 
p42 PD32 PL13 T6

Map6
1 1 1 G 1 1 
1 0 0 0 0 1 
1 1 0 0 0 1 
1 0 0 H 0 1 
1 F 0 0 H 1 
1 S 1 1 1 1 
PD13 PR22 L21 T4

Map6
1 1 1 1 1 1 
1 0 0 0 0 G 
1 0 1 # 1 1 
1 H 0 0 0 1 
1 0 H 0 0 1 
1 S 1 1 1 1 
PL43 PD14 P23 T3

Map6
1 1 1 1 1 1 
1 0 0 0 0 1 
1 F 0 0 F S 
1 0 0 H 0 1 
1 0 0 H 0 1 
1 1 G 1 1 1 
d31 PR32 PL41 T3

Map6
1 1 1 G 1 1 
1 H 1 F 0 1 
1 0 H 0 1 1 
1 # 0 0 0 1 
1 0 1 F 0 S 
1 1 1 1 1 1 
PD12 PR44 l23 T5

Map6
1 1 G 1 1 1 
1 # 0 H 1 1 
1 F 0 0 0 S 
1 0 0 0 0 1 
1 0 1 H 0 1 
1 1 1 1 1 1 
PD32 PU13 L44 T4

Map6
1 1 1 S 1 1 
1 0 F 0 0 1 
1 0 # 0 1 1 
1 0 H H 1 1 
1 F 0 0 0 1 
1 1 1 1 G 1 
PD44 PR11 R32 T2

Map6
1 1 G 1 1 1 
1 0 0 H F 1 
1 0 F 0 0 S 
1 0 0 0 0 1 
1 0 0 0 H 1 
1 1 1 1 1 1 
p34 PD32 PR42 T4

Map6
1 1 S 1 1 1 
1 0 0 1 0 1 
G 0 F 0 0 1 
1 0 0 0 0 1 
1 0 H 0 0 1 
1 1 1 1 1 1 
PD11 PD41 R13 T3

Map6
1 1 G 1 1 1 
1 0 0 0 1 1 
1 0 0 # F 1 
1 0 H 0 0 1 
1 0 0 0 0 1 
1 1 S 1 1 1 
R14 r31 d24 T6

Map6
1 1 1 1 1 1 
S 0 0 # H 1 
1 0 F # F 1 
1 0 0 0 0 1 
1 0 H 0 0 1 
1 1 1 G 1 1 
d23 PR21 PD14 T5

Map6
1 1 1 1 1 1 
1 0 0 0 F 1 
S 0 1 0 0 1 
1 # 1 F # 1 
1 1 0 0 0 1 
1 1 1 G 1 1 
PR24 PD11 r12 T4

Map6
1 1 1 1 1 1 
1 0 1 0 0 1 
G 0 0 1 0 1 
1 0 1 0 0 1 
1 0 0 F # 1 
1 1 1 S 1 1 
PD33 PU14 p13 T3

Map6
1 S 1 1 1 1 
1 0 0 0 0 1 
1 0 0 0 H 1 
1 H 0 0 0 G 
1 0 0 0 0 1 
1 1 1 1 1 1 
L12 P31 L24 T4

Map6
1 1 1 1 1 1 
1 0 0 # 0 S 
1 F 0 0 0 1 
G 0 H 0 F 1 
1 H 0 0 0 1 
1 1 1 1 1 1 
PL13 PD42 D21 T4

Map6
1 1 1 1 1 1 
1 H 0 F F S 
1 0 0 0 0 1 
1 0 0 0 1 1 
1 0 0 0 1 1 
1 1 G 1 1 1 
R12 PR21 PU14 T5

Map6
1 1 1 1 1 1 
1 0 0 0 0 1 
1 0 0 H 0 G 
1 0 0 F 0 1 
1 H 0 0 F 1 
1 1 1 S 1 1 
PD41 PD34 U43 T2

Map6
1 1 1 1 1 1 
1 0 0 0 F S 
1 0 0 1 0 1 
1 # 1 0 0 1 
1 0 # 0 F 1 
1 1 1 G 1 1 
PL22 PL43 r11 T5

Map6
1 1 1 1 S 1 
1 0 0 0 0 1 
1 H 0 0 F 1 
1 0 0 1 H 1 
1 0 # 0 1 1 
1 G 1 1 1 1 
L11 PU41 PU32 T5

Map6
1 1 1 1 1 1 
S 0 1 0 0 G 
1 0 0 0 0 1 
1 H 1 0 # 1 
1 0 0 H # 1 
1 1 1 1 1 1 
d11 PD42 PU12 T6

Map6
1 1 G 1 1 1 
1 H 0 0 0 1 
1 0 1 0 0 1 
1 0 0 1 0 1 
1 0 0 0 0 1 
1 1 1 S 1 1 
PR21 PD12 l41 T6

Map6
1 1 1 1 1 1 
1 0 0 0 0 1 
1 1 H 0 F S 
1 # 0 1 0 1 
1 0 0 0 0 1 
1 1 1 G 1 1 
r44 PL23 PR32 T6

Map6
1 1 1 1 1 1 
1 0 0 0 0 1 
G 0 H 0 F S 
1 0 0 0 0 1 
1 # 0 0 0 1 
1 1 1 1 1 1 
PU34 PR32 p13 T5

Map6
1 1 1 1 S 1 
1 H F 0 # 1 
1 0 0 0 0 1 
1 0 0 0 0 G 
1 0 0 0 H 1 
1 1 1 1 1 1 
PL22 PU42 u12 T4

Map6
1 1 1 G 1 1 
1 # 0 0 0 1 
1 H 0 0 H 1 
1 0 0 1 0 1 
1 0 0 0 # 1 
1 1 1 1 S 1 
U32 P43 u34 T5

Map6
1 1 1 1 1 1 
1 0 0 F 0 S 
1 H 0 0 1 1 
G 0 0 0 0 1 
1 0 H 0 0 1 
1 1 1 1 1 1 
PU22 PL13 P11 T2

Map6
1 1 1 1 1 1 
1 1 0 0 0 S 
1 0 0 1 1 1 
1 0 0 H 0 1 
1 0 H 0 0 1 
1 1 1 1 G 1 
u12 PD43 PL23 T6

Map6
1 1 1 1 S 1 
1 0 0 0 0 1 
1 0 0 0 0 1 
1 0 0 F H 1 
1 H F 0 0 G 
1 1 1 1 1 1 
L42 r41 p22 T9

Map6
1 1 S 1 1 1 
1 1 0 1 0 1 
1 0 0 1 0 1 
1 0 0 0 0 G 
1 0 H # 0 1 
1 1 1 1 1 1 
l12 PU21 PL22 T4

Map6
1 1 G 1 1 1 
1 0 # 0 F 1 
1 0 # 0 0 1 
1 0 H 0 1 1 
1 F 0 H 0 1 
1 S 1 1 1 1 
l11 p42 p13 T8

Map6
1 1 1 1 1 1 
1 H 0 0 1 1 
1 0 0 0 0 1 
S 0 0 H 0 1 
1 0 0 F 0 1 
1 1 G 1 1 1 
PU14 PL44 R23 T3

Map6
1 1 S 1 1 1 
1 0 F 0 0 1 
1 1 F 0 0 G 
1 0 0 0 H 1 
1 0 0 1 0 1 
1 1 1 1 1 1 
r32 PL24 PU33 T6

Map6
1 1 G 1 1 1 
1 1 0 H 0 1 
1 0 # # 0 1 
1 0 1 1 0 1 
1 0 F 0 F 1 
1 1 S 1 1 1 
PL42 PD12 L34 T3

Map6
1 1 1 1 1 1 
1 F 0 0 0 G 
1 0 1 0 1 1 
S 0 0 0 F 1 
1 H 0 H 0 1 
1 1 1 1 1 1 
PU24 PR21 D33 T2

Map6
1 1 1 1 1 1 
1 1 0 # H 1 
1 0 0 1 0 1 
1 0 1 # 0 1 
1 0 H 0 0 S 
1 G 1 1 1 1 
PD12 PU34 R42 T4

Map6
1 1 1 1 1 1 
1 0 F 0 1 1 
1 H 0 0 # 1 
1 0 0 0 # 1 
S 0 0 F 0 1 
1 1 1 G 1 1 
U24 PR11 PD13 T3

Map6
1 1 1 1 1 1 
1 0 0 0 F 1 
G 0 0 0 0 1 
1 0 H 0 0 1 
1 0 F 0 0 1 
1 1 S 1 1 1 
R14 PU31 PL44 T3

Map6
1 1 1 1 1 1 
1 0 F 0 0 1 
1 0 0 0 # 1 
S 0 0 0 F 1 
1 H 0 0 0 1 
1 1 1 G 1 1 
r44 PL32 PL13 T11

Map6
1 1 1 1 1 1 
1 0 0 0 0 1 
1 1 0 1 0 1 
G 0 H 0 0 1 
1 F 1 0 0 1 
1 1 1 1 S 1 
PL13 PU22 P11 T3

Map6
1 1 G 1 1 1 
S 0 F H 1 1 
1 0 # 0 # 1 
1 H 1 0 0 1 
1 0 0 0 0 1 
1 1 1 1 1 1 
PU43 PL11 d32 T4

Map6
1 1 1 1 S 1 
1 H 0 0 0 1 
1 1 0 1 0 1 
1 0 0 0 1 1 
1 0 # H 0 1 
1 G 1 1 1 1 
P33 PR21 PR13 T6

Map6
1 S 1 1 1 1 
1 0 0 0 0 1 
1 0 0 # 0 1 
G F 0 H 0 1 
1 0 0 1 # 1 
1 1 1 1 1 1 
U12 d11 u22 T6

Map6
1 1 1 G 1 1 
1 0 F # H 1 
1 0 0 0 0 1 
1 0 0 0 0 1 
S 0 0 H 0 1 
1 1 1 1 1 1 
r13 PD42 PR24 T5

Map6
1 1 1 1 1 1 
1 0 0 # # 1 
1 H F 0 F 1 
1 0 0 H 0 G 
1 0 0 0 0 1 
1 S 1 1 1 1 
D13 PR34 PR44 T6

Map6
1 1 1 1 1 1 
S F 0 0 0 1 
1 0 H 0 0 1 
1 F 0 1 0 1 
1 0 0 0 1 1 
1 G 1 1 1 1 
PR14 PL21 L34 T2

Map6
1 1 1 1 1 1 
1 0 H 0 0 S 
1 0 0 0 0 1 
1 0 0 1 1 1 
1 F 0 0 0 1 
1 1 1 G 1 1 
PU42 PD34 L31 T2

Map6
1 1 1 1 1 1 
1 0 0 0 0 1 
G 0 0 # 0 1 
1 0 0 H 0 1 
1 H 0 0 0 1 
1 1 1 S 1 1 
PD34 PR11 p41 T4

Map6
1 1 1 1 1 1 
1 0 0 0 0 1 
1 0 0 0 F G 
1 0 H F 0 1 
1 0 0 0 0 1 
1 1 S 1 1 1 
l11 PL21 PD24 T4

Map6
1 1 1 1 1 1 
S 0 0 0 H 1 
1 0 0 H 0 1 
1 1 1 0 0 1 
1 1 0 0 0 G 
1 1 1 1 1 1 
PU12 PR24 L21 T2

Map6
1 1 1 1 1 1 
1 0 H F # 1 
1 0 0 H 0 G 
1 0 0 F 1 1 
1 0 1 0 0 1 
1 S 1 1 1 1 
u11 PL22 PR42 T4

Map6
1 1 1 G 1 1 
1 0 0 0 H 1 
1 0 # 0 0 1 
S 0 0 H # 1 
1 F 0 0 0 1 
1 1 1 1 1 1 
R42 l13 L23 T5

Map6
1 1 1 1 1 1 
1 0 1 0 0 1 
1 H H 0 0 S 
G 0 1 # 0 1 
1 F 0 F 0 1 
1 1 1 1 1 1 
d44 PL13 PD32 T6

Map6
1 1 G 1 1 1 
1 0 0 0 0 1 
1 H H # 1 1 
1 0 0 F 0 S 
1 # 0 1 1 1 
1 1 1 1 1 1 
PL41 PD13 r31 T6

Map6
1 1 1 1 1 1 
1 0 0 0 0 1 
S 0 0 H 0 G 
1 0 0 0 # 1 
1 0 0 H # 1 
1 1 1 1 1 1 
R41 D21 R13 T3

Map6
1 1 1 1 1 1 
S 0 F # 1 1 
1 0 0 1 0 1 
1 0 0 0 0 1 
1 0 F 1 0 1 
1 1 1 1 G 1 
PL11 PL22 r12 T5

Map6
1 1 1 1 1 1 
S 0 0 0 F 1 
1 0 0 H 0 1 
1 # H 1 1 1 
1 1 # F 0 1 
1 1 1 1 G 1 
P21 PD44 PU12 T2

Map6
1 1 1 1 1 1 
1 H 0 0 0 1 
G 0 0 0 0 1 
1 0 0 0 # 1 
1 0 0 0 F 1 
1 S 1 1 1 1 
D13 d23 U34 T5

Map6
1 1 1 1 1 1 
1 0 0 0 0 1 
1 H 0 0 0 G 
1 0 0 H 0 1 
1 0 # 0 1 1 
1 S 1 1 1 1 
r23 D13 p14 T6

Map6
1 1 1 1 1 1 
G 0 0 1 0 1 
1 F 0 0 0 1 
1 H 0 0 1 1 
1 1 H 0 0 1 
1 1 1 S 1 1 
PU22 PR23 L32 T3

Map6
1 1 1 1 1 1 
1 1 0 F 0 1 
1 0 H 0 # S 
1 0 0 0 0 1 
1 F # 0 0 1 
1 1 G 1 1 1 
PL32 PL13 L44 T4

Map6
1 1 G 1 1 1 
1 0 0 0 H 1 
1 0 0 0 0 1 
1 1 H 0 0 1 
1 0 0 0 0 1 
1 1 1 1 S 1 
R42 P11 U34 T4

Map6
1 1 1 S 1 1 
1 0 0 0 1 1 
1 0 0 0 F 1 
1 1 1 H 0 1 
1 0 0 F # G 
1 1 1 1 1 1 
PD11 PD43 R32 T6

Map6
1 1 1 G 1 1 
1 H 0 0 0 1 
1 0 0 0 F 1 
1 # H 0 0 1 
1 # 0 1 0 1 
1 S 1 1 1 1 
PL24 PU31 D12 T2

Map6
1 G 1 1 1 1 
1 # H 0 0 1 
1 0 0 F 0 1 
1 1 F 0 0 1 
1 # 0 0 1 1 
1 1 1 S 1 1 
R41 PR33 PR24 T5

Map6
1 1 1 1 S 1 
1 H 0 0 0 1 
1 0 F 0 0 1 
1 0 0 0 H 1 
1 0 F # 1 1 
1 1 G 1 1 1 
P21 U42 D23 T4

Map6
1 1 1 1 1 1 
1 F 0 0 0 1 
1 H 0 H 0 1 
1 0 0 0 F G 
1 # 0 0 0 1 
1 S 1 1 1 1 
L22 L13 P34 T4

Map6
1 1 1 1 1 1 
1 H 0 H 1 1 
G 0 0 0 F 1 
1 0 0 0 1 1 
1 0 1 # 0 1 
1 1 1 1 S 1 
PU21 PU32 d33 T7

Map6
1 1 G 1 1 1 
1 H 0 0 0 S 
1 0 0 0 1 1 
1 F F 0 0 1 
1 0 0 0 0 1 
1 1 1 1 1 1 
P14 PD31 PR41 T3

Map6
1 1 1 1 1 1 
1 0 0 H F 1 
S 0 0 0 F 1 
1 0 0 0 0 1 
1 0 H 0 0 1 
1 1 1 G 1 1 
u12 u23 D11 T5

Map6
1 1 1 1 1 1 
1 1 F 0 0 S 
1 0 0 0 0 1 
1 0 0 0 0 1 
1 # 0 F 0 1 
1 1 1 G 1 1 
R43 U31 U22 T4

Map6
1 1 1 S 1 1 
1 0 0 0 0 1 
G 0 0 0 # 1 
1 H 0 H 0 1 
1 0 0 0 0 1 
1 1 1 1 1 1 
PR32 PR23 U11 T4

Map6
1 G 1 1 1 1 
1 0 0 0 H 1 
1 0 0 F 0 1 
S 0 F 1 0 1 
1 0 0 0 H 1 
1 1 1 1 1 1 
R34 PR14 PL13 T4

Map6
1 1 1 1 1 1 
1 0 F 0 # S 
1 0 0 H 1 1 
1 0 1 F 0 1 
1 0 1 H 0 1 
1 1 1 1 G 1 
P13 PL22 PD43 T3

Map6
1 1 1 1 1 1 
1 0 # 0 0 1 
G 0 0 0 F 1 
1 # H 0 0 1 
1 F 0 0 0 1 
1 1 1 1 S 1 
l33 u41 U34 T6

Map6
1 1 1 1 1 1 
1 0 0 0 0 1 
1 F 0 F 0 1 
1 H 0 0 0 1 
1 0 1 1 0 1 
1 G 1 1 S 1 
PD14 PL33 D11 T4

Map6
1 1 S 1 1 1 
1 0 0 0 H 1 
1 0 0 0 0 1 
1 H 0 F 0 G 
1 0 F 0 0 1 
1 1 1 1 1 1 
U23 p21 r42 T5

Map6
1 1 1 G 1 1 
1 0 H 0 0 S 
1 0 0 1 0 1 
1 0 0 0 0 1 
1 1 # 0 0 1 
1 1 1 1 1 1 
PL44 PU31 u33 T6

Map6
1 1 1 G 1 1 
1 0 0 0 0 1 
1 H # 0 0 1 
1 0 0 H 0 1 
1 0 0 0 F 1 
1 S 1 1 1 1 
PU41 PU13 P34 T5

Map6
1 1 1 1 1 1 
1 # 0 0 H 1 
S 0 F 0 0 1 
1 0 0 0 H 1 
1 0 F 0 # 1 
1 1 G 1 1 1 
P42 u33 R34 T5

Map6
1 1 1 1 1 1 
1 H 0 0 F 1 
1 # H 0 0 1 
1 0 0 0 0 1 
1 F 0 0 0 S 
1 G 1 1 1 1 
d34 R24 r44 T5

Map6
1 1 1 1 1 1 
1 0 0 0 0 1 
1 1 H 0 # S 
1 F # 0 0 1 
1 0 0 1 0 1 
1 G 1 1 1 1 
P32 PU43 PD14 T2

Map6
1 1 1 1 1 1 
1 0 0 0 F 1 
1 0 0 F 0 G 
1 H 0 0 0 1 
1 0 0 0 0 1 
1 1 1 S 1 1 
PL33 PU14 l23 T5

Map6
1 1 1 1 1 1 
1 0 F 0 H 1 
1 0 0 # 0 1 
1 0 0 F # G 
S 0 0 H 0 1 
1 1 1 1 1 1 
u42 p13 U24 T7

Map6
1 1 1 1 1 1 
1 H 0 F 0 1 
G 0 # F 0 1 
1 1 1 0 0 1 
1 H 0 1 0 1 
1 1 S 1 1 1 
l41 PR21 PD24 T4

Map6
1 1 1 G 1 1 
S 0 0 0 H 1 
1 0 0 0 0 1 
1 0 0 1 0 1 
1 0 0 # 0 1 
1 1 1 1 1 1 
PD21 PD42 p11 T5

Map6
1 1 1 1 1 1 
S # 1 0 0 1 
1 0 0 0 0 1 
G 0 0 0 F 1 
1 H 0 # H 1 
1 1 1 1 1 1 
PD31 PU12 u32 T4

Map6
1 1 1 1 1 1 
1 0 0 1 0 1 
1 0 0 H 0 1 
G F 0 0 0 1 
1 1 0 0 0 1 
1 1 1 S 1 1 
PD33 PR11 u22 T4

Map6
1 1 G 1 S 1 
1 0 0 0 F 1 
1 0 H 0 0 1 
1 H 0 0 # 1 
1 0 F # 0 1 
1 1 1 1 1 1 
u31 r44 R14 T6

Map6
1 1 1 1 1 1 
1 H 0 0 0 1 
G 0 0 0 0 1 
1 0 1 0 F 1 
1 F 0 0 0 1 
1 S 1 1 1 1 
D24 PD13 PR31 T5

Map6
1 1 1 1 1 1 
1 # 0 0 0 1 
1 1 H 0 0 S 
1 0 0 1 0 1 
1 0 0 0 H 1 
1 G 1 1 1 1 
U32 PD41 PD13 T2

Map6
1 1 1 1 1 1 
1 H 0 # 0 1 
1 0 0 F 0 1 
1 F 0 0 0 1 
G 0 0 0 1 1 
1 S 1 1 1 1 
PD12 PR21 r41 T6

Map6
1 1 1 1 S 1 
1 0 0 0 0 1 
1 0 1 F 0 1 
1 1 H 0 0 1 
1 0 H 0 0 1 
1 G 1 1 1 1 
PD14 PL44 D21 T5

Map6
1 1 1 1 1 1 
1 H 0 0 H 1 
1 0 0 F F G 
1 0 0 0 0 1 
1 0 0 0 0 1 
1 1 1 S 1 1 
P21 l13 L43 T4

Map6
1 1 1 G 1 1 
1 1 0 0 0 1 
1 0 0 F 0 1 
S 0 H 0 F 1 
1 0 0 0 0 1 
1 1 1 1 1 1 
r44 PL13 PD41 T4

Map6
1 S 1 1 1 1 
1 0 0 0 0 1 
1 0 0 1 0 1 
1 0 0 0 H 1 
1 F H 0 0 G 
1 1 1 1 1 1 
R12 PL21 PR34 T2

Map6
1 1 1 1 1 1 
1 H 0 0 0 1 
S 0 0 F # 1 
1 H 0 # 1 1 
1 F 0 0 0 1 
1 1 1 G 1 1 
PD41 PU24 r22 T4

Map6
1 1 1 1 S 1 
1 F 0 0 0 1 
1 H 0 0 0 1 
1 0 0 0 F G 
1 0 0 0 0 1 
1 1 1 1 1 1 
P42 D21 u32 T5

Map6
1 S 1 1 1 1 
1 0 0 H 0 1 
1 0 0 0 0 1 
1 H 0 0 0 1 
1 0 # 1 1 1 
1 1 G 1 1 1 
PL21 PR12 R32 T3

Map6
1 1 1 1 1 1 
1 0 0 1 1 1 
1 0 H 0 0 S 
1 0 0 0 0 1 
1 0 0 H # 1 
1 1 G 1 1 1 
PU43 PR13 U33 T4

Map6
1 1 1 1 1 1 
1 0 0 0 0 1 
1 0 0 0 H 1 
1 0 0 0 0 G 
S 0 0 0 H 1 
1 1 1 1 1 1 
p11 d22 U24 T6

Map6
1 1 1 G 1 1 
1 1 # 0 0 1 
1 0 H 0 0 1 
S 0 0 1 0 1 
1 H 0 1 0 1 
1 1 1 1 1 1 
p41 PU24 PR32 T6

Map6
1 1 S 1 1 1 
1 1 # 0 # 1 
1 0 0 0 0 1 
1 0 H 0 F G 
1 F 0 0 0 1 
1 1 1 1 1 1 
PU22 PU34 P32 T2

Map6
1 1 S 1 1 1 
1 0 0 0 0 1 
1 0 F 0 F G 
1 0 # 0 0 1 
1 1 0 0 H 1 
1 1 1 1 1 1 
PD31 PL34 r32 T4

Map6
1 1 1 1 1 1 
S 0 H # F G 
1 0 # 0 0 1 
1 0 H 1 F 1 
1 1 0 0 0 1 
1 1 1 1 1 1 
PR12 PL11 r42 T5

Map6
1 1 1 1 1 1 
1 0 0 0 1 1 
1 H 0 0 0 1 
1 0 0 1 0 S 
1 0 0 # H 1 
1 G 1 1 1 1 
P11 PL23 PU22 T7

Map6
1 1 1 1 1 1 
1 0 # 0 0 1 
1 0 0 H 0 1 
G 0 0 0 0 1 
1 0 H F 0 1 
1 1 1 S 1 1 
PD33 PU22 l12 T5

Map6
1 1 1 1 1 1 
1 H 0 # 1 1 
1 0 0 0 F G 
1 0 1 0 H 1 
1 0 0 # 0 1 
1 S 1 1 1 1 
d33 P13 u24 T6

Map6
1 1 1 1 1 1 
1 # F # 0 1 
1 0 0 0 0 1 
1 0 0 0 0 1 
1 0 F 0 0 S 
1 1 G 1 1 1 
r32 U41 P34 T5

Map6
1 1 1 1 1 1 
1 H 0 F 1 1 
1 0 0 # 0 1 
1 H 0 0 1 1 
1 0 0 F # 1 
1 S 1 1 G 1 
PD14 PL42 p12 T6

Map6
1 1 1 1 1 1 
1 0 0 0 0 1 
1 0 0 H 0 1 
1 H 0 1 1 1 
1 0 0 0 0 1 
1 S 1 1 G 1 
PU12 PD14 p11 T6

Map6
1 S 1 1 1 1 
1 0 0 0 # 1 
1 0 0 0 0 1 
1 H 0 0 F G 
1 0 0 0 0 1 
1 1 1 1 1 1 
P31 PR12 PR23 T4

Map6
1 1 1 1 1 1 
1 # H 0 0 1 
1 0 0 0 0 1 
S 0 0 F 1 1 
1 H 0 0 F G 
1 1 1 1 1 1 
L23 P42 p13 T6

Map6
1 1 1 1 1 1 
1 0 H F 0 1 
1 1 0 0 0 1 
S 0 1 0 0 1 
1 0 H # 0 1 
1 1 1 G 1 1 
PU14 PU44 p13 T5

Map6
1 1 1 1 1 1 
1 0 F 0 0 1 
S F 0 H 1 1 
1 0 0 1 1 1 
1 0 0 0 0 1 
1 1 1 G 1 1 
l24 PR14 PL22 T3

Map6
1 1 1 1 1 1 
1 0 H F 0 1 
1 0 0 0 0 1 
S # H 0 0 1 
1 0 0 0 # 1 
1 1 1 G 1 1 
R41 D12 P22 T5

Map6
1 1 1 1 1 1 
1 F 0 0 0 S 
1 H 0 0 0 1 
1 0 H 0 0 1 
1 0 0 0 1 1 
1 1 G 1 1 1 
R21 r34 l41 T5

Map6
1 1 G 1 1 1 
1 H 0 0 0 1 
1 0 1 0 0 1 
S 0 1 0 0 1 
1 0 0 F 0 1 
1 1 1 1 1 1 
PD12 PR21 l41 T5

Map6
1 G 1 S 1 1 
1 0 1 # 0 1 
1 # 0 1 0 1 
1 0 0 H 0 1 
1 1 H 0 0 1 
1 1 1 1 1 1 
PD11 PR34 U13 T5

Map6
1 1 1 1 1 1 
1 1 H 0 # 1 
1 0 F 0 # 1 
1 0 0 1 0 1 
1 1 F 0 0 G 
1 1 S 1 1 1 
PR34 PU13 L32 T2

Map6
1 1 1 1 1 1 
1 0 1 1 F 1 
1 0 # 0 0 1 
1 0 1 # 0 1 
S 0 0 F 0 1 
1 1 1 G 1 1 
P11 U42 L24 T4

Map6
1 1 1 G 1 1 
1 0 1 0 F 1 
1 F 1 0 0 1 
1 0 0 1 0 1 
1 0 0 # 0 1 
1 S 1 1 1 1 
U13 PL24 PU31 T2

Map6
1 S 1 1 1 1 
1 0 0 0 0 1 
1 0 0 0 0 1 
G F 0 0 F 1 
1 1 0 0 H 1 
1 1 1 1 1 1 
PR31 PD12 u22 T5

Map6
1 1 1 G 1 1 
1 0 F 0 0 1 
1 1 0 0 0 1 
1 0 0 F 0 S 
1 H 1 0 # 1 
1 1 1 1 1 1 
L22 PD41 PR43 T3

Map6
1 1 1 1 1 1 
1 0 0 0 0 1 
1 # 0 H 0 1 
G F 0 0 0 1 
1 0 # F 0 1 
1 S 1 1 1 1 
PD14 PR11 d44 T5

Map6
1 1 1 G 1 1 
S 0 0 0 H 1 
1 0 0 0 0 1 
1 0 0 0 F 1 
1 1 0 0 0 1 
1 1 1 1 1 1 
R42 r11 L21 T5

Map6
1 1 1 1 1 1 
1 0 0 0 1 1 
S F F H 1 1 
1 0 0 0 0 1 
1 1 H 0 0 G 
1 1 1 1 1 1 
U23 PL31 PL43 T4

Map6
1 1 1 1 1 1 
S 0 0 0 # 1 
1 0 0 F 0 1 
G 0 1 0 0 1 
1 # 1 1 0 1 
1 1 1 1 1 1 
d11 PR21 PU13 T4

Map6
1 1 1 1 1 1 
S 0 0 F 1 1 
1 0 0 0 0 1 
1 0 0 # H 1 
1 F H 0 0 1 
1 1 1 G 1 1 
r42 PU21 PR13 T6

Map6
1 1 1 1 1 1 
1 H 0 # H 1 
1 0 0 1 0 1 
1 0 0 0 # 1 
1 0 0 F 0 1 
1 S 1 G 1 1 
PU24 PD33 P12 T3

Map6
1 S 1 1 1 1 
1 # 0 0 1 1 
1 F 0 0 0 1 
1 0 0 # F 1 
1 0 0 H 0 G 
1 1 1 1 1 1 
U24 PR21 PD14 T5

Map6
1 S 1 1 1 1 
1 0 F 0 H 1 
1 0 0 0 0 1 
1 0 0 0 0 1 
1 0 0 H 0 1 
1 1 G 1 1 1 
l11 p42 u33 T8

Map6
1 S 1 1 1 1 
1 0 0 1 0 1 
1 F 0 0 H 1 
1 0 0 0 # 1 
1 # 0 0 0 1 
1 1 G 1 1 1 
u32 p13 d44 T9

Map6
1 1 1 G 1 1 
1 1 0 0 0 1 
1 0 # H F 1 
1 0 1 0 H 1 
1 0 0 F 0 S 
1 1 1 1 1 1 
PR21 PD12 U41 T3

Map6
1 1 1 1 S 1 
1 0 0 0 0 1 
1 F 0 0 0 1 
G F 0 0 H 1 
1 0 0 0 0 1 
1 1 1 1 1 1 
PU41 PR11 p32 T4

Map6
1 1 1 1 1 1 
1 0 1 0 1 1 
1 0 0 # 0 1 
1 1 # 0 F 1 
1 0 H F 0 1 
1 G 1 S 1 1 
PD14 PL42 r33 T3

Map6
1 1 1 1 S 1 
1 H 0 0 F 1 
1 0 0 0 0 1 
G 0 1 H F 1 
1 0 1 1 0 1 
1 1 1 1 1 1 
PU42 PU14 L12 T2

Map6
1 1 1 1 1 1 
1 0 H 0 0 1 
1 F 0 1 0 G 
1 0 # 0 0 1 
1 0 0 1 0 1 
1 S 1 1 1 1 
PD22 PL13 l43 T7

Map6
1 1 1 G 1 1 
1 0 0 0 F 1 
1 0 0 F 0 S 
1 0 # 0 0 1 
1 0 0 0 0 1 
1 1 1 1 1 1 
r44 PD43 PR42 T4

Map6
1 1 1 1 1 1 
1 1 0 0 H 1 
G F 0 0 0 1 
1 0 0 # 0 1 
1 0 0 F 0 1 
1 S 1 1 1 1 
PU42 PU13 d23 T7

Map6
1 1 1 S 1 1 
1 H F 0 0 1 
1 1 0 0 0 G 
1 0 H F 0 1 
1 0 0 1 0 1 
1 1 1 1 1 1 
d22 PL32 PU43 T6

Map6
1 1 1 1 1 1 
1 0 0 0 F 1 
1 0 0 0 0 G 
1 F 0 0 0 1 
1 0 0 0 0 1 
1 1 1 1 S 1 
p23 r34 D43 T6

Map6
1 1 1 1 1 1 
S 0 1 0 F 1 
1 1 H 0 0 1 
1 1 0 F # 1 
1 0 0 0 0 1 
1 1 1 G 1 1 
PU44 PL11 R42 T5

Map6
1 1 1 1 1 1 
S F 0 0 H 1 
1 0 # # 0 1 
1 0 0 0 0 1 
1 1 0 0 F 1 
1 1 1 G 1 1 
P31 L24 u23 T5

Map6
1 1 1 1 1 1 
G 0 1 1 1 1 
1 H F 0 0 S 
1 0 0 0 0 1 
1 0 0 H F 1 
1 1 1 1 1 1 
PU43 PL11 D32 T2

Map6
1 1 S 1 1 1 
1 0 0 0 0 1 
G 0 H 0 0 1 
1 0 0 0 0 1 
1 0 0 0 0 1 
1 1 1 1 1 1 
PU21 PR31 P11 T5

Map6
1 1 1 1 S 1 
1 0 0 0 0 1 
1 0 0 0 F G 
1 H 0 # 0 1 
1 0 0 0 0 1 
1 1 1 1 1 1 
PL34 PU41 r22 T5

Map6
1 1 1 G 1 1 
S 0 0 # H 1 
1 0 0 0 F 1 
1 0 # 0 0 1 
1 0 0 1 0 1 
1 1 1 1 1 1 
L21 d43 u12 T7

Map6
1 1 1 1 1 1 
1 0 0 0 H 1 
1 # 0 0 # 1 
G 0 0 H 0 1 
1 0 0 0 0 1 
1 1 1 S 1 1 
L44 R22 u34 T4

Map6
1 1 1 1 S 1 
1 0 0 0 # 1 
G 0 0 1 0 1 
1 0 0 0 0 1 
1 F # 0 F 1 
1 1 1 1 1 1 
l22 p31 D42 T7

Map6
1 1 1 G 1 1 
1 0 0 F 1 1 
1 0 0 0 0 1 
S 0 F # H 1 
1 1 1 0 H 1 
1 1 1 1 1 1 
l22 PL13 PD11 T4

Map6
1 1 1 1 1 1 
1 0 0 H 0 G 
1 0 0 1 1 1 
S 0 0 0 H 1 
1 0 0 0 F 1 
1 1 1 1 1 1 
L23 PD11 PR41 T2

Map6
1 S 1 1 1 1 
1 0 0 0 H 1 
1 0 H 0 0 1 
1 1 0 0 F G 
1 # 0 0 0 1 
1 1 1 1 1 1 
p21 PL31 PU34 T5

Map6
1 1 1 1 1 1 
1 0 F 0 0 1 
1 0 0 H 0 1 
1 1 H 0 0 1 
G 0 1 0 0 1 
1 1 1 S 1 1 
PL14 PR33 R42 T4

Map6
1 1 1 1 1 1 
1 0 0 0 0 1 
1 H 0 # F G 
S # 0 H 0 1 
1 0 0 0 0 1 
1 1 1 1 1 1 
PD43 PU23 u44 T6

Map6
1 1 G 1 1 1 
1 F 0 0 0 1 
1 0 0 0 0 1 
1 0 0 0 F 1 
1 # 0 0 0 1 
1 S 1 1 1 1 
D12 l33 p24 T7

Map6
1 S 1 1 1 1 
1 # 0 0 0 1 
1 0 0 0 H 1 
G 0 0 0 0 1 
1 F 0 0 0 1 
1 1 1 1 1 1 
P12 u21 l32 T6

Map6
1 1 1 1 1 1 
1 0 0 H 0 1 
1 0 1 0 # 1 
G 0 1 0 0 1 
1 1 0 0 0 S 
1 1 1 1 1 1 
PD11 PU34 R41 T5

Map6
1 1 S 1 1 1 
1 0 0 0 0 1 
1 F 0 # 0 G 
1 1 H 0 F 1 
1 0 0 1 0 1 
1 1 1 1 1 1 
d21 L22 r33 T7

Map6
1 S 1 G 1 1 
1 0 0 0 0 1 
1 H 0 0 0 1 
1 # 0 0 F 1 
1 0 H F 0 1 
1 1 1 1 1 1 
PD21 PU11 P23 T5

Map6
1 1 1 1 1 1 
S 0 0 H 0 1 
1 0 # 0 0 G 
1 0 0 0 0 1 
1 0 0 F 1 1 
1 1 1 1 1 1 
D21 D23 u11 T5

Map6
1 1 1 1 1 1 
1 F 0 0 1 1 
1 0 0 0 H 1 
1 0 0 0 0 1 
S 0 0 0 F 1 
1 1 1 G 1 1 
PR12 PU24 r43 T6

Map6
1 1 1 1 G 1 
1 0 F 0 0 1 
1 H 1 1 1 1 
S 0 0 0 H 1 
1 0 0 0 0 1 
1 1 1 1 1 1 
l14 PU41 PD23 T5

Map6
1 1 1 1 1 1 
1 0 0 0 0 1 
G 0 0 H 0 1 
1 H # 0 0 1 
1 # 0 0 0 1 
1 1 1 1 S 1 
PL12 PL34 P11 T4

Map6
1 G 1 1 1 1 
1 # 0 1 0 1 
1 F 0 0 0 1 
1 0 0 1 0 1 
1 H # 0 0 1 
1 1 1 1 S 1 
D21 r43 u22 T6

Map6
1 1 S 1 1 1 
1 0 0 0 0 1 
1 0 H 0 0 G 
1 0 0 0 H 1 
1 0 0 0 0 1 
1 1 1 1 1 1 
R11 P41 l31 T4

Map6
1 S 1 1 1 1 
1 0 0 H 0 1 
1 0 0 0 0 1 
1 0 0 # H 1 
1 # 0 0 0 1 
1 1 G 1 1 1 
d22 p34 l11 T8

Map6
1 1 1 S 1 1 
1 0 0 0 0 1 
1 0 F 1 0 G 
1 0 1 0 F 1 
1 0 1 H 0 1 
1 1 1 1 1 1 
PU12 PU44 p41 T5

Map6
1 1 1 1 1 1 
1 H 0 F 0 S 
1 0 0 0 0 1 
1 0 0 0 H 1 
1 0 0 0 F 1 
1 1 1 G 1 1 
PU42 PR12 R21 T3

Map6
1 1 1 1 1 1 
1 0 H 0 0 S 
1 0 0 1 0 1 
1 0 0 0 1 1 
1 1 0 0 0 1 
1 1 G 1 1 1 
PL34 PU42 D31 T3

Map6
1 1 S 1 1 1 
1 0 0 0 0 1 
1 0 H 0 1 1 
1 0 H 0 # G 
1 0 1 0 1 1 
1 1 1 1 1 1 
R11 R41 L34 T3

Map6
1 G 1 1 1 1 
1 0 0 1 0 1 
1 0 1 0 0 1 
1 H 0 0 0 1 
1 1 # 0 0 1 
1 1 1 S 1 1 
D44 PL21 PR23 T5

Map6
1 1 G 1 1 1 
1 0 0 0 H 1 
1 0 1 0 0 1 
1 0 0 0 0 1 
1 H 0 1 0 S 
1 1 1 1 1 1 
r31 R42 d43 T8

Map6
1 1 1 1 1 1 
1 H 0 # 1 1 
1 0 0 F 0 1 
S 0 0 H 0 G 
1 F 0 0 0 1 
1 1 1 1 1 1 
PR21 PR44 U24 T4

Map6
1 1 S 1 1 1 
1 0 F # 0 G 
1 0 0 0 H 1 
1 0 0 0 # 1 
1 F H 0 0 1 
1 1 1 1 1 1 
PR23 PD11 p12 T6

Map6
1 1 1 1 1 1 
G 0 0 F 0 1 
1 0 0 0 1 1 
1 H 0 0 F S 
1 0 0 0 1 1 
1 1 1 1 1 1 
PD23 PL11 l14 T6

Map6
1 1 1 1 1 1 
1 0 0 0 0 1 
G F 0 0 0 1 
1 0 H 0 0 1 
S 0 0 F H 1 
1 1 1 1 1 1 
R41 PR33 PL14 T3

Map6
1 1 1 1 G 1 
1 0 0 # 0 1 
1 0 0 H 1 1 
S 0 H 0 0 1 
1 0 0 0 0 1 
1 1 1 1 1 1 
PR11 PR33 D12 T5

Map6
1 1 1 G 1 1 
S 0 0 F 0 1 
1 0 1 0 0 1 
1 0 0 0 # 1 
1 1 0 0 0 1 
1 1 1 1 1 1 
R21 r44 u32 T7

Map6
1 1 1 1 S 1 
1 0 H 0 0 1 
1 0 0 0 0 1 
1 0 0 0 # 1 
1 H 0 0 F 1 
1 1 1 G 1 1 
U11 PU42 PU13 T3

Map6
1 1 1 1 1 1 
1 H 0 0 F S 
1 0 0 0 0 1 
1 0 0 0 0 1 
1 F 0 0 0 1 
1 1 G 1 1 1 
PU21 PU12 u31 T5

Map6
1 1 1 G 1 1 
1 0 H 0 0 1 
1 F 1 0 0 1 
1 0 0 0 # 1 
1 0 0 0 F 1 
1 S 1 1 1 1 
l23 PU34 PL13 T6

Map6
1 1 1 1 1 1 
1 F 0 0 H 1 
S 0 0 0 H 1 
1 0 0 0 0 1 
1 0 0 0 F 1 
1 1 1 G 1 1 
p12 u23 P22 T6

Map6
1 S 1 1 1 1 
G 0 0 1 0 1 
1 F 1 F 0 1 
1 0 0 H # 1 
1 0 H 0 # 1 
1 1 1 1 1 1 
P14 PL21 PL23 T2

Map6
1 1 1 1 1 1 
1 0 0 0 0 1 
1 # 0 0 H 1 
1 0 H 0 # 1 
G 0 1 0 0 1 
1 1 1 1 S 1 
PR34 PL14 R33 T3

Map6
1 1 1 S 1 1 
1 1 0 0 0 1 
1 0 1 0 0 1 
1 F 0 0 0 1 
G 0 0 H 0 1 
1 1 1 1 1 1 
l43 PU32 PR23 T5

Map6
1 1 1 1 1 1 
1 0 F 0 0 S 
1 H 0 # 0 1 
G 0 H 0 0 1 
1 0 0 0 0 1 
1 1 1 1 1 1 
PL13 PD31 p44 T5

Map6
1 1 1 1 1 1 
1 H 0 0 0 1 
1 F 0 0 0 S 
G 0 0 H F 1 
1 # 0 # 0 1 
1 1 1 1 1 1 
p22 PD21 PU32 T6

Map6
1 1 S 1 1 1 
1 H F 0 # 1 
1 1 0 0 0 G 
1 0 H # 0 1 
1 0 0 0 0 1 
1 1 1 1 1 1 
R32 PU22 PU43 T1

Map6
1 1 S 1 1 1 
1 0 0 1 0 1 
1 1 0 0 F 1 
G 0 H H 0 1 
1 1 0 F 0 1 
1 1 1 1 1 1 
D22 PL13 PR11 T2

Map6
1 1 1 G 1 1 
1 1 0 0 F 1 
1 1 0 0 0 1 
S 0 F 1 # 1 
1 0 0 0 0 1 
1 1 1 1 1 1 
l22 P21 U24 T4

Map6
1 1 1 S 1 1 
1 F 0 0 0 1 
1 F 0 0 # 1 
1 0 0 # 0 1 
1 0 0 H 0 1 
1 1 G 1 1 1 
l13 P32 p44 T9

Map6
1 1 1 1 1 1 
1 0 F 0 0 S 
1 0 0 0 0 1 
1 H 0 # # 1 
G F 0 H 0 1 
1 1 1 1 1 1 
R31 l41 l12 T8

Map6
1 1 S 1 1 1 
1 0 0 1 0 1 
1 0 0 0 0 1 
1 0 H F 0 1 
1 1 0 1 0 1 
1 1 1 1 G 1 
PL22 PD41 L13 T4

Map6
1 1 S 1 1 1 
1 1 0 0 0 1 
1 F 0 F 0 1 
1 0 H 1 0 1 
1 0 0 0 1 1 
1 1 G 1 1 1 
PR22 PD24 p41 T5

Map6
1 1 G 1 1 1 
1 H 0 0 0 1 
1 0 # 0 0 1 
1 # 0 F 0 1 
1 0 H 0 0 1 
1 S 1 1 1 1 
p43 D12 l14 T6

Map6
1 1 1 1 1 1 
1 # 0 H # 1 
G 0 0 H 0 1 
1 0 F 0 0 S 
1 0 0 0 0 1 
1 1 1 1 1 1 
R21 PR33 PD14 T5

Map6
1 1 1 1 1 1 
1 0 1 0 0 1 
G 0 0 0 H 1 
1 0 0 0 0 1 
1 H 0 0 0 1 
1 1 1 1 S 1 
u31 U43 U24 T6

Map6
1 1 1 G 1 1 
1 0 H 0 0 S 
1 H F 0 0 1 
1 0 0 0 0 1 
1 0 0 1 0 1 
1 1 1 1 1 1 
PU31 PL24 u42 T6

Map6
1 1 1 1 G 1 
1 0 1 0 0 1 
1 # 0 0 H 1 
S 0 H 0 0 1 
1 0 0 F 0 1 
1 1 1 1 1 1 
U33 PD11 PL13 T4

Map6
1 1 1 1 1 1 
1 0 0 0 0 1 
1 1 H 0 F 1 
1 H 0 0 0 G 
1 0 F # 0 1 
1 1 1 1 S 1 
L21 PR23 PU32 T3

Map6
1 1 1 1 1 1 
1 0 H 0 F S 
1 0 0 0 1 1 
1 0 0 0 0 1 
1 1 0 0 0 1 
1 1 1 G 1 1 
D32 PU44 PR31 T2

Map6
1 1 1 1 1 1 
S 0 0 0 F 1 
1 H 0 0 0 1 
1 F 0 0 0 1 
1 1 # 0 # 1 
1 1 1 G 1 1 
L23 PU31 PL42 T4

Map6
1 1 1 G 1 1 
1 0 0 0 H 1 
1 F 0 0 0 1 
1 0 0 1 # S 
1 0 0 0 0 1 
1 1 1 1 1 1 
PL21 PL14 u22 T7

Map6
1 1 1 1 1 1 
1 H 1 0 0 1 
S 0 0 # H 1 
1 1 0 0 0 1 
1 0 0 0 0 1 
1 1 G 1 1 1 
p12 U33 r31 T4

Map6
1 1 1 1 S 1 
1 0 0 0 0 1 
1 0 1 0 0 1 
1 0 H 0 H 1 
1 0 0 F 0 1 
1 1 G 1 1 1 
L44 PU41 PR14 T2

Map6
1 S 1 1 1 1 
1 0 0 # 0 1 
1 0 0 0 F 1 
1 0 0 1 0 1 
1 H 0 F 0 1 
1 1 G 1 1 1 
l21 l32 R12 T6

Map6
1 1 1 1 1 1 
1 F 0 0 0 S 
1 0 0 0 0 1 
1 H 0 0 0 1 
1 # 0 0 1 1 
1 1 G 1 1 1 
U21 U12 L42 T3

Map6
1 S 1 1 1 1 
1 F 0 0 0 1 
1 0 1 # 0 1 
1 0 0 0 0 G 
1 # H 0 F 1 
1 1 1 1 1 1 
L34 PL42 PU12 T3

Map6
1 1 1 1 1 1 
S 0 0 H 0 1 
1 0 0 0 0 1 
1 0 0 0 0 1 
1 0 F 0 0 1 
1 1 G 1 1 1 
L21 p12 r43 T8

Map6
1 1 1 S 1 1 
1 0 0 0 1 1 
1 F 0 F 0 1 
1 # 0 0 0 1 
1 0 0 H 0 1 
1 1 G 1 1 1 
PD11 PD21 L43 T2

Map6
1 1 1 1 S 1 
1 0 0 0 0 1 
1 0 0 H 0 1 
1 F 0 0 F G 
1 0 0 0 0 1 
1 1 1 1 1 1 
PL11 PD42 P24 T4

Map6
1 1 1 G 1 1 
S 0 0 0 H 1 
1 F 0 0 0 1 
1 0 0 1 F 1 
1 0 1 0 H 1 
1 1 1 1 1 1 
L21 PL42 PD14 T6

Map6
1 1 1 1 1 1 
1 0 1 0 H 1 
1 0 0 0 # 1 
1 0 0 0 0 1 
S 0 0 F 1 1 
1 1 1 G 1 1 
PR12 PU43 L24 T4

Map6
1 1 1 1 S 1 
1 0 0 0 0 1 
G 0 0 0 0 1 
1 H 0 0 H 1 
1 # 0 0 0 1 
1 1 1 1 1 1 
P11 R42 p21 T5

Map6
1 1 1 1 1 1 
1 H F 0 0 1 
G F 0 0 1 1 
1 0 0 0 # 1 
1 0 0 0 0 1 
1 S 1 1 1 1 
d33 PU44 PL13 T5

Map6
1 1 S 1 G 1 
1 0 0 1 F 1 
1 0 0 0 0 1 
1 0 # 1 0 1 
1 0 H H F 1 
1 1 1 1 1 1 
p12 PD22 PR32 T7

Map6
1 S 1 1 1 1 
1 0 1 1 0 1 
1 0 F 0 0 1 
1 0 0 0 0 1 
1 H 0 0 F 1 
1 1 G 1 1 1 
D13 PD23 PL32 T2

Map6
1 1 G 1 1 1 
1 0 F 1 1 1 
1 1 0 H 0 1 
1 0 0 0 0 1 
1 F H 0 # S 
1 1 1 1 1 1 
U42 PL13 PL34 T4

Map6
1 1 G 1 1 1 
1 0 0 H 0 1 
1 0 # 0 H 1 
1 1 1 0 0 1 
1 0 1 0 F S 
1 1 1 1 1 1 
PL32 PL43 r33 T5

Map6
1 S 1 1 1 1 
1 0 0 1 0 1 
1 0 H 0 0 1 
1 0 # 0 0 1 
1 F 0 0 0 1 
1 1 1 G 1 1 
PL21 PR13 u43 T6

Map6
1 1 1 1 1 1 
1 H # 0 0 1 
1 0 0 0 0 1 
1 0 0 0 0 1 
1 F # 0 0 S 
1 1 G 1 1 1 
u32 PU41 PR34 T5

Map6
1 1 S 1 1 1 
1 0 0 0 H 1 
1 # 0 1 0 1 
1 0 1 0 0 1 
1 0 F F 0 1 
1 1 1 G 1 1 
PR11 PU44 R42 T5

Map6
1 1 1 1 G 1 
1 0 0 H 0 1 
1 F 0 1 0 1 
S 0 0 1 0 1 
1 0 H 0 0 1 
1 1 1 1 1 1 
PL23 PD42 u44 T4

Map6
1 1 1 1 1 1 
S 0 F 0 0 1 
1 0 0 0 H 1 
G 0 0 1 # 1 
1 H 0 0 0 1 
1 1 1 1 1 1 
PD41 PR24 p32 T6

Map6
1 1 G 1 1 1 
1 0 0 0 1 1 
1 1 # 1 0 1 
1 0 0 # 0 1 
1 H H 0 0 S 
1 1 1 1 1 1 
R34 l44 u13 T7

Map6
1 1 1 1 1 1 
1 F 1 0 0 1 
S 0 0 H 0 1 
1 1 # F 0 1 
1 0 # 0 0 1 
1 1 1 G 1 1 
PR14 PL12 D44 T2

Map6
1 1 1 1 1 1 
1 0 0 0 F 1 
1 0 0 0 0 1 
1 0 0 1 0 S 
1 0 0 F H 1 
1 1 G 1 1 1 
U11 PU32 PD42 T4

Map6
1 1 S 1 1 1 
1 0 0 0 0 1 
1 1 # 0 0 G 
1 0 H 0 0 1 
1 1 0 0 H 1 
1 1 1 1 1 1 
U43 L32 p41 T5

Map6
1 1 1 1 1 1 
1 0 0 0 H 1 
1 0 1 0 0 G 
1 0 0 0 0 1 
1 0 0 0 0 1 
1 1 1 1 S 1 
D43 L31 u44 T5

Map6
1 1 1 1 1 1 
S 0 0 0 H 1 
1 0 1 0 H 1 
1 0 1 F 0 G 
1 0 F 0 0 1 
1 1 1 1 1 1 
R21 PR43 PU12 T2

Map6
1 1 1 S 1 1 
1 1 F 0 0 1 
1 0 H 0 1 1 
1 1 0 # 0 1 
1 0 H F 0 G 
1 1 1 1 1 1 
PL43 PU32 r23 T5

Map6
1 1 1 1 1 1 
1 0 F 0 # 1 
G 0 0 0 1 1 
1 0 # 0 0 1 
1 1 0 F 0 1 
1 1 S 1 1 1 
D22 r13 d24 T5

Map6
1 1 1 1 1 1 
S 0 H 0 0 1 
1 0 0 0 0 1 
G 0 0 0 0 1 
1 0 H 0 0 1 
1 1 1 1 1 1 
u42 PR31 PL11 T4

Map6
1 1 1 1 1 1 
1 0 0 F H 1 
S # 0 H 0 G 
1 0 0 1 0 1 
1 0 1 0 0 1 
1 1 1 1 1 1 
R22 PR42 PU13 T2

Map6
1 1 1 1 1 1 
1 H 0 0 0 1 
1 0 0 F 0 1 
1 0 0 H 0 1 
1 0 0 0 0 1 
1 G 1 S 1 1 
PR21 PD34 r41 T5

Map6
1 1 1 1 1 1 
1 H F 0 F 1 
1 0 0 0 0 G 
1 0 0 # 0 1 
1 H 0 0 0 1 
1 1 S 1 1 1 
d23 L22 r31 T7

Map6
1 1 1 1 1 1 
S 0 0 0 0 1 
1 0 0 1 F 1 
1 0 0 0 H 1 
1 # 0 0 H 1 
1 1 1 G 1 1 
PD33 PR13 p22 T7

Map6
1 1 1 1 1 1 
S 0 1 1 F 1 
1 0 0 H 0 1 
1 F 0 # 0 1 
1 0 1 0 # 1 
1 1 1 G 1 1 
P23 PL43 PU12 T3

Map6
1 1 1 1 S 1 
1 H 0 # 0 1 
1 F F 0 0 1 
1 0 # 0 0 1 
1 0 0 0 H 1 
1 1 G 1 1 1 
U42 PD24 PR21 T2

Map6
1 1 S 1 1 1 
1 0 0 0 0 1 
1 1 0 F 1 1 
1 H # 0 0 G 
1 # F 0 H 1 
1 1 1 1 1 1 
PD22 PL34 p21 T5

Map6
1 1 1 S 1 1 
1 0 0 0 0 1 
1 0 0 0 H 1 
1 1 1 1 0 1 
1 0 0 0 0 1 
1 1 G 1 1 1 
PR12 PL34 D14 T3

Map6
1 1 S 1 1 1 
1 0 0 0 0 1 
1 0 H 0 0 1 
1 F # 0 0 1 
1 0 0 H 0 1 
1 G 1 1 1 1 
u42 D12 R11 T4

Map6
1 1 S 1 1 1 
G 0 0 0 H 1 
1 0 H # F 1 
1 0 0 # 1 1 
1 0 1 0 F 1 
1 1 1 1 1 1 
d34 PD31 PU21 T6

Map6
1 1 1 1 G 1 
1 # 0 1 0 1 
1 0 0 0 0 1 
1 0 H 0 0 1 
S 0 # F H 1 
1 1 1 1 1 1 
p13 PL21 PL14 T6

Map6
1 S 1 1 1 1 
1 0 0 0 H 1 
1 0 0 0 F 1 
G F 0 0 0 1 
1 # 0 # 0 1 
1 1 1 1 1 1 
P31 PD12 PR24 T4

Map6
1 1 G 1 1 1 
1 0 0 0 1 1 
1 0 0 H F 1 
1 0 0 0 0 1 
1 H 0 # 0 S 
1 1 1 1 1 1 
PL13 PD24 L43 T3

Map6
1 1 1 1 1 1 
1 F 0 0 F 1 
G 0 # 0 # 1 
1 H 0 0 0 1 
1 0 0 0 0 1 
1 1 1 1 S 1 
PR21 PR43 U14 T4

Map6
1 1 1 1 S 1 
1 F 0 0 0 1 
G 0 0 H F 1 
1 0 0 # 0 1 
1 0 H # 0 1 
1 1 1 1 1 1 
PD44 PU13 r23 T5

Map6
1 S 1 1 1 1 
1 0 0 1 0 1 
1 0 1 0 0 1 
G 0 0 0 1 1 
1 H 0 0 # 1 
1 1 1 1 1 1 
r32 PU11 PR24 T6

Map6
1 1 1 1 1 1 
1 0 0 0 0 S 
1 H 1 0 0 1 
G 0 0 1 0 1 
1 0 0 0 H 1 
1 1 1 1 1 1 
PD31 PL13 L43 T4

Map6
1 1 G 1 1 1 
1 0 0 0 F 1 
1 # 0 1 0 1 
1 H 0 0 0 1 
1 0 0 0 1 1 
1 S 1 1 1 1 
P31 PR11 PD14 T2

Map6
1 1 1 1 1 1 
1 0 0 0 # 1 
1 H 1 0 0 1 
1 0 H 1 0 G 
1 0 1 0 # 1 
1 S 1 1 1 1 
PU32 PD13 u42 T5

Map6
1 1 1 G 1 1 
S 0 # 0 F 1 
1 0 0 F 0 1 
1 H 0 0 0 1 
1 # 0 0 0 1 
1 1 1 1 1 1 
PD22 PL11 l24 T4

Map6
1 1 1 1 1 1 
G 0 1 F 0 1 
1 0 0 # H 1 
1 1 1 0 0 1 
1 0 0 0 0 1 
1 1 1 S 1 1 
R33 PL44 PU12 T3

Map6
1 1 1 1 1 1 
1 H 0 1 F 1 
1 0 0 0 0 1 
1 0 0 0 H 1 
1 0 0 1 0 1 
1 S 1 1 G 1 
PU13 PD44 p23 T6

Map6
1 G 1 1 1 1 
1 0 1 # 0 S 
1 0 0 1 0 1 
1 0 H # H 1 
1 0 0 0 1 1 
1 1 1 1 1 1 
PU42 PD11 U13 T3

Map6
1 1 G 1 1 1 
S 0 0 H # 1 
1 0 0 0 # 1 
1 0 F 0 F 1 
1 H 0 0 0 1 
1 1 1 1 1 1 
PR24 PU21 R13 T5

Map6
1 1 1 1 1 1 
S F 0 0 0 1 
1 1 0 0 # 1 
1 0 1 1 H 1 
1 0 0 0 0 1 
1 1 1 1 G 1 
PD44 PU32 u21 T3

Map6
1 1 1 G 1 1 
1 0 0 F 0 1 
1 0 0 0 0 1 
S 0 F 0 H 1 
1 0 0 1 H 1 
1 1 1 1 1 1 
U24 l22 R12 T3

Map6
1 1 1 S 1 1 
1 0 0 0 F 1 
1 0 F # 0 1 
1 H 0 H 0 G 
1 0 # 0 0 1 
1 1 1 1 1 1 
L42 PL21 PR43 T3

Map6
1 1 G 1 S 1 
1 0 0 H 0 1 
1 0 1 0 0 1 
1 0 0 # 0 1 
1 H 1 # 0 1 
1 1 1 1 1 1 
U23 PU21 PL44 T4

Map6
1 S 1 1 1 1 
1 0 H 0 0 1 
1 0 0 H 0 G 
1 1 0 0 0 1 
1 0 0 1 1 1 
1 1 1 1 1 1 
u12 PU43 PL22 T4

Map6
1 1 G 1 1 1 
1 H 0 F 0 1 
1 0 F # # 1 
1 0 1 0 0 1 
1 0 0 0 0 1 
1 1 1 S 1 1 
PU21 PR14 P33 T2

Map6
1 1 1 1 S 1 
1 0 0 0 0 1 
1 0 1 0 0 1 
1 1 0 F # 1 
1 # 0 0 F 1 
1 1 G 1 1 1 
D42 D23 d41 T5

Map6
1 1 G 1 1 1 
1 0 0 0 F 1 
S 0 H 0 0 1 
1 H 0 0 0 1 
1 0 0 0 0 1 
1 1 1 1 1 1 
u31 PR23 PL12 T6

Map6
1 1 1 1 1 1 
1 H H 0 F 1 
1 # 0 0 0 G 
1 0 # 0 1 1 
1 0 0 0 0 1 
1 S 1 1 1 1 
d33 u24 L13 T6

Map6
1 1 1 1 1 1 
1 0 0 0 0 1 
1 0 # 0 H 1 
1 0 1 H 0 1 
S 0 0 1 0 G 
1 1 1 1 1 1 
PR11 PR44 P32 T6

Map6
1 1 1 G 1 1 
1 0 0 0 0 1 
1 1 0 F 0 1 
1 0 0 0 F 1 
1 0 1 0 0 1 
1 S 1 1 1 1 
L21 u13 L33 T7

Map6
1 1 1 1 1 1 
S 0 0 0 H 1 
1 1 0 0 0 1 
1 0 0 H # 1 
1 0 1 F 0 1 
1 1 1 1 G 1 
l11 l21 L31 T5

Map6
1 1 1 1 1 1 
1 0 0 0 0 1 
1 0 0 0 0 1 
G F 0 0 0 1 
1 H 0 0 0 S 
1 1 1 1 1 1 
U24 p31 r22 T6

Map6
1 S 1 1 1 1 
1 0 0 0 0 1 
1 0 0 0 H 1 
G 0 0 0 0 1 
1 F H 0 0 1 
1 1 1 1 1 1 
R12 p32 d21 T6

Map6
1 1 S 1 1 1 
1 0 0 # F 1 
1 # H 0 0 1 
1 0 0 H 0 1 
1 0 0 0 F 1 
1 1 G 1 1 1 
PR14 PU21 L34 T2

Map6
1 1 1 1 1 1 
1 0 H 0 H 1 
G 0 0 0 0 1 
1 0 0 0 0 1 
1 F 0 0 0 1 
1 1 1 1 S 1 
D42 p13 p44 T5

Map6
1 1 1 1 1 1 
1 0 H 0 0 S 
1 0 0 0 0 1 
1 0 0 0 0 1 
1 0 0 H 0 1 
1 1 G 1 1 1 
PL31 PU12 L43 T4

Map6
1 1 1 G 1 1 
1 0 0 0 0 1 
1 0 F 1 0 1 
1 0 1 # F S 
1 0 H 0 1 1 
1 1 1 1 1 1 
PL41 PU34 P21 T3

Map6
1 1 1 1 1 1 
1 # 1 0 # 1 
1 0 0 0 H 1 
1 0 0 0 0 1 
1 H 0 0 0 S 
1 1 G 1 1 1 
PD24 PL43 R32 T3

Map6
1 1 1 1 1 1 
1 0 0 0 # 1 
1 H F 0 0 1 
1 0 0 0 0 G 
1 0 0 0 # 1 
1 S 1 1 1 1 
U13 u31 d24 T7

Map6
1 1 1 1 S 1 
1 0 0 H F 1 
1 0 0 0 0 1 
1 1 0 H 0 1 
1 # F 0 1 1 
1 G 1 1 1 1 
U12 L34 D43 T4

Map6
1 S 1 1 1 1 
1 F 1 0 0 1 
1 0 0 0 0 1 
1 H F 0 0 G 
1 0 # 0 H 1 
1 1 1 1 1 1 
d34 PU12 PL41 T5

Map6
1 1 1 1 1 1 
1 0 1 H 1 1 
1 0 H 0 1 1 
G 0 0 0 0 1 
1 0 F F 0 1 
1 1 S 1 1 1 
PD11 PD23 r12 T3

Map6
1 1 1 1 1 1 
S 0 0 H 1 1 
1 0 0 0 0 G 
1 0 0 0 H 1 
1 F 0 F 0 1 
1 1 1 1 1 1 
r12 D21 D13 T3

Map6
1 1 1 1 1 1 
1 0 0 0 H 1 
1 H 0 0 0 1 
1 # # 0 0 1 
1 0 F 0 0 1 
1 1 G 1 S 1 
PR11 PD42 U31 T2

Map6
1 1 1 1 1 1 
S 0 1 0 0 1 
1 0 0 H # 1 
G F F 0 0 1 
1 0 0 0 0 1 
1 1 1 1 1 1 
PU12 PD41 D44 T3

Map6
1 G 1 1 1 1 
1 0 0 0 0 1 
1 H 0 F 0 1 
1 0 0 # 1 1 
1 1 H 0 0 1 
1 1 1 1 S 1 
PD41 PD44 U23 T4

Map6
1 1 1 1 1 1 
1 0 0 0 0 1 
1 # F 0 # 1 
S 0 F H 0 1 
1 0 0 H 0 1 
1 1 G 1 1 1 
r11 L31 U14 T3

Map6
1 1 1 1 1 1 
1 0 0 0 1 1 
1 1 0 0 0 G 
1 0 1 # F 1 
1 0 0 # H 1 
1 S 1 1 1 1 
PL31 PL24 D11 T5

Map6
1 1 1 G 1 1 
1 F 0 # 0 1 
1 0 0 0 0 1 
1 0 H F 0 S 
1 0 0 H # 1 
1 1 1 1 1 1 
PR43 PD41 L22 T3

Map6
1 1 G 1 1 1 
1 0 0 H 0 1 
1 0 1 0 0 1 
S 0 0 0 H 1 
1 0 0 0 0 1 
1 1 1 1 1 1 
PU21 PR14 U33 T3

Map6
1 1 1 G 1 1 
S 0 0 0 F 1 
1 0 1 0 0 1 
1 0 0 0 0 1 
1 0 0 H 0 1 
1 1 1 1 1 1 
PL11 PD12 d23 T5

Map6
1 S 1 1 1 1 
1 0 0 # 0 1 
1 0 0 0 0 1 
1 0 0 0 F G 
1 F 0 0 0 1 
1 1 1 1 1 1 
L12 u11 l22 T6

Map6
1 1 G 1 1 1 
1 0 0 0 0 1 
1 0 0 H 0 S 
1 0 0 0 0 1 
1 0 H 0 0 1 
1 1 1 1 1 1 
PU31 PU44 D41 T5

Map6
1 1 1 1 1 1 
1 0 F 0 H 1 
1 1 # H 0 G 
1 0 0 0 0 1 
1 # 0 1 0 S 
1 1 1 1 1 1 
PU24 PR42 r33 T5

Map6
1 1 1 1 1 1 
G 0 0 H 0 1 
1 1 0 F 0 1 
1 1 0 # 0 1 
S 0 # H 1 1 
1 1 1 1 1 1 
PL14 PR23 r43 T6

Map6
1 1 G 1 1 1 
1 0 F 0 1 1 
1 # 0 0 # 1 
1 1 0 1 0 1 
1 0 0 0 F 1 
1 1 1 1 S 1 
l14 PL34 PD11 T6

Map6
1 1 1 1 S 1 
1 # 0 0 0 1 
G 0 1 0 0 1 
1 H H 0 0 1 
1 0 0 0 F 1 
1 1 1 1 1 1 
PD31 PL12 D43 T3

Map6
1 1 1 1 1 1 
1 0 1 0 0 1 
1 F 0 H 0 1 
1 0 # 1 0 1 
S 0 0 H 0 1 
1 1 1 1 G 1 
U24 PD11 PD41 T2

Map6
1 S 1 1 1 1 
1 0 # 0 0 1 
G F F # 0 1 
1 0 0 0 0 1 
1 0 0 0 0 1 
1 1 1 1 1 1 
u41 PU11 PR31 T4

Map6
1 1 1 1 1 1 
1 F 0 0 0 1 
1 0 0 0 0 1 
G F # 1 0 S 
1 0 0 H 0 1 
1 1 1 1 1 1 
PR41 PL12 r22 T6

Map6
1 G 1 1 1 1 
1 0 1 0 0 1 
1 0 0 0 0 1 
1 F H 1 0 1 
1 1 0 F 0 1 
1 1 S 1 1 1 
PD24 PR31 P43 T4

Map6
1 1 1 1 1 1 
1 0 0 0 1 1 
1 0 0 F 0 1 
S 0 F H 1 1 
1 0 0 0 0 1 
1 G 1 1 1 1 
PU12 PL13 L42 T6

Map6
1 1 1 1 G 1 
1 0 0 0 F 1 
1 H # 0 0 1 
1 0 0 0 0 1 
1 0 0 0 H 1 
1 S 1 1 1 1 
PL13 PU34 r23 T6

Map6
1 1 1 1 1 1 
1 0 0 1 0 1 
S F 0 0 H 1 
1 0 0 # 0 1 
1 # 0 0 H 1 
1 1 1 G 1 1 
l22 PL32 PR23 T3

Map6
1 1 1 1 1 1 
1 H H 0 0 1 
G 0 F 0 F 1 
1 0 0 1 0 1 
1 # 0 0 0 1 
1 S 1 1 1 1 
PR12 PD13 L32 T2

Map6
1 1 1 1 1 1 
1 F 0 0 0 1 
1 0 F 1 0 1 
1 0 1 0 0 1 
1 0 1 H 0 1 
1 S 1 1 G 1 
R21 PD12 PL41 T1

Map6
1 1 1 1 1 1 
1 0 1 H F 1 
1 1 0 # 0 G 
1 H 0 0 0 1 
1 0 F 1 0 S 
1 1 1 1 1 1 
PL42 PD43 R22 T3

Map6
1 1 S 1 1 1 
1 1 0 0 0 1 
1 0 0 # 0 1 
1 F H 1 0 1 
1 0 0 0 1 1 
1 1 G 1 1 1 
R12 PD41 PD24 T2

Map6
1 1 1 1 1 1 
1 0 H 1 0 1 
S 0 0 # F 1 
1 0 0 0 1 1 
1 H 0 0 0 1 
1 1 1 1 G 1 
PR24 PD11 D22 T3

Map6
1 1 1 1 S 1 
1 F 0 0 0 1 
1 0 1 F 1 1 
1 0 0 1 0 1 
1 0 0 0 0 1 
1 1 1 G 1 1 
PR21 PL44 l31 T4

Map6
1 1 G 1 1 1 
1 0 0 F F 1 
1 0 # 0 0 1 
1 0 H 0 0 1 
1 0 # 0 0 1 
1 1 1 1 S 1 
U34 L42 p12 T4

Map6
1 1 1 1 1 1 
1 0 H 0 0 S 
1 0 0 0 0 1 
1 H 0 0 F 1 
1 # 0 0 1 1 
1 1 1 G 1 1 
U31 PR12 PU42 T3

Map6
1 1 1 1 1 1 
1 H 0 0 H 1 
S F 0 1 0 1 
1 0 0 0 0 G 
1 0 F # 0 1 
1 1 1 1 1 1 
P42 PL22 PU44 T2

Map6
1 1 1 1 1 1 
1 0 0 0 F 1 
1 0 H 0 0 G 
1 0 # # 0 1 
1 0 0 0 0 1 
1 1 1 1 S 1 
D43 l31 D24 T6

Map6
1 1 1 1 S 1 
1 1 H 0 0 1 
1 0 0 0 0 1 
1 H 0 0 0 1 
1 F 1 0 F G 
1 1 1 1 1 1 
D31 U43 r41 T3

Map6
1 1 1 1 1 1 
1 0 1 1 0 1 
1 F 0 1 F S 
G # 0 0 0 1 
1 0 0 0 # 1 
1 1 1 1 1 1 
D41 U24 l33 T4

Map6
1 1 1 1 1 1 
1 0 F 0 F 1 
G 0 0 0 0 1 
1 H 0 0 0 1 
S 0 1 0 0 1 
1 1 1 1 1 1 
PL14 PR23 P31 T4

Map6
1 1 G 1 1 1 
1 0 0 # F 1 
1 1 H 0 1 1 
1 H 0 0 1 1 
1 # 0 0 0 1 
1 1 S 1 1 1 
R23 D11 u24 T7

Map6
1 1 1 S 1 1 
1 H 0 0 0 1 
G 0 0 1 F 1 
1 1 1 0 0 1 
1 0 # 0 # 1 
1 1 1 1 1 1 
l41 PU43 PR21 T5

Map6
1 S 1 1 1 1 
1 0 0 0 F 1 
1 0 0 1 0 1 
1 # 1 0 0 1 
1 F 0 # 0 G 
1 1 1 1 1 1 
L12 PD42 PL21 T3

Map6
1 S 1 1 1 1 
1 F 0 0 0 1 
1 0 0 F H 1 
1 # 0 # 0 1 
1 0 0 0 H 1 
1 1 G 1 1 1 
p23 p14 r12 T7

Map6
1 1 1 1 1 1 
1 0 F 0 0 1 
S F 1 # 0 1 
1 0 0 0 0 1 
1 0 0 0 H 1 
1 1 1 G 1 1 
R14 D11 r43 T5

Map6
1 1 G 1 1 1 
S 0 F 0 0 1 
1 0 0 0 0 1 
1 0 0 0 0 1 
1 # 0 H 0 1 
1 1 1 1 1 1 
PD41 PL11 p32 T5

Map6
1 1 1 G 1 1 
1 0 H 0 0 1 
1 F 0 0 0 1 
1 # 0 0 0 1 
1 # H 0 0 S 
1 1 1 1 1 1 
L34 u43 P42 T5

Map6
1 1 1 1 1 1 
G F 0 H 0 1 
1 0 0 0 0 1 
1 0 0 # 0 1 
1 # H 0 0 S 
1 1 1 1 1 1 
L21 PL41 PU34 T4

Map6
1 1 1 1 1 1 
1 0 0 0 1 1 
1 0 0 0 # 1 
1 F 0 H 0 G 
1 0 # 0 0 1 
1 1 1 S 1 1 
p23 u14 L44 T7

Map6
1 S 1 G 1 1 
1 0 0 0 0 1 
1 H H 0 0 1 
1 0 0 0 0 1 
1 0 0 F 0 1 
1 1 1 1 1 1 
D23 PD42 PU11 T4

Map6
1 1 1 G 1 1 
1 F # 0 0 1 
1 0 0 0 0 1 
1 0 H 0 0 S 
1 0 0 # 0 1 
1 1 1 1 1 1 
P41 PL22 PD33 T4

Map6
1 G 1 1 1 1 
1 0 0 F # 1 
1 H 0 F 0 S 
1 0 0 0 0 1 
1 0 0 0 1 1 
1 1 1 1 1 1 
PR42 PD13 P34 T5

Map6
1 1 1 S 1 1 
1 0 0 0 F 1 
1 H 0 0 0 1 
1 0 # F # 1 
1 0 0 H 0 G 
1 1 1 1 1 1 
U11 PR32 PL24 T6

Map6
1 1 G 1 1 1 
1 0 0 F 0 1 
1 F 0 0 H 1 
1 0 0 0 0 1 
1 H 0 0 0 1 
1 1 1 1 S 1 
u13 PD32 PD44 T6

Map6
1 1 1 1 G 1 
S 0 0 H 0 1 
1 0 0 0 0 1 
1 F 0 F 0 1 
1 1 0 H 1 1 
1 1 1 1 1 1 
D23 PD21 PU12 T4

Map6
1 1 G 1 1 1 
1 1 0 H 0 1 
1 F 0 0 0 1 
1 1 0 0 0 1 
S 0 F H 0 1 
1 1 1 1 1 1 
D44 PR32 PL14 T4

Map6
1 S 1 1 1 1 
1 0 0 0 0 1 
1 0 0 0 # 1 
1 # 0 0 0 1 
1 F 0 0 0 1 
1 1 G 1 1 1 
l41 R12 p32 T6

Map6
1 1 1 1 1 1 
1 F 0 0 H 1 
1 0 0 0 0 1 
1 0 0 0 H 1 
1 F 0 0 0 1 
1 S 1 G 1 1 
U42 PL23 PR12 T3

Map6
1 1 1 G 1 1 
1 0 F 0 F 1 
1 0 0 0 0 1 
1 0 0 0 0 1 
1 0 0 0 0 1 
1 1 1 1 S 1 
L42 r22 d13 T6

Map6
1 1 1 1 1 1 
1 0 0 H 0 1 
S # 0 F 1 1 
1 0 0 0 0 G 
1 H 0 0 F 1 
1 1 1 1 1 1 
PL21 PD22 u11 T5

Map6
1 1 1 1 1 1 
1 0 H 0 0 1 
S 0 # # H 1 
1 0 0 0 0 1 
1 0 0 0 0 1 
1 1 1 G 1 1 
P31 U33 P44 T5

Map6
1 1 1 1 1 1 
1 0 0 1 0 G 
1 0 0 0 # 1 
1 0 # H 0 1 
1 1 0 0 0 1 
1 1 1 S 1 1 
PL21 PD34 p11 T6

Map6
1 1 1 G 1 1 
1 0 H 0 0 1 
1 0 F 0 0 1 
1 1 0 0 0 1 
1 0 H 0 0 S 
1 1 1 1 1 1 
PD23 PL34 d44 T5

Map6
1 1 1 1 1 1 
1 F 0 0 1 1 
1 # 0 F 0 1 
1 0 # 1 0 G 
1 0 0 1 0 1 
1 S 1 1 1 1 
PR21 PL13 p42 T7

Map6
1 S 1 1 1 1 
1 0 0 0 0 1 
G 0 0 0 1 1 
1 # 0 0 0 1 
1 F # 0 H 1 
1 1 1 1 1 1 
l21 PD31 PL12 T6

Map6
1 1 S 1 1 1 
1 0 0 0 0 1 
1 # H H # 1 
G 0 0 1 0 1 
1 1 0 F 0 1 
1 1 1 1 1 1 
PR24 PL13 R11 T3

Map6
1 1 1 1 S 1 
1 # 0 0 F 1 
G 0 0 0 F 1 
1 0 0 H 0 1 
1 # 0 0 H 1 
1 1 1 1 1 1 
PD21 PU43 L32 T1

Map6
1 1 1 1 1 1 
1 F 0 0 # S 
1 0 0 H 0 1 
1 0 # 0 0 1 
1 0 F 0 0 1 
1 1 G 1 1 1 
D22 L31 P44 T3

Map6
1 1 1 1 1 1 
1 0 0 0 0 1 
1 0 0 0 H 1 
1 # 1 0 0 1 
1 0 # H 0 G 
1 S 1 1 1 1 
PU22 PD43 D31 T4

Map6
1 1 S 1 1 1 
1 # 0 0 H 1 
1 0 0 0 0 G 
1 0 # 0 0 1 
1 1 H F 0 1 
1 1 1 1 1 1 
PD43 PL22 l33 T7

Map6
1 1 1 1 1 1 
1 0 F H 0 1 
G 0 0 # 0 1 
1 # 0 0 0 1 
1 1 0 0 F 1 
1 1 1 S 1 1 
U41 PR33 PR24 T4

Map6
1 1 1 1 1 1 
1 0 0 F 0 1 
S 0 0 H 0 1 
1 0 0 0 0 1 
1 0 F 0 0 1 
1 1 G 1 1 1 
p13 PL12 PU14 T4

Map6
1 S 1 1 1 1 
1 0 0 0 0 1 
1 0 0 0 0 1 
G F 0 H # 1 
1 # 0 H 0 1 
1 1 1 1 1 1 
R24 PU11 PR12 T4

Map6
1 1 1 1 1 1 
1 F 0 0 0 S 
1 0 0 0 0 1 
1 0 # 0 0 1 
1 H 0 H 0 1 
1 1 G 1 1 1 
D21 p31 U33 T3

Map6
1 1 1 1 S 1 
1 0 1 0 F 1 
1 F 0 0 0 1 
1 0 1 0 0 1 
1 H 0 0 0 1 
1 1 G 1 1 1 
L44 PR24 PU42 T2

Map6
1 1 1 S 1 1 
1 0 0 # # 1 
1 0 0 0 0 1 
G F 0 H 0 1 
1 0 F 0 0 1 
1 1 1 1 1 1 
U32 PL23 PD11 T5

Map6
1 S 1 1 1 1 
1 0 0 0 F 1 
1 0 0 # 0 1 
G 0 0 H 0 1 
1 F 0 0 H 1 
1 1 1 1 1 1 
P31 PD12 PD24 T4

Map6
1 1 1 1 1 1 
1 0 0 0 0 1 
1 1 0 F H 1 
1 0 0 1 0 1 
1 0 0 0 F 1 
1 1 S 1 G 1 
R22 PD43 PU14 T3

Map6
1 1 1 1 1 1 
1 0 H 1 0 S 
1 1 # 0 0 1 
1 0 0 F H 1 
1 0 F 0 0 1 
1 1 1 G 1 1 
PU42 PL23 U44 T5

Map6
1 1 1 1 1 1 
S 0 1 # 0 1 
1 0 0 0 0 1 
1 H 1 0 0 1 
1 0 0 H 0 1 
1 1 1 1 G 1 
R22 PL11 PL41 T3

Map6
1 1 G 1 1 1 
1 H 0 0 # S 
1 0 0 F 0 1 
1 0 0 0 0 1 
1 # 0 0 0 1 
1 1 1 1 1 1 
P33 PR31 PR13 T2

Map6
1 1 1 1 1 1 
G 0 1 0 0 1 
1 1 0 0 0 1 
1 0 F 0 0 S 
1 0 H 0 0 1 
1 1 1 1 1 1 
PL11 PL41 U34 T2

Map6
1 1 1 1 G 1 
1 0 H F 0 1 
1 0 0 0 0 1 
1 0 0 0 1 1 
1 1 0 F 0 S 
1 1 1 1 1 1 
PU41 PL33 P22 T3

Map6
1 S 1 1 1 1 
1 0 0 # 0 1 
1 0 F 0 F 1 
1 H # 0 0 1 
1 0 0 1 0 1 
1 1 G 1 1 1 
PR14 PD41 R12 T6

Map6
1 1 1 1 1 1 
G 0 H F 0 1 
1 1 0 0 0 1 
1 0 # 0 0 1 
1 0 0 0 0 1 
1 1 S 1 1 1 
R22 PL11 PL33 T2

Map6
1 1 1 1 1 1 
1 F 1 0 1 1 
1 F 1 0 0 1 
S 0 H # 0 1 
1 0 0 # 0 1 
1 1 G 1 1 1 
PL13 PU43 P14 T5

Map6
1 1 S 1 1 1 
1 H 0 0 # 1 
1 0 0 0 H 1 
1 0 0 1 0 G 
1 F # 1 0 1 
1 1 1 1 1 1 
PR43 PD12 u22 T4

Map6
1 1 G 1 1 1 
1 F 0 0 0 1 
1 0 0 0 H 1 
S 0 1 0 0 1 
1 0 0 0 0 1 
1 1 1 1 1 1 
r13 PD31 PD12 T5

Map6
1 1 1 1 1 1 
1 0 H 0 0 S 
1 # 0 0 # 1 
G 0 0 1 0 1 
1 0 0 0 H 1 
1 1 1 1 1 1 
P31 l14 P43 T7

Map6
1 1 1 1 1 1 
1 F H 0 0 1 
G 0 0 0 1 1 
1 0 0 0 0 1 
1 0 1 0 H 1 
1 S 1 1 1 1 
D43 PU34 PL12 T3

Map6
1 1 1 1 1 1 
1 0 0 0 H 1 
1 0 # 1 0 1 
1 1 0 0 0 1 
G 0 F 1 0 1 
1 1 1 1 S 1 
PL31 PL14 R42 T4

Map6
1 1 1 1 1 1 
1 F 0 0 0 1 
1 F 0 0 0 G 
S 0 H 0 0 1 
1 0 0 0 0 1 
1 1 1 1 1 1 
PL41 PL13 D21 T5

Map6
1 1 1 1 1 1 
1 0 1 1 0 1 
1 0 H 0 0 1 
1 0 # 0 0 1 
S 0 0 # F 1 
1 1 1 G 1 1 
p43 l14 L24 T7

Map6
1 1 1 G 1 1 
S F 0 0 F 1 
1 0 0 0 0 1 
1 0 0 1 0 1 
1 1 0 0 0 1 
1 1 1 1 1 1 
P23 PR12 PU31 T3

Map6
1 1 G 1 1 1 
1 1 0 0 1 1 
1 0 0 0 # 1 
1 0 1 0 F 1 
1 F 0 0 H 1 
1 1 S 1 1 1 
PR12 PL34 u24 T4

Map6
1 1 G 1 1 1 
1 0 0 0 0 1 
1 H 1 0 0 1 
1 0 0 1 1 1 
1 # 0 H 0 1 
1 1 S 1 1 1 
D11 PL31 PR13 T3

Map6
1 1 1 1 1 1 
S 0 0 H 0 1 
1 0 # 0 0 1 
1 0 0 0 F 1 
1 H 0 0 0 1 
1 1 1 G 1 1 
PU21 PU13 r42 T6

Map6
1 1 1 S 1 1 
1 0 H 0 0 G 
1 0 0 H 0 1 
1 0 0 0 0 1 
1 0 1 0 0 1 
1 1 1 1 1 1 
L14 PU31 PL22 T5

Map6
1 1 1 1 1 1 
1 # 0 0 0 1 
1 1 0 0 # 1 
1 0 1 0 0 S 
1 0 0 1 F 1 
1 G 1 1 1 1 
PU22 PD13 u31 T5

Map6
1 1 1 1 1 1 
1 0 0 0 0 1 
1 0 1 0 # S 
G 0 1 0 0 1 
1 H 0 0 0 1 
1 1 1 1 1 1 
PU13 PR32 d11 T4

Map6
1 1 1 1 1 1 
1 F 0 0 0 S 
G 0 0 0 0 1 
1 H 0 0 F 1 
1 0 0 0 H 1 
1 1 1 1 1 1 
D21 d23 p34 T6

Map6
1 1 G 1 1 1 
1 0 0 0 0 1 
1 0 0 0 # 1 
1 H # F 0 S 
1 0 0 0 0 1 
1 1 1 1 1 1 
u22 PD41 PR43 T4

Map6
1 1 1 1 1 1 
1 H 0 0 0 1 
1 0 0 0 H 1 
G 0 0 1 0 1 
1 0 0 0 0 1 
1 1 1 1 S 1 
p34 l23 R43 T7

Map6
1 1 G 1 1 1 
1 0 F 0 0 1 
1 0 # 0 0 1 
1 0 H 0 0 1 
S # 0 0 H 1 
1 1 1 1 1 1 
D32 L11 R24 T4

Map6
1 1 1 G 1 1 
1 # H F 0 1 
1 F 0 0 H 1 
1 1 0 1 0 1 
S 0 0 0 1 1 
1 1 1 1 1 1 
PD22 PU32 D34 T2

Map6
1 S 1 1 1 1 
1 0 # 1 0 1 
1 1 0 # 0 1 
1 0 0 H 0 G 
1 0 0 H 0 1 
1 1 1 1 1 1 
PL23 PU44 U13 T6

Map6
1 1 1 1 1 1 
S 0 F 0 0 1 
1 0 0 0 H 1 
1 0 0 0 0 1 
1 0 F 0 H 1 
1 1 G 1 1 1 
PD41 PR33 u32 T5

Map6
1 1 G 1 1 1 
1 0 F H 0 1 
1 0 0 0 0 1 
1 0 0 0 0 1 
1 F 0 0 0 S 
1 1 1 1 1 1 
P12 L42 D24 T3

Map6
1 S 1 1 1 1 
1 0 1 # F G 
1 H # 0 0 1 
1 F 0 0 H 1 
1 0 0 0 0 1 
1 1 1 1 1 1 
u24 PU11 PD23 T5

Map6
1 1 1 1 1 1 
1 H 0 0 0 1 
G F 0 1 0 S 
1 # 0 0 # 1 
1 H 0 F 0 1 
1 1 1 1 1 1 
PU23 PD41 U21 T3

Map6
1 1 1 1 G 1 
1 0 0 0 0 1 
1 1 # 0 # 1 
1 0 H 0 0 1 
S 0 0 0 H 1 
1 1 1 1 1 1 
L24 PR11 PD13 T3

Map6
1 1 G 1 1 1 
1 0 F 0 0 1 
1 0 0 0 1 1 
1 0 1 0 # 1 
S 0 0 0 F 1 
1 1 1 1 1 1 
R32 L24 l13 T5

Map6
1 1 G 1 1 1 
1 0 0 0 H 1 
1 0 0 0 0 1 
1 H 0 0 0 1 
1 0 0 1 F 1 
1 1 1 1 S 1 
D23 L42 l12 T5

Map6
1 1 1 1 1 1 
1 # 0 H # 1 
G 0 1 0 F 1 
1 0 0 0 0 1 
1 0 0 0 0 1 
1 1 1 S 1 1 
P32 PU14 PL12 T3

Map6
1 1 1 1 1 1 
1 0 0 0 0 S 
G 0 1 0 0 1 
1 F 1 0 0 1 
1 1 0 0 F 1 
1 1 1 1 1 1 
PL12 PL43 p32 T7

Map6
1 1 1 1 S 1 
1 0 0 1 0 1 
1 1 0 0 # 1 
1 0 1 0 0 1 
1 0 0 0 F 1 
1 1 G 1 1 1 
PD22 PL43 p34 T6

Map6
1 1 S 1 1 1 
1 0 0 0 0 1 
G 0 0 1 # 1 
1 0 F 0 # 1 
1 F H 0 0 1 
1 1 1 1 1 1 
U22 r44 u11 T10

Map6
1 1 1 1 1 1 
1 0 0 0 0 1 
1 0 0 # H 1 
1 0 1 H 0 1 
S 0 0 0 F 1 
1 1 1 G 1 1 
PD34 PU22 p11 T6

Map6
1 1 1 1 1 1 
1 F 0 0 0 S 
1 F 0 0 0 1 
1 0 0 H 0 1 
1 H 0 0 0 1 
1 1 G 1 1 1 
P43 PD31 PD22 T4

Map6
1 S 1 1 1 1 
1 0 0 H 0 1 
1 0 0 F 0 1 
1 H 0 0 0 1 
G F 0 0 0 1 
1 1 1 1 1 1 
PL21 PL24 U12 T2

Map6
1 1 1 1 S 1 
1 0 0 0 F 1 
1 0 0 0 0 1 
G 0 0 # H 1 
1 0 0 # 1 1 
1 1 1 1 1 1 
PD11 PU42 P14 T2

Map6
1 1 1 G 1 1 
1 0 # 0 0 1 
1 1 H 0 0 1 
S 0 F # F 1 
1 0 0 0 0 1 
1 1 1 1 1 1 
PL13 PD41 L24 T3

Map6
1 1 S 1 1 1 
1 0 F H F 1 
1 0 0 0 0 1 
1 0 1 0 0 G 
1 0 0 0 H 1 
1 1 1 1 1 1 
r42 d13 d34 T11

Map6
1 1 G 1 S 1 
1 0 0 0 0 1 
1 0 1 0 H 1 
1 0 0 0 1 1 
1 0 0 H 0 1 
1 1 1 1 1 1 
PD11 PU41 p12 T6

Map6
1 1 1 G 1 1 
1 0 H 0 0 1 
1 0 # 0 F 1 
1 0 0 0 0 1 
S 0 0 F H 1 
1 1 1 1 1 1 
u23 p14 R24 T6

Map6
1 1 G 1 1 1 
1 H 0 0 0 S 
1 0 0 0 0 1 
1 F 1 0 0 1 
1 0 0 0 0 1 
1 1 1 1 1 1 
PD31 PL12 R43 T4

Map6
1 1 1 1 S 1 
1 0 0 0 0 1 
1 0 0 # 1 1 
1 1 0 H # 1 
G 0 1 0 F 1 
1 1 1 1 1 1 
PD11 PL14 R23 T5

Map6
1 1 1 1 1 1 
1 1 # 0 0 1 
1 0 1 H 0 1 
S 0 0 F 1 1 
1 0 0 H 0 G 
1 1 1 1 1 1 
L23 PD12 PR44 T2

Map6
1 1 1 1 1 1 
1 0 0 H 0 1 
G 0 0 H F 1 
1 0 0 0 0 1 
1 F 0 1 0 S 
1 1 1 1 1 1 
r23 PD41 PU24 T4

Map6
1 1 1 1 1 1 
1 0 0 # 0 1 
S 0 0 0 H 1 
1 0 0 0 0 1 
1 0 0 0 F 1 
1 1 1 1 G 1 
U22 U32 U34 T7

Map6
1 1 1 1 1 1 
1 1 0 0 0 S 
1 H H 0 1 1 
1 # 0 0 0 1 
1 1 0 F 0 1 
1 1 G 1 1 1 
PL44 PU32 r41 T4

Map6
1 1 1 1 1 1 
1 0 H 0 0 1 
1 0 0 0 0 S 
1 0 # 1 0 1 
1 0 # 0 F 1 
1 1 1 G 1 1 
PL41 PD34 L22 T3

Map6
1 1 1 1 1 1 
1 0 1 0 0 1 
1 0 0 H 0 G 
1 0 0 0 0 1 
1 H 0 0 F 1 
1 1 1 S 1 1 
PR33 PR24 d43 T5

Map6
1 1 1 1 1 1 
S 0 0 0 1 1 
1 H F 1 0 G 
1 0 0 H 0 1 
1 0 0 F 1 1 
1 1 1 1 1 1 
PR42 PR14 l11 T4

Map6
1 1 1 1 1 1 
1 # 1 0 0 1 
1 0 0 H 0 1 
S 0 H 0 0 1 
1 0 # 0 F 1 
1 1 G 1 1 1 
PD33 PL13 d34 T4

Map6
1 S 1 1 1 1 
1 0 0 0 0 1 
1 # 0 0 F G 
1 H 0 0 0 1 
1 # 0 0 0 1 
1 1 1 1 1 1 
U21 PU11 PL34 T4

Map6
1 1 1 1 1 1 
1 0 0 0 0 1 
G 0 F 0 0 1 
1 H 0 0 H 1 
1 0 0 0 0 1 
1 1 S 1 1 1 
U31 P23 P44 T4

Map6
1 1 G 1 1 1 
1 0 0 1 0 S 
1 0 0 0 F 1 
1 0 0 0 0 1 
1 H 0 0 F 1 
1 1 1 1 1 1 
PD21 PU43 U23 T2

Map6
1 1 1 1 1 1 
1 # 0 0 0 1 
1 1 H 0 0 S 
1 H 0 # 1 1 
1 0 0 0 0 1 
1 G 1 1 1 1 
L21 PD14 PU32 T4

Map6
1 1 1 1 1 1 
1 0 0 0 F 1 
1 0 H 0 0 G 
1 0 0 0 0 1 
1 F 0 # 0 1 
1 S 1 1 1 1 
PR31 PR43 U12 T4

Map6
1 1 1 1 1 1 
G 0 0 0 H 1 
1 1 H 1 0 1 
1 0 0 0 0 1 
1 0 0 0 0 1 
1 1 1 1 S 1 
R42 PL11 PU14 T3

Map6
1 1 1 1 S 1 
1 0 0 0 0 1 
1 0 0 0 1 1 
1 # 0 H 0 G 
1 0 1 0 0 1 
1 1 1 1 1 1 
PR43 PL23 P14 T4

Map6
1 S 1 G 1 1 
1 0 0 0 H 1 
1 1 0 0 0 1 
1 # # 0 0 1 
1 0 F 1 F 1 
1 1 1 1 1 1 
PL21 PR22 r11 T4

Map6
1 1 1 1 1 1 
1 0 0 F 0 1 
1 0 0 1 # S 
1 0 H 1 0 1 
1 F 0 0 1 1 
1 1 1 G 1 1 
PL22 PD34 P13 T5

Map6
1 1 1 S 1 1 
1 0 H 0 F 1 
1 F 0 0 0 1 
1 0 1 0 0 1 
G 0 1 # 0 1 
1 1 1 1 1 1 
PR22 PD11 l31 T4

Map6
1 1 1 1 1 1 
1 0 0 1 H 1 
1 1 0 0 0 1 
1 H 0 1 0 G 
1 0 # 0 0 1 
1 1 1 S 1 1 
d23 l14 l44 T9

Map6
1 1 G 1 1 1 
1 F # 0 0 1 
1 H 0 0 0 1 
1 0 0 0 0 1 
1 0 F 0 0 S 
1 1 1 1 1 1 
d33 PU42 PU34 T5

Map6
1 1 1 1 S 1 
1 0 0 F 0 1 
1 H 0 1 0 1 
G 0 # 1 H 1 
1 F # 0 1 1 
1 1 1 1 1 1 
PR42 PU11 p22 T5

Map6
1 1 G 1 1 1 
1 1 # 0 0 1 
1 0 0 F H 1 
1 0 0 # 0 1 
S 0 0 H 0 1 
1 1 1 1 1 1 
L12 PU24 PU44 T4

Map6
1 1 1 1 S 1 
1 0 0 F 0 1 
1 1 1 0 0 1 
G 0 0 1 H 1 
1 0 0 0 0 1 
1 1 1 1 1 1 
PR11 PL13 P42 T2

Map6
1 1 1 1 1 1 
1 0 H 0 0 S 
1 0 0 0 0 1 
1 1 0 0 0 1 
1 0 0 F F 1 
1 1 G 1 1 1 
PU33 PR31 U12 T3

Map6
1 1 S 1 1 1 
1 0 F 0 0 1 
G 0 0 0 0 1 
1 # H 0 0 1 
1 0 # 0 0 1 
1 1 1 1 1 1 
PU22 PD31 P11 T4

Map6
1 1 1 1 1 1 
1 0 0 H 0 1 
G 0 0 # 1 1 
1 0 1 0 0 1 
1 0 1 0 # S 
1 1 1 1 1 1 
d13 PR34 PU14 T3

Map6
1 S 1 1 1 1 
1 0 0 0 0 1 
1 0 # H 1 1 
1 0 1 H # 1 
1 1 0 0 0 1 
1 1 G 1 1 1 
L44 PL21 PR24 T4

Map6
1 1 1 1 1 1 
1 0 0 0 H 1 
1 0 F 0 H 1 
G 0 0 1 1 1 
1 0 1 0 0 1 
1 1 1 1 S 1 
R12 PR34 PU14 T3

Map6
1 1 1 1 1 1 
1 0 1 0 0 1 
S 0 0 0 H 1 
1 # 0 1 0 G 
1 0 0 H # 1 
1 1 1 1 1 1 
R22 PR43 PU14 T2

Map6
1 1 1 1 1 1 
1 0 1 0 0 1 
G # 1 0 0 S 
1 0 0 H 0 1 
1 1 0 H 0 1 
1 1 1 1 1 1 
PD11 PL41 d31 T5

Map6
1 1 1 1 1 1 
1 0 0 0 0 1 
1 0 0 # 0 1 
1 H 0 0 H 1 
G # 0 0 0 1 
1 1 1 1 S 1 
R31 PD44 PU12 T4

Map6
1 1 1 1 1 1 
1 1 0 0 0 1 
1 0 H 0 F G 
1 0 # 0 0 1 
S 0 0 0 # 1 
1 1 1 1 1 1 
L31 PU33 PD43 T3

Map6
1 S 1 1 1 1 
1 0 0 0 0 1 
1 0 0 1 0 1 
G 0 0 1 0 1 
1 H 0 0 0 1 
1 1 1 1 1 1 
U12 r22 d11 T6

Map6
1 1 1 1 1 1 
1 0 0 F 0 S 
1 # 0 0 0 1 
1 # 0 0 1 1 
1 H H 0 0 1 
1 1 1 G 1 1 
PU22 PL42 L11 T3

Map6
1 1 1 1 1 1 
G 0 0 H 0 1 
1 H 0 0 # 1 
1 # 1 0 0 1 
S 0 0 0 0 1 
1 1 1 1 1 1 
L41 PR22 PL11 T3

Map6
1 1 1 1 1 1 
1 F 0 H F 1 
1 0 H 0 0 1 
1 0 0 0 1 1 
1 0 0 1 0 1 
1 1 S 1 G 1 
PR14 PD44 L23 T2

Map6
1 1 1 1 1 1 
1 0 0 0 # S 
G 0 1 0 0 1 
1 F 0 0 H 1 
1 0 0 F 0 1 
1 1 1 1 1 1 
P21 R11 L44 T4

Map6
1 G 1 1 1 1 
1 0 0 H F 1 
1 H 0 0 0 S 
1 0 0 # 0 1 
1 # 0 0 0 1 
1 1 1 1 1 1 
L22 PD13 PL21 T5

Map6
1 1 1 1 1 1 
1 F 0 0 0 1 
1 0 0 F H 1 
1 0 0 0 0 1 
1 # 0 0 0 1 
1 1 G 1 S 1 
PL12 PU33 L43 T5

Map6
1 1 G 1 1 1 
1 0 0 1 0 1 
1 H 0 1 0 S 
1 F 0 # F 1 
1 # 0 0 1 1 
1 1 1 1 1 1 
d42 PD41 PL34 T4

Map6
1 1 G 1 1 1 
1 0 0 H 0 1 
1 0 0 H # 1 
1 0 0 0 F 1 
1 F 0 0 0 1 
1 1 1 S 1 1 
PR24 PL33 l34 T4

Map6
1 S 1 1 1 1 
1 0 0 H 0 1 
1 0 0 0 0 1 
1 0 0 0 0 G 
1 F 0 0 F 1 
1 1 1 1 1 1 
L13 d12 l24 T7

Map6
1 1 1 1 1 1 
S 0 H 1 F 1 
1 F 0 0 0 1 
1 0 0 0 1 1 
1 H 0 0 0 1 
1 1 1 G 1 1 
PL11 PL42 P22 T2

Map6
1 1 G 1 1 1 
1 0 F 0 0 S 
1 0 0 # 0 1 
1 0 0 0 0 1 
1 F 0 0 0 1 
1 1 1 1 1 1 
p42 P31 p33 T6

Map6
1 1 1 1 1 1 
1 0 0 1 0 1 
S 0 0 0 F 1 
1 # H 0 0 G 
1 0 0 # H 1 
1 1 1 1 1 1 
R22 PR33 PD11 T2

Map6
1 1 1 1 1 1 
1 0 # 0 F 1 
1 0 0 H 0 1 
1 0 0 0 0 1 
S 0 0 H # 1 
1 1 G 1 1 1 
u13 PL14 PU22 T6

Map6
1 S 1 1 1 1 
1 0 # 0 0 1 
1 1 0 H H 1 
1 1 1 F 0 1 
1 0 # 0 0 1 
1 1 G 1 1 1 
PL31 PD43 u34 T5

Map6
1 1 G 1 1 1 
1 1 0 1 0 1 
1 0 0 0 0 1 
1 0 0 H 0 S 
1 0 H 1 0 1 
1 1 1 1 1 1 
U44 PL41 PL12 T3

Map6
1 1 1 1 S 1 
1 F 0 # 0 1 
1 # 0 0 0 1 
1 0 H 1 H 1 
1 0 0 0 1 1 
1 G 1 1 1 1 
D42 R21 u41 T5

Map6
1 1 1 G 1 1 
1 0 H 0 0 1 
1 0 0 F # 1 
1 H 0 # 0 1 
1 0 0 F 0 S 
1 1 1 1 1 1 
p23 PD22 PL14 T5

Map6
1 1 G 1 1 1 
1 0 0 0 H 1 
1 0 1 0 0 1 
1 1 # 0 # 1 
1 1 0 0 0 1 
1 1 1 1 S 1 
P31 PR11 PD42 T2

Map6
1 1 1 1 1 1 
1 # 0 0 0 1 
1 0 H 0 0 S 
1 0 0 0 H 1 
1 F 0 F 1 1 
1 1 G 1 1 1 
PR13 PU12 U33 T4

Map6
1 1 1 1 1 1 
1 1 0 1 0 1 
S # 0 H 0 G 
1 # 0 0 0 1 
1 0 0 0 F 1 
1 1 1 1 1 1 
R41 P22 P14 T5

Map6
1 1 1 1 1 1 
1 H 0 H 0 1 
1 0 0 1 0 G 
1 1 0 0 1 1 
S 0 F 0 0 1 
1 1 1 1 1 1 
PD41 PD33 R44 T3

Map6
1 1 1 1 1 1 
S 0 1 0 1 1 
1 0 0 0 0 1 
1 0 0 0 H 1 
1 H 0 0 0 1 
1 1 1 G 1 1 
u11 U13 l22 T5

Map6
1 1 1 1 1 1 
1 H 0 H 0 1 
G 0 0 0 F 1 
1 0 0 0 0 1 
1 0 0 0 0 1 
1 1 1 1 S 1 
r23 PR43 PU14 T5

Map6
1 S 1 1 1 1 
1 # 0 H 0 1 
1 0 H 0 0 1 
1 0 0 1 # G 
1 1 F F 0 1 
1 1 1 1 1 1 
PU12 PU44 L42 T2

Map6
1 1 1 G 1 1 
1 0 H 0 0 1 
S 0 0 H 0 1 
1 0 0 0 1 1 
1 0 0 0 0 1 
1 1 1 1 1 1 
PU31 PD11 U22 T2

Map6
1 1 1 1 1 1 
1 0 H 0 0 1 
1 0 0 0 0 G 
1 0 0 1 0 1 
1 0 F F 0 1 
1 1 S 1 1 1 
PD31 PL22 u11 T7

Map6
1 S 1 1 1 1 
1 0 0 0 0 1 
1 # 0 0 H 1 
1 0 0 0 0 G 
1 H 0 0 # 1 
1 1 1 1 1 1 
d21 R13 u32 T7

Map6
1 S 1 1 1 1 
1 0 0 1 1 1 
1 0 0 0 H 1 
1 0 0 0 # 1 
1 F 1 # F G 
1 1 1 1 1 1 
P12 PD32 PL21 T3

Map6
1 S 1 1 1 1 
1 0 0 0 0 1 
1 0 0 0 0 1 
1 0 0 0 0 1 
1 F 0 0 # 1 
1 1 G 1 1 1 
l41 u32 R12 T6

Map6
1 1 1 1 S 1 
1 0 1 0 0 1 
1 # 0 0 1 1 
1 F 0 F 0 G 
1 H 0 0 H 1 
1 1 1 1 1 1 
p24 PU41 PL32 T6

Map6
1 1 1 1 1 1 
1 0 0 0 0 1 
1 1 0 # 0 1 
1 0 H H F 1 
1 0 0 0 F 1 
1 G 1 1 S 1 
r31 PU22 PD13 T4

Map6
1 1 1 1 1 1 
S 0 0 0 0 1 
1 0 0 1 1 1 
1 0 0 H 0 G 
1 H F 0 0 1 
1 1 1 1 1 1 
PD21 PR43 R13 T4

Map6
1 1 1 G 1 1 
1 F 0 # 0 1 
1 0 H 0 0 1 
1 0 0 H 0 1 
1 0 0 0 F 1 
1 1 1 S 1 1 
PD34 PL41 U32 T1

Map6
1 1 1 1 G 1 
1 1 0 0 0 1 
1 # 1 F 0 1 
1 0 0 0 H 1 
1 0 H # 0 1 
1 S 1 1 1 1 
PU41 PL23 r14 T3

Map6
1 1 S 1 G 1 
1 0 0 1 0 1 
1 1 0 # 1 1 
1 0 0 F 0 1 
1 # H 0 0 1 
1 1 1 1 1 1 
L22 PR11 PU41 T2

Map6
1 S 1 1 1 1 
1 # 0 # 0 1 
1 0 0 H 0 1 
1 F 0 0 0 1 
G F 0 H 0 1 
1 1 1 1 1 1 
PU42 PR12 d21 T4

Map6
1 1 1 S 1 1 
1 0 0 0 0 1 
1 # 0 0 1 1 
G 0 0 # 0 1 
1 H 0 H 1 1 
1 1 1 1 1 1 
R24 PR11 PR32 T4

Map6
1 1 1 1 1 1 
1 0 1 0 0 1 
1 0 0 0 0 S 
G # 0 1 0 1 
1 H # H 0 1 
1 1 1 1 1 1 
R12 d32 l22 T4

Map6
1 1 1 1 1 1 
1 F H 1 0 S 
1 0 0 # H 1 
G 0 # 0 0 1 
1 0 0 F 0 1 
1 1 1 1 1 1 
PR41 PU33 u12 T5

Map6
1 S 1 1 1 1 
1 0 0 0 0 1 
1 0 0 1 1 1 
1 H 0 0 0 G 
1 # 0 F F 1 
1 1 1 1 1 1 
d11 d24 L12 T7

Map6
1 1 1 G 1 1 
1 H 0 # 0 1 
S 0 0 H 0 1 
1 1 0 0 0 1 
1 0 0 0 0 1 
1 1 1 1 1 1 
U23 r21 r41 T4

Map6
1 1 G 1 1 1 
1 F 0 0 H 1 
1 0 0 0 0 1 
1 0 0 0 0 1 
1 0 H 0 0 1 
1 S 1 1 1 1 
D12 u14 R33 T3

Map6
1 1 1 G 1 1 
1 1 0 # H 1 
S 0 0 F 0 1 
1 0 0 # 0 1 
1 0 0 0 F 1 
1 1 1 1 1 1 
PD22 PD43 p12 T5

Map6
1 S 1 1 1 1 
1 0 0 0 0 G 
1 F 0 0 0 1 
1 0 1 1 1 1 
1 0 # 0 0 1 
1 1 1 1 1 1 
P22 PL42 PL34 T4

Map6
1 1 1 1 1 1 
1 0 # 0 0 1 
1 1 1 # 0 1 
1 0 0 0 0 1 
1 0 F 0 0 S 
1 1 G 1 1 1 
PU42 PL34 L13 T4

Map6
1 1 1 S 1 1 
1 0 H 0 0 1 
G 0 1 0 0 1 
1 # 0 0 0 1 
1 0 0 F F 1 
1 1 1 1 1 1 
PL42 PL33 p11 T6

Map6
1 1 1 1 1 1 
1 0 # 0 F 1 
G 0 0 0 H 1 
1 H 0 0 0 1 
1 0 0 F 0 1 
1 1 1 1 S 1 
PL43 PU14 r23 T5

Map6
1 1 1 1 G 1 
1 0 0 0 # 1 
1 H 1 1 0 1 
S 0 1 0 H 1 
1 0 0 0 0 1 
1 1 1 1 1 1 
D44 PD33 PU42 T4

Map6
1 1 1 1 1 1 
1 0 H 0 0 S 
1 # 0 0 # 1 
1 0 0 0 0 1 
1 0 0 0 H 1 
1 1 G 1 1 1 
U31 P43 r32 T5

Map6
1 1 1 G 1 1 
1 0 F F H 1 
1 1 0 # 0 1 
1 0 0 0 H 1 
1 0 # 0 0 S 
1 1 1 1 1 1 
PD13 PL42 U33 T2

Map6
1 1 1 1 S 1 
1 0 H 0 0 1 
1 0 0 0 1 1 
1 0 0 # 0 1 
1 0 0 0 F 1 
1 1 G 1 1 1 
PR31 PL32 L12 T3

Map6
1 1 S 1 1 1 
1 0 0 0 F 1 
1 0 0 1 0 1 
1 1 1 # 0 1 
1 0 # 0 0 1 
1 1 G 1 1 1 
PL31 PL34 D14 T4

Map6
1 1 1 1 1 1 
1 0 0 0 H 1 
1 0 0 F # G 
1 0 H 1 0 1 
1 1 0 0 # S 
1 1 1 1 1 1 
u11 PU13 PD43 T6

Map6
1 1 1 1 1 1 
1 0 0 0 1 1 
1 0 0 0 H 1 
G F 0 0 0 1 
1 0 F 0 0 1 
1 1 1 1 S 1 
R43 PR11 PR34 T4

Map6
1 1 1 1 1 1 
1 0 1 # H 1 
1 0 0 0 0 G 
1 0 0 0 0 1 
1 0 H 1 0 1 
1 1 1 1 S 1 
U11 PR42 PL22 T4

Map6
1 1 1 1 1 1 
G # 1 0 0 1 
1 0 0 0 1 1 
1 # 0 0 H 1 
1 H 0 0 0 1 
1 1 1 1 S 1 
PR22 PD44 R34 T5

Map6
1 1 1 1 1 1 
1 0 # 0 0 1 
G F 0 0 0 1 
1 0 F 0 0 1 
S 0 0 0 H 1 
1 1 1 1 1 1 
l22 L34 r14 T4

Map6
1 1 1 1 1 1 
1 0 0 # H 1 
1 F 0 0 0 G 
1 H 0 0 0 1 
1 0 0 0 # 1 
1 1 1 1 S 1 
PR21 PL43 r34 T5

Map6
1 1 1 S 1 1 
1 0 0 F 0 1 
1 0 # # 1 1 
1 0 0 F 0 1 
1 0 1 0 0 1 
1 G 1 1 1 1 
PD43 PR12 l44 T7

Map6
1 1 1 S 1 1 
1 F 0 0 H 1 
1 0 0 1 0 1 
G 0 0 F 0 1 
1 0 0 1 H 1 
1 1 1 1 1 1 
P14 PR21 PD12 T3

Map6
1 G 1 1 1 1 
1 0 # F H 1 
1 0 0 0 0 1 
1 F 0 0 0 1 
1 H 0 0 0 S 
1 1 1 1 1 1 
PU23 PU34 P42 T6

Map6
1 S 1 1 1 1 
1 0 1 H 0 1 
1 # 0 0 0 1 
1 F 0 0 0 1 
1 0 1 0 1 1 
1 1 1 G 1 1 
R42 r11 U14 T3

Map6
1 1 S 1 1 1 
1 0 0 0 0 1 
1 1 H 0 1 1 
1 0 0 0 H 1 
1 0 0 0 0 1 
1 1 G 1 1 1 
r41 U14 R11 T5

Map6
1 1 1 1 1 1 
1 0 0 0 F 1 
G 0 1 H 1 1 
1 H 0 0 0 S 
1 0 0 0 1 1 
1 1 1 1 1 1 
PD23 PL12 D14 T4

Map6
1 1 1 1 1 1 
1 F 0 0 0 1 
G # 0 F H 1 
1 0 0 0 0 1 
1 0 0 0 0 1 
1 1 1 S 1 1 
u34 R21 D33 T5

Map6
1 1 1 1 1 1 
1 H 0 0 0 S 
1 0 0 0 0 1 
1 0 0 0 0 1 
1 0 0 # 0 1 
1 1 G 1 1 1 
R21 r32 R43 T5

Map6
1 1 1 1 1 1 
1 0 0 0 0 1 
1 F 0 1 0 S 
1 0 0 0 H 1 
1 0 H 0 # 1 
1 1 1 1 G 1 
PL23 PD33 L14 T7

Map6
1 1 1 1 1 1 
S 0 0 0 F 1 
1 1 0 0 # G 
1 F 0 0 0 1 
1 0 0 1 # 1 
1 1 1 1 1 1 
d11 l21 L31 T4

Map6
1 S 1 G 1 1 
1 0 0 F 1 1 
1 0 0 0 # 1 
1 0 1 H 1 1 
1 0 0 0 0 1 
1 1 1 1 1 1 
PR22 PL24 r14 T4

Map6
1 1 1 1 1 1 
1 F 0 0 0 S 
1 0 0 0 0 1 
1 0 0 0 # 1 
1 F 0 # 0 1 
1 1 G 1 1 1 
R21 L44 U13 T4

Map6
1 1 G 1 1 1 
1 H 0 H 0 1 
1 0 1 0 F 1 
1 0 # 0 # 1 
S 0 0 0 0 1 
1 1 1 1 1 1 
PU21 PU44 r34 T6

Map6
1 1 1 1 1 1 
1 0 H # 0 1 
1 0 0 F 0 1 
1 F 0 0 0 S 
1 H 0 0 0 1 
1 1 G 1 1 1 
PL12 PL33 r43 T5

Map6
1 1 1 1 1 1 
1 0 # 0 0 1 
G F 0 H 0 1 
1 0 # 0 0 1 
1 0 0 0 F 1 
1 S 1 1 1 1 
l22 P13 P34 T5

Map6
1 1 1 S 1 1 
1 0 1 0 0 1 
1 0 F 0 0 1 
1 1 0 # 0 1 
1 0 F H H 1 
1 G 1 1 1 1 
PL41 PD14 P32 T2

Map6
1 1 S 1 1 1 
1 0 0 0 # 1 
1 0 0 0 H 1 
1 0 1 0 0 G 
1 1 0 0 1 1 
1 1 1 1 1 1 
L22 P34 d21 T5

Map6
1 1 1 1 G 1 
1 0 F H 0 1 
1 0 0 1 0 1 
1 0 0 0 1 1 
1 0 0 0 F 1 
1 1 S 1 1 1 
r13 PL22 PU41 T5

Map6
1 1 1 1 1 1 
1 F F 0 0 1 
G 0 0 # 0 1 
1 0 1 0 # 1 
1 0 0 1 1 1 
1 S 1 1 1 1 
P13 PL24 PR31 T6

Map6
1 1 1 1 1 1 
1 0 H # 0 1 
G 0 0 0 0 1 
1 1 0 0 H 1 
1 0 0 0 0 1 
1 1 S 1 1 1 
D23 u24 l33 T6

Map6
1 1 1 1 1 1 
1 0 H 1 0 S 
1 0 # 0 # 1 
1 0 H 0 0 1 
1 0 0 F 0 1 
1 1 G 1 1 1 
d14 R11 p41 T10

Map6
1 1 1 1 1 1 
S 0 0 0 0 1 
1 1 H 0 1 1 
1 0 0 1 0 1 
1 0 0 0 F 1 
1 1 1 1 G 1 
PU32 PD43 p21 T3

Map6
1 1 1 1 1 1 
1 F 0 0 0 1 
1 # 0 H 0 1 
1 0 0 0 0 1 
1 0 1 0 H 1 
1 S 1 G 1 1 
R43 p14 L22 T4

Map6
1 1 1 1 1 1 
1 0 0 1 # S 
1 H 0 F 0 1 
1 0 0 0 1 1 
1 0 0 0 0 1 
1 1 1 G 1 1 
PU42 PL23 d24 T6

Map6
1 1 S 1 1 1 
1 0 0 1 0 1 
1 0 0 0 0 G 
1 # F 0 0 1 
1 0 H 0 0 1 
1 1 1 1 1 1 
D14 PR22 PD41 T5

Map6
1 1 1 1 1 1 
1 0 F 0 0 1 
1 H 0 0 0 S 
1 0 0 0 1 1 
1 0 0 0 F 1 
1 1 G 1 1 1 
r42 p34 R22 T5

Map6
1 1 1 1 1 1 
1 1 0 0 0 1 
S 0 0 H 0 G 
1 0 0 0 0 1 
1 # 0 # 1 1 
1 1 1 1 1 1 
L43 PU22 PD33 T7

Map6
1 1 1 S 1 1 
1 0 0 0 0 1 
G 0 0 H 0 1 
1 0 0 0 0 1 
1 F 0 1 0 1 
1 1 1 1 1 1 
R21 r42 U24 T5

Map6
1 G 1 1 1 1 
1 # F 0 1 1 
1 0 0 0 F 1 
1 1 # 1 H 1 
1 0 0 0 0 S 
1 1 1 1 1 1 
PU12 PD22 u34 T3

Map6
1 1 1 1 1 1 
1 0 0 0 H 1 
1 1 0 0 0 1 
1 0 1 0 0 1 
1 0 H F 0 1 
1 G 1 S 1 1 
PU22 PD13 u31 T4

Map6
1 1 G 1 1 1 
1 0 0 H 0 1 
S # 1 0 0 1 
1 0 H F 0 1 
1 0 0 0 0 1 
1 1 1 1 1 1 
p43 PR32 PU21 T6

Map6
1 1 G 1 1 1 
1 0 0 H 0 1 
1 1 0 1 F 1 
1 H 0 0 0 1 
S 0 0 # 0 1 
1 1 1 1 1 1 
P44 PU21 PR23 T3

Map6
1 1 G 1 1 1 
1 0 F 0 0 S 
1 0 0 0 0 1 
1 0 H 0 0 1 
1 0 0 0 0 1 
1 1 1 1 1 1 
PD31 PL12 R43 T4

Map6
1 1 1 1 1 1 
1 0 1 F 0 S 
G 0 1 F 0 1 
1 0 1 0 0 1 
1 0 0 # 0 1 
1 1 1 1 1 1 
PR41 PR33 r13 T6

Map6
1 1 1 1 1 1 
1 0 0 0 0 1 
1 H 0 0 0 1 
1 # 1 0 # 1 
1 0 0 F F 1 
1 1 S 1 G 1 
R11 PR14 PL31 T3

Map6
1 1 1 G 1 1 
S F 0 0 H 1 
1 1 0 # 0 1 
1 # 0 0 0 1 
1 H 0 0 0 1 
1 1 1 1 1 1 
PL21 PD22 l24 T4

Map6
1 1 1 S 1 1 
1 F 1 0 0 1 
1 0 0 0 1 1 
1 0 0 F 0 1 
1 0 1 0 0 1 
1 G 1 1 1 1 
PR12 PL44 d32 T5

Map6
1 S 1 1 1 1 
1 # 0 0 H 1 
1 0 0 0 0 1 
1 F 1 0 0 1 
1 1 0 0 0 1 
1 1 1 G 1 1 
U31 PD12 PD42 T5

Map6
1 1 1 G 1 1 
1 0 0 0 0 1 
1 H 0 0 0 1 
1 0 0 H 0 S 
1 0 0 0 0 1 
1 1 1 1 1 1 
D42 d21 P14 T6

Map6
1 1 1 1 1 1 
1 F 0 H H 1 
G 0 0 0 0 1 
1 # 0 0 0 1 
1 0 0 F # 1 
1 1 1 1 S 1 
d33 p21 R42 T7

Map6
1 1 1 1 1 1 
1 0 H 0 0 1 
1 F 0 0 0 S 
G 0 0 1 F 1 
1 1 H 0 0 1 
1 1 1 1 1 1 
L22 PD31 PL13 T2

Map6
1 1 G 1 1 1 
1 F 0 0 0 1 
1 0 0 0 0 1 
1 0 0 0 0 1 
S 0 1 0 0 1 
1 1 1 1 1 1 
u13 D12 l14 T5

Map6
1 1 1 1 1 1 
1 H 0 0 0 1 
1 0 0 F 0 1 
S 0 1 F 0 1 
1 0 0 0 H 1 
1 1 1 G 1 1 
L21 PL41 PL13 T2

Map6
1 1 G 1 1 1 
1 0 0 # 0 1 
S 0 H 0 0 1 
1 0 F 0 0 1 
1 0 1 # 0 1 
1 1 1 1 1 1 
PD41 PL12 p11 T7

Map6
1 1 1 1 1 1 
1 0 0 0 0 1 
S 0 0 0 H 1 
1 0 1 0 0 1 
1 0 F 0 F 1 
1 1 1 1 G 1 
L22 R41 p32 T7

Map6
1 1 1 S 1 1 
1 0 0 # 0 1 
1 # 0 0 1 1 
G 0 0 H H 1 
1 F 0 0 F 1 
1 1 1 1 1 1 
r22 PR32 PU11 T5

Map6
1 1 1 1 1 1 
S 0 0 0 0 1 
1 F H 0 1 1 
1 0 0 0 1 1 
1 H 0 0 F 1 
1 1 G 1 1 1 
R41 P13 P34 T4

Map6
1 1 1 1 1 1 
1 0 0 0 H 1 
1 H 0 0 0 1 
1 0 0 F 0 G 
1 1 0 0 0 1 
1 1 1 S 1 1 
d31 r32 d44 T8

Map6
1 1 1 1 1 1 
1 0 F 0 0 1 
1 # 0 0 0 1 
1 0 0 H 0 1 
S 0 0 H 0 1 
1 1 G 1 1 1 
r11 PR32 PL14 T7

Map6
1 1 1 G 1 1 
1 0 0 # 1 1 
1 H 0 1 F 1 
1 0 0 H 0 1 
1 F # 0 0 S 
1 1 1 1 1 1 
PD43 PU22 L34 T4

Map6
1 1 S 1 1 1 
1 F 0 0 0 1 
1 0 0 0 0 1 
G 0 H 0 H 1 
1 1 F 1 0 1 
1 1 1 1 1 1 
PL22 PD41 r31 T8

Map6
1 1 1 1 1 1 
1 0 F 0 0 1 
1 0 0 0 H 1 
1 0 0 0 0 1 
1 F 0 0 0 S 
1 1 G 1 1 1 
PR44 PU34 u13 T6

Map6
1 1 1 1 1 1 
1 0 0 0 0 1 
1 0 0 1 1 1 
S 0 1 0 0 1 
1 H 0 H 0 1 
1 1 1 1 G 1 
R31 PR33 PU22 T5

Map6
1 1 1 1 1 1 
1 # F 1 0 S 
1 0 1 0 0 1 
1 0 0 0 0 1 
G 0 1 0 F 1 
1 1 1 1 1 1 
U43 u41 l32 T8

Map6
1 1 1 1 1 1 
1 1 H # 0 G 
1 0 0 0 0 1 
1 1 0 1 0 1 
S 0 0 0 H 1 
1 1 1 1 1 1 
U34 PU32 PD22 T3

Map6
1 S 1 1 1 1 
1 0 0 H 0 1 
G 0 0 # 0 1 
1 F 0 0 0 1 
1 1 F 0 0 1 
1 1 1 1 1 1 
PR23 PU11 U41 T3

Map6
1 S 1 1 1 1 
1 F 0 0 0 1 
1 0 0 0 0 1 
1 H 0 0 0 G 
1 0 0 # F 1 
1 1 1 1 1 1 
PL32 PU12 P24 T3

Map6
1 S 1 G 1 1 
1 0 0 0 F 1 
1 0 1 0 # 1 
1 0 0 0 # 1 
1 H 0 0 0 1 
1 1 1 1 1 1 
D12 PL21 PU31 T2

Map6
1 1 1 1 1 1 
1 0 0 H 0 1 
S 0 0 # F 1 
1 0 0 0 H 1 
1 0 F 0 # 1 
1 1 G 1 1 1 
PR22 PR14 U33 T4

Map6
1 1 1 1 1 1 
1 0 1 0 H 1 
1 0 0 0 H 1 
G 0 0 F 0 1 
1 F 0 0 0 S 
1 1 1 1 1 1 
PD31 PU24 u32 T4

Map6
1 1 G 1 1 1 
1 H 0 0 H 1 
1 0 0 0 0 1 
1 # 0 0 0 1 
1 0 F 0 0 1 
1 1 1 1 S 1 
L12 PL42 PR23 T3

Map6
1 1 1 S 1 1 
1 0 0 # # 1 
1 0 0 0 1 1 
1 H 0 0 0 G 
1 0 F H 0 1 
1 1 1 1 1 1 
PU44 PD11 L33 T4

Map6
1 1 1 1 1 1 
1 0 H 0 0 S 
1 H 0 0 0 1 
1 0 0 0 # 1 
1 0 F 0 0 1 
1 1 G 1 1 1 
l42 P31 d23 T6

Map6
1 S 1 1 1 1 
1 F 0 # 0 1 
1 0 0 H 1 1 
1 0 0 0 H 1 
1 0 1 0 0 1 
1 1 1 1 G 1 
PL23 PR34 l12 T4

Map6
1 1 1 G 1 1 
1 0 0 0 H 1 
1 0 1 0 0 1 
1 0 0 0 0 1 
S 0 0 H 0 1 
1 1 1 1 1 1 
R12 u23 D24 T5

Map6
1 S 1 1 1 1 
1 0 0 0 0 1 
1 0 0 0 1 1 
1 H 1 # 0 1 
1 0 0 0 0 1 
1 1 G 1 1 1 
PR41 PR12 d34 T6

Map6
1 1 1 1 1 1 
1 0 H 1 0 1 
1 0 0 F 0 G 
1 H 0 0 1 1 
S # 0 0 0 1 
1 1 1 1 1 1 
PD22 PR42 P34 T2

Map6
1 1 1 1 1 1 
1 0 F 0 0 1 
1 1 0 F 0 S 
G 0 H 0 0 1 
1 1 0 # 0 1 
1 1 1 1 1 1 
PU43 PL13 U33 T3

Map6
1 1 1 1 1 1 
1 0 0 # H 1 
1 0 0 F 0 1 
1 0 # 0 1 1 
1 0 1 1 0 G 
1 S 1 1 1 1 
r14 PR11 PR44 T5

Map6
1 G 1 1 1 1 
1 0 0 0 0 1 
1 H 0 0 H 1 
1 0 0 0 0 1 
1 0 # F 0 1 
1 S 1 1 1 1 
PL21 PL44 L13 T3

Map6
1 1 1 1 1 1 
1 H 0 0 0 1 
1 0 # 0 0 1 
1 0 H 0 F G 
1 0 0 0 0 1 
1 1 S 1 1 1 
PL44 PD24 P32 T3

Map6
1 1 1 1 1 1 
1 0 0 0 H 1 
1 0 0 # 0 1 
S 0 0 F 0 1 
1 0 0 # H 1 
1 1 1 G 1 1 
R11 p22 D23 T5

Map6
1 1 1 G 1 1 
1 0 0 F 0 1 
1 0 # 0 0 1 
1 0 0 H 0 1 
S 0 0 # H 1 
1 1 1 1 1 1 
D42 PD11 PL14 T4

Map6
1 1 1 1 1 1 
1 0 0 0 F 1 
1 0 0 0 0 1 
S 0 0 H 1 1 
1 0 1 0 0 1 
1 1 1 1 G 1 
PD11 PR34 L23 T3

Map6
1 1 1 1 S 1 
1 # 0 0 0 1 
1 0 0 1 0 1 
1 H # 0 H 1 
1 0 0 0 0 1 
1 1 1 G 1 1 
L42 r31 P44 T6

Map6
1 1 S 1 1 1 
1 0 0 0 0 1 
G 0 1 0 0 1 
1 F 0 1 F 1 
1 0 1 0 0 1 
1 1 1 1 1 1 
P11 PU14 PD41 T6

Map6
1 1 1 1 1 1 
1 0 0 1 0 S 
G 0 1 0 0 1 
1 H 0 # 0 1 
1 0 F 0 0 1 
1 1 1 1 1 1 
R43 PL12 PL44 T5

Map6
1 1 1 1 1 1 
1 H 0 0 0 1 
G # 0 0 0 1 
1 0 0 H 0 1 
1 0 0 # 0 1 
1 S 1 1 1 1 
U41 U13 l22 T4

Map6
1 1 1 1 1 1 
1 0 1 0 1 1 
1 0 H 0 0 1 
1 0 0 0 F 1 
1 0 H # 0 1 
1 S 1 1 G 1 
PL23 PD42 p14 T3

Map6
1 1 1 S 1 1 
1 0 0 0 1 1 
1 0 1 F 0 G 
1 0 0 0 F 1 
1 0 0 H 0 1 
1 1 1 1 1 1 
U33 PR42 PL24 T4

Map6
1 S 1 1 1 1 
1 # 0 0 F 1 
1 0 0 0 1 1 
1 H 0 0 0 1 
1 0 0 1 0 G 
1 1 1 1 1 1 
r22 PR31 PD12 T7

Map6
1 1 S 1 G 1 
1 H 0 0 F 1 
1 # H 0 0 1 
1 0 1 0 0 1 
1 0 0 # 0 1 
1 1 1 1 1 1 
PL43 PU21 u31 T6

Map6
1 1 1 1 1 1 
1 H 0 0 F S 
1 0 1 1 H 1 
1 0 0 0 0 1 
1 0 0 0 # 1 
1 1 1 G 1 1 
PL43 PR21 u31 T3

Map6
1 1 1 1 1 1 
1 1 H 0 0 S 
1 0 0 0 0 1 
1 1 0 H 0 1 
1 F 0 0 F 1 
1 1 G 1 1 1 
D12 PL43 PU31 T4

Map6
1 1 1 1 S 1 
1 F 0 0 0 1 
1 0 F 0 0 1 
G 0 0 0 H 1 
1 # 0 0 0 1 
1 1 1 1 1 1 
P21 R42 R34 T4

Map6
1 1 1 1 1 1 
1 0 0 0 0 G 
S 0 H 0 H 1 
1 F # F 0 1 
1 0 # 0 0 1 
1 1 1 1 1 1 
PL12 PD43 d44 T5

Map6
1 1 1 S 1 1 
G 0 0 0 # 1 
1 H H F 0 1 
1 0 0 1 0 1 
1 0 F # 0 1 
1 1 1 1 1 1 
PR14 PL11 R21 T3

Map6
1 1 G 1 1 1 
1 0 0 H 0 1 
1 # 1 0 0 1 
1 1 0 0 0 1 
1 1 0 0 # 1 
1 1 1 S 1 1 
PU21 PU33 d43 T6

Map6
1 1 1 1 1 1 
1 0 0 0 # 1 
1 F H 0 F G 
1 0 0 0 0 1 
1 # 0 0 0 1 
1 1 S 1 1 1 
p33 PU23 PR44 T5

Map6
1 1 1 1 1 1 
1 0 H 0 0 1 
1 0 0 1 0 1 
1 0 0 0 F 1 
1 0 1 0 0 G 
1 S 1 1 1 1 
PL22 PD41 R11 T3

Map6
1 1 1 1 1 1 
1 1 0 0 # S 
1 0 0 0 0 1 
1 H # 0 0 1 
G 0 H 0 0 1 
1 1 1 1 1 1 
PD42 PL14 d21 T6

Map6
1 1 1 S 1 1 
1 H 0 # 0 1 
1 0 0 # 0 1 
1 F 0 F 0 1 
1 0 0 1 0 G 
1 1 1 1 1 1 
L42 U12 P24 T5

Map6
1 1 1 1 1 1 
1 0 F 0 1 1 
S # 0 H 0 1 
1 F 1 0 0 1 
1 0 0 H 0 1 
1 1 1 1 G 1 
PD11 PD42 L22 T2

Map6
1 S 1 1 1 1 
1 0 0 # 0 1 
1 0 1 0 F G 
1 0 H 0 0 1 
1 F H 0 1 1 
1 1 1 1 1 1 
r41 PL12 PL33 T6

Map6
1 1 G 1 1 1 
1 0 # 0 0 1 
1 0 F 0 0 1 
S 0 H 1 1 1 
1 H 0 0 0 1 
1 1 1 1 1 1 
PL13 PU12 P31 T3

Map6
1 1 1 1 1 1 
1 0 F 0 0 S 
1 H 0 0 0 1 
1 0 0 0 0 1 
1 0 F H 0 1 
1 1 G 1 1 1 
L31 PL13 PU44 T4

Map6
1 1 1 1 1 1 
1 0 0 0 0 1 
1 # 0 1 0 1 
1 # 0 F F G 
1 H 0 0 0 1 
1 1 1 S 1 1 
PD34 PL31 l22 T5

Map6
1 G 1 1 1 1 
1 # 0 1 0 1 
1 1 0 F 1 1 
1 0 H 0 0 1 
1 F 0 0 0 S 
1 1 1 1 1 1 
L24 PD33 PL21 T3

Map6
1 1 1 S 1 1 
G # 1 0 0 1 
1 0 F 1 0 1 
1 H # 0 0 1 
1 0 F 1 0 1 
1 1 1 1 1 1 
D44 PR33 PU12 T5

Map6
1 1 1 1 1 1 
1 0 # 0 1 1 
1 F H 0 0 G 
1 0 H 0 1 1 
1 0 0 0 0 1 
1 1 S 1 1 1 
R14 PL31 PR44 T3

Map6
1 1 1 G 1 1 
1 0 0 0 0 1 
1 H 0 0 # 1 
S 0 H 1 0 1 
1 0 F 0 0 1 
1 1 1 1 1 1 
PL13 PD41 P22 T4

Map6
1 1 G 1 1 1 
1 F 0 0 0 S 
1 0 0 0 0 1 
1 H 0 H 0 1 
1 0 F 0 0 1 
1 1 1 1 1 1 
P31 L12 p41 T5

Map6
1 1 S 1 1 1 
1 0 0 0 F 1 
1 H 0 0 0 1 
1 0 H 0 0 1 
1 # 0 0 0 1 
1 G 1 1 1 1 
PL31 PL24 R22 T3

Map6
1 1 1 1 S 1 
1 0 0 0 0 1 
G F 0 H 0 1 
1 0 0 0 F 1 
1 0 1 0 0 1 
1 1 1 1 1 1 
d31 P23 U42 T5

Map6
1 1 1 1 G 1 
S 0 0 0 F 1 
1 0 0 1 0 1 
1 1 1 0 0 1 
1 0 F 0 0 1 
1 1 1 1 1 1 
D21 PU12 PU42 T2

Map6
1 1 1 1 1 1 
1 0 # 1 F 1 
1 0 H 0 H 1 
1 0 0 0 0 G 
1 0 0 F 0 1 
1 1 1 1 S 1 
PR43 PL23 L12 T4

Map6
1 1 1 1 1 1 
1 1 F 0 0 1 
1 0 H 0 1 1 
1 # 0 0 # 1 
S 0 0 0 H 1 
1 1 1 G 1 1 
p14 L24 u23 T6

Map6
1 1 1 1 1 1 
1 0 0 0 1 1 
1 0 0 F 1 1 
G 0 0 1 0 S 
1 # # 0 H 1 
1 1 1 1 1 1 
PR43 PU12 R31 T6

Map6
1 1 1 G 1 1 
1 0 0 0 F 1 
1 0 # 0 H 1 
1 0 # 0 0 1 
S 0 0 0 H 1 
1 1 1 1 1 1 
PD43 PL12 L24 T4

Map6
1 1 1 1 1 1 
1 0 1 0 # G 
1 0 1 0 F 1 
1 0 F 0 H 1 
1 0 H 0 # 1 
1 S 1 1 1 1 
l14 PL33 PR31 T3

Map6
1 1 1 1 1 1 
1 0 0 0 0 1 
S 0 0 0 H 1 
1 F 0 0 0 1 
1 0 0 0 # 1 
1 1 1 G 1 1 
R32 r22 R43 T5

Map6
1 1 1 1 1 1 
S 0 0 0 F 1 
1 H 0 0 0 1 
G 0 1 0 0 1 
1 0 0 1 # 1 
1 1 1 1 1 1 
PL13 PD31 l22 T5

Map6
1 1 1 1 1 1 
1 0 0 0 0 1 
G F F 0 0 1 
1 0 0 0 # 1 
S 0 1 0 0 1 
1 1 1 1 1 1 
PU33 PD13 U31 T3

Map6
1 1 1 S 1 1 
1 0 H 0 F 1 
1 F 0 0 # 1 
1 0 0 0 0 1 
1 0 0 H 0 1 
1 1 G 1 1 1 
P44 u33 R22 T5

Map6
1 1 S 1 1 1 
1 0 # 0 0 1 
1 0 0 0 F G 
1 0 # 0 0 1 
1 0 H 0 F 1 
1 1 1 1 1 1 
P22 PL31 PU33 T3

Map6
1 1 G 1 S 1 
1 # 0 F 0 1 
1 0 H F 0 1 
1 0 0 H 0 1 
1 0 # 0 0 1 
1 1 1 1 1 1 
L12 PL23 PU21 T4

Map6
1 1 S 1 1 1 
1 # 0 0 0 1 
1 H # 0 0 1 
1 0 0 0 F G 
1 0 H 0 0 1 
1 1 1 1 1 1 
p41 U23 p32 T7

Map6
1 1 1 1 S 1 
1 H 0 0 0 1 
1 1 0 1 0 1 
1 1 0 0 0 1 
1 # 0 0 H 1 
1 G 1 1 1 1 
PR21 PD22 U42 T4

Map6
1 1 1 1 1 1 
S F 0 F 0 1 
1 0 0 0 0 1 
1 # 0 0 H 1 
1 0 # 0 H 1 
1 1 G 1 1 1 
u41 PU42 PR12 T4

Map6
1 1 1 G 1 1 
1 0 0 0 H 1 
1 # # 0 0 1 
1 0 0 0 0 1 
1 0 0 0 0 1 
1 1 1 1 S 1 
L23 L43 L24 T4

Map6
1 1 1 1 1 1 
1 # 1 1 0 1 
1 0 H 0 0 1 
S 0 0 H 0 1 
1 1 0 0 # 1 
1 1 1 1 G 1 
D23 PD12 PR32 T3

Map6
1 1 G 1 1 1 
1 0 F 0 0 1 
1 0 0 0 0 1 
1 0 H 0 F 1 
S 0 0 H 0 1 
1 1 1 1 1 1 
P32 r13 D24 T5

Map6
1 1 G 1 1 1 
1 H 0 H 0 1 
S 0 F 0 0 1 
1 0 0 0 1 1 
1 0 0 1 0 1 
1 1 1 1 1 1 
PU21 PU13 L32 T2

Map6
1 1 1 1 1 1 
1 # 0 F H 1 
S 0 0 H 0 G 
1 0 0 F 0 1 
1 0 0 0 0 1 
1 1 1 1 1 1 
PU13 PR42 R22 T2

Map6
1 1 1 1 1 1 
1 # 0 0 0 S 
1 1 0 1 0 1 
1 H 0 0 H 1 
1 0 1 0 # 1 
1 1 1 1 G 1 
u31 PL33 PR34 T5

Map6
1 1 1 1 1 1 
1 0 0 0 0 1 
S 0 H 0 H 1 
1 0 0 0 0 1 
1 0 1 0 1 1 
1 1 1 G 1 1 
PU14 PL12 r43 T5

Map6
1 1 1 1 1 1 
1 # H 1 0 1 
1 0 0 0 0 G 
S 0 0 H 0 1 
1 0 0 F 1 1 
1 1 1 1 1 1 
PU14 PR12 P23 T2

Map6
1 1 1 G 1 1 
1 H 0 0 0 1 
1 0 0 H 0 1 
1 0 0 0 0 1 
1 0 0 0 1 1 
1 1 1 S 1 1 
p21 PU33 PL14 T6

Map6
1 S 1 1 G 1 
1 0 0 0 F 1 
1 0 0 1 0 1 
1 0 F 1 H 1 
1 0 0 1 0 1 
1 1 1 1 1 1 
L13 PR14 PU42 T4

Map6
1 1 S 1 1 1 
1 # 0 F 1 1 
1 0 0 0 F 1 
1 # 0 0 0 1 
1 H H 0 0 1 
1 1 1 G 1 1 
l22 PR12 PR23 T4

Map6
1 1 1 1 1 1 
1 0 0 0 0 1 
G 0 0 1 0 1 
1 0 H H # 1 
1 1 0 0 0 1 
1 1 S 1 1 1 
PD24 PR34 P13 T5

Map6
1 1 1 1 1 1 
1 0 0 0 F 1 
1 0 0 0 0 1 
1 0 H 0 0 G 
1 # 0 0 H 1 
1 S 1 1 1 1 
PU11 PR42 p32 T5

Map6
1 1 1 1 1 1 
1 F H # 0 S 
1 0 0 0 1 1 
G 0 0 F 0 1 
1 0 0 0 # 1 
1 1 1 1 1 1 
PR41 PU14 U12 T2

Map6
1 1 1 1 G 1 
1 0 1 0 0 1 
1 0 0 1 0 1 
1 0 1 0 H 1 
S 0 0 H 0 1 
1 1 1 1 1 1 
PD11 PR31 D24 T3

Map6
1 1 1 1 G 1 
1 0 1 0 # 1 
1 0 # H 1 1 
S 0 0 F H 1 
1 0 0 0 0 1 
1 1 1 1 1 1 
u14 PR31 PD23 T6

Map6
1 1 1 1 S 1 
1 0 H 0 # 1 
1 0 0 1 1 1 
1 0 # 1 0 1 
1 0 0 0 0 1 
1 1 1 G 1 1 
PR31 PR14 P44 T3

Map6
1 1 1 1 1 1 
1 0 F 0 # S 
1 0 0 0 0 1 
1 0 0 H 1 1 
1 H 0 0 0 1 
1 1 1 G 1 1 
R11 U12 P44 T6

Map6
1 1 1 1 1 1 
1 0 0 0 0 1 
G 0 0 0 0 1 
1 0 H 0 0 1 
1 # 0 0 H 1 
1 1 S 1 1 1 
d43 PR33 PD24 T4

Map6
1 1 1 1 1 1 
1 F H 0 0 1 
1 0 0 F 0 1 
1 0 # 1 0 1 
1 # 0 H 0 1 
1 S 1 1 G 1 
d41 PD12 PU43 T3

Map6
1 1 G 1 1 1 
1 0 0 0 0 1 
1 0 H 0 0 1 
1 F 0 0 0 1 
1 0 F 0 0 1 
1 1 S 1 1 1 
r31 PD23 PR32 T5

Map6
1 1 1 S 1 1 
1 0 0 0 F 1 
1 0 H H 0 1 
1 0 F 0 0 1 
1 0 0 # 0 1 
1 1 G 1 1 1 
PU31 PL44 D14 T2

Map6
1 1 1 1 1 1 
1 0 0 0 0 1 
G 0 # 0 H 1 
1 0 0 0 0 1 
1 H 0 0 0 1 
1 1 1 1 S 1 
PU31 PR43 L24 T4

Map6
1 1 1 1 1 1 
1 0 H 0 0 1 
1 0 H 0 0 S 
1 0 0 0 1 1 
1 0 0 0 0 1 
1 G 1 1 1 1 
R32 PD41 PL23 T3

Map6
1 1 1 1 1 1 
1 0 1 0 0 1 
G 0 H 0 # S 
1 0 0 0 0 1 
1 F # 0 0 1 
1 1 1 1 1 1 
d13 d44 L32 T8

Map6
1 1 G 1 1 1 
1 0 0 H 0 1 
1 0 0 H 0 1 
1 0 0 0 F 1 
1 0 0 0 F 1 
1 1 1 S 1 1 
p34 l13 L33 T6

Map6
1 1 1 1 S 1 
1 0 H 0 0 1 
1 0 0 H 1 1 
1 0 0 0 # 1 
1 0 1 0 0 G 
1 1 1 1 1 1 
PR31 PL22 D14 T6

Map6
1 1 1 S 1 1 
1 0 0 0 0 1 
1 0 1 0 0 1 
1 1 0 H # 1 
1 F 0 0 F G 
1 1 1 1 1 1 
PL41 PD23 L32 T3

Map6
1 1 S 1 1 1 
1 H 0 0 0 1 
1 0 0 0 1 1 
1 H 0 0 0 1 
1 0 1 1 0 1 
1 G 1 1 1 1 
PD31 PD14 l21 T4

Map6
1 1 1 1 S 1 
1 0 F H 0 1 
1 H 0 # 0 1 
1 0 0 0 0 1 
1 0 0 0 F 1 
1 1 G 1 1 1 
d34 R43 P22 T6

Map6
1 1 G 1 1 1 
1 0 F 0 0 1 
1 0 0 H 0 1 
1 0 # 0 0 1 
S 0 0 # H 1 
1 1 1 1 1 1 
u13 L12 P24 T5

Map6
1 G 1 1 1 1 
1 0 H 0 0 1 
1 H 0 0 F S 
1 0 0 # 0 1 
1 0 0 0 F 1 
1 1 1 1 1 1 
PU11 PL41 L22 T3

Map6
1 G 1 1 1 1 
1 0 1 0 F S 
1 0 # 0 0 1 
1 0 F # H 1 
1 0 1 H 0 1 
1 1 1 1 1 1 
PD11 PR31 U13 T2

Map6
1 1 1 1 1 1 
1 0 0 0 0 1 
1 H 1 0 0 1 
1 0 F 0 0 1 
1 0 0 1 # G 
1 1 S 1 1 1 
PR11 PU14 L33 T4

Map6
1 1 G 1 1 1 
1 0 0 H 1 1 
1 0 0 0 F 1 
1 0 # 0 # 1 
1 H 0 0 0 1 
1 1 1 S 1 1 
d33 D32 r34 T4

Map6
1 1 S 1 1 1 
1 # 0 0 0 1 
1 0 0 0 0 1 
1 0 H 0 0 G 
1 0 # 0 H 1 
1 1 1 1 1 1 
P41 L34 U22 T4

Map6
1 1 1 1 1 1 
1 0 0 H 1 1 
1 F 0 0 0 1 
1 0 H 0 0 S 
1 0 0 1 1 1 
1 1 G 1 1 1 
U33 PD42 PL21 T5

Map6
1 1 1 G 1 1 
1 0 F 0 0 1 
1 0 0 H 0 S 
1 0 0 0 0 1 
1 0 F 0 H 1 
1 1 1 1 1 1 
PL22 PR42 P41 T4

Map6
1 1 1 1 S 1 
1 0 0 0 # 1 
1 F 0 H 0 1 
1 F 0 0 0 1 
1 0 # 0 H 1 
1 1 1 G 1 1 
PR11 PD33 R42 T2

Map6
1 1 1 G 1 1 
1 0 0 0 F 1 
1 1 0 0 0 1 
S # 0 0 F 1 
1 0 0 H 0 1 
1 1 1 1 1 1 
PR42 PD33 r23 T5

Map6
1 1 1 1 1 1 
1 0 0 0 F 1 
1 0 F 0 # G 
1 0 H 0 0 1 
1 0 # H 0 S 
1 1 1 1 1 1 
PL21 PR44 P13 T3

Map6
1 1 1 1 1 1 
1 0 0 0 1 1 
G 0 0 H 0 S 
1 0 F 0 0 1 
1 H 0 0 0 1 
1 1 1 1 1 1 
P13 PD11 PR42 T2

Map6
1 1 1 S 1 1 
1 F 0 0 H 1 
1 0 0 1 H 1 
1 # 1 F 0 1 
1 0 0 # 0 1 
1 1 1 G 1 1 
PU31 PD12 R44 T3

Map6
1 1 1 1 1 1 
1 0 0 1 1 1 
1 0 H 0 0 S 
1 0 0 # 0 1 
G F 0 H 0 1 
1 1 1 1 1 1 
R32 L24 R44 T4

Map6
1 1 1 1 1 1 
1 0 0 1 0 1 
1 0 0 0 0 1 
1 0 H 0 0 1 
S 0 0 F 0 1 
1 1 1 G 1 1 
r12 l22 P24 T6

Map6
1 1 S 1 1 1 
1 0 0 F F 1 
1 0 H 0 1 1 
G 0 0 0 0 1 
1 0 0 1 0 1 
1 1 1 1 1 1 
PR14 PU21 L33 T2

Map6
1 1 1 1 1 1 
1 F 0 0 0 1 
1 0 0 1 0 1 
1 0 0 0 0 1 
1 0 H F 0 1 
1 S 1 G 1 1 
l23 u14 D12 T4

Map6
1 1 1 1 1 1 
1 0 0 F 0 1 
1 0 0 H 0 S 
1 0 1 0 0 1 
1 0 0 0 # 1 
1 1 G 1 1 1 
p14 PR42 PU22 T6

Map6
1 1 1 G 1 1 
1 # 0 # H 1 
1 1 0 0 0 1 
1 0 F 1 0 1 
S F 0 0 1 1 
1 1 1 1 1 1 
r24 PR22 PL34 T3

Map6
1 1 1 1 1 1 
1 H 0 0 0 1 
1 1 0 H 0 1 
1 0 0 0 0 1 
1 F 0 0 0 S 
1 1 G 1 1 1 
R42 PL13 PD34 T4

Map6
1 1 1 1 1 1 
1 0 0 F 0 1 
1 F 0 # 0 1 
1 0 0 0 0 1 
1 H 0 0 0 S 
1 1 G 1 1 1 
p33 R34 r44 T6

Map6
1 1 1 1 1 1 
1 F 0 # H 1 
1 0 0 0 0 G 
1 0 0 H F 1 
1 # 0 0 0 1 
1 1 1 S 1 1 
r23 p34 L44 T5

Map6
1 1 1 1 1 1 
1 # 0 1 0 G 
1 0 0 0 H 1 
1 1 H 0 0 1 
1 0 0 0 0 S 
1 1 1 1 1 1 
PL21 PR41 u44 T6

Map6
1 1 G 1 1 1 
1 0 0 F 0 1 
1 0 H 0 # 1 
1 0 0 0 0 1 
S 0 0 0 H 1 
1 1 1 1 1 1 
l14 PR24 PL11 T7

Map6
1 1 1 1 1 1 
S 0 0 H 0 1 
1 0 0 0 0 1 
1 0 0 1 0 1 
1 H 0 0 0 1 
1 1 1 G 1 1 
D13 L21 L24 T6

Map6
1 1 1 S 1 1 
1 0 0 # 0 1 
1 0 # 1 0 G 
1 1 0 0 H 1 
1 0 0 0 0 1 
1 1 1 1 1 1 
l21 PD11 PR42 T6

Map6
1 1 1 1 1 1 
1 0 # 0 0 1 
1 0 # F 0 G 
1 0 0 0 F 1 
1 0 0 H 0 S 
1 1 1 1 1 1 
PR44 PL31 p11 T4

Map6
1 1 1 1 1 1 
1 0 0 # H 1 
1 0 0 0 0 1 
S # 1 0 0 G 
1 1 H 0 F 1 
1 1 1 1 1 1 
L11 r42 r34 T9

Map6
1 1 1 1 1 1 
1 0 0 0 # 1 
1 0 0 0 0 G 
1 H 0 1 0 1 
1 0 H 0 0 1 
1 S 1 1 1 1 
p21 PL22 PD14 T6

Map6
1 1 1 1 1 1 
1 F 0 0 0 1 
1 0 F 0 0 G 
1 0 0 0 0 1 
S 0 0 H 1 1 
1 1 1 1 1 1 
PU12 PD24 r43 T6

Map6
1 1 1 G 1 1 
1 0 0 0 F 1 
1 0 0 0 F 1 
1 0 1 1 0 1 
S 0 0 0 1 1 
1 1 1 1 1 1 
R12 PD13 PL32 T4

Map6
1 1 1 1 1 1 
G # 0 1 H 1 
1 H 0 0 F 1 
1 0 0 0 # 1 
1 0 0 F 0 1 
1 S 1 1 1 1 
P13 L44 l14 T4

Map6
1 1 1 1 1 1 
1 F 0 0 0 1 
1 # 0 0 0 1 
1 H 0 1 0 1 
G 0 # H 0 S 
1 1 1 1 1 1 
d32 PU43 PR44 T6

Map6
1 1 1 G 1 1 
1 0 0 0 0 1 
1 1 0 # 0 1 
S 0 0 0 F 1 
1 0 0 F 1 1 
1 1 1 1 1 1 
u21 L33 p13 T5

Map6
1 1 1 1 1 1 
G 0 0 H 0 1 
1 0 0 0 0 1 
1 0 H F 0 1 
1 0 0 0 F 1 
1 1 1 S 1 1 
U43 PD41 PD34 T4

Map6
1 1 G 1 1 1 
1 H 0 0 H 1 
1 0 0 0 0 1 
1 0 1 0 # 1 
1 1 1 0 0 1 
1 1 1 1 S 1 
PU21 PL42 r33 T5

Map6
1 1 1 1 1 1 
1 1 H 0 F 1 
1 H 0 0 # G 
S 0 0 0 F 1 
1 0 1 0 0 1 
1 1 1 1 1 1 
PD22 PU33 P31 T3

Map6
1 1 1 1 1 1 
1 0 F 0 # 1 
1 0 0 0 F G 
1 0 0 0 0 1 
1 1 # 1 0 1 
1 1 S 1 1 1 
d23 PU31 PL22 T5

Map6
1 1 1 1 1 1 
1 H H 0 1 1 
1 0 0 0 F G 
1 0 0 0 0 1 
1 0 0 0 F 1 
1 S 1 1 1 1 
r33 PL12 PU43 T5

Map6
1 S 1 G 1 1 
1 0 # 0 0 1 
1 H 0 0 0 1 
1 1 0 0 0 1 
1 0 0 0 H 1 
1 1 1 1 1 1 
l43 PD22 PU11 T7

Map6
1 1 1 1 S 1 
1 1 0 0 0 1 
1 0 H F 0 1 
G 0 0 F H 1 
1 0 0 0 0 1 
1 1 1 1 1 1 
d41 P42 p14 T8

Map6
1 1 1 1 1 1 
S 0 1 0 H 1 
1 F 0 0 0 1 
1 0 1 0 0 1 
1 H 0 0 0 1 
1 1 1 G 1 1 
PU13 PU44 U42 T4

Map6
1 1 1 1 1 1 
1 H 0 F 0 S 
1 0 1 0 0 1 
1 0 1 0 H 1 
G 0 0 # F 1 
1 1 1 1 1 1 
PD12 PU42 R21 T3

Map6
1 1 1 1 1 1 
1 0 H 0 F 1 
1 0 0 0 0 G 
1 0 F 0 0 1 
1 1 0 0 0 1 
1 1 S 1 1 1 
d13 PL33 PD24 T4

Map6
1 1 1 1 1 1 
1 H 0 0 F 1 
1 # 0 0 0 G 
1 0 0 0 0 1 
1 0 # 0 0 1 
1 S 1 1 1 1 
u14 PR21 PL13 T5

Map6
1 1 1 1 1 1 
1 0 0 0 0 1 
G 0 0 0 F 1 
1 0 0 0 0 1 
1 # H 0 # S 
1 1 1 1 1 1 
PU13 PU34 d33 T6

Map6
1 1 1 1 1 1 
1 0 0 H 0 1 
S 0 1 0 0 1 
1 0 0 0 0 1 
1 H 0 F 0 1 
1 1 1 G 1 1 
PR13 PD11 P43 T3

Map6
1 S 1 1 1 1 
1 # 0 0 # 1 
1 0 1 0 0 G 
1 F 0 F 0 1 
1 0 H 0 0 1 
1 1 1 1 1 1 
d21 R12 r32 T6

Map6
1 1 1 1 1 1 
1 F 0 0 0 1 
1 0 0 # 0 1 
1 0 0 H # G 
1 0 1 0 0 1 
1 1 1 S 1 1 
D44 PD34 PR21 T3

Map6
1 1 S 1 1 1 
1 F 0 0 0 1 
1 0 1 0 0 1 
1 0 # 0 H 1 
1 F 0 0 0 1 
1 1 G 1 1 1 
p21 U13 D34 T6

Map6
1 1 1 1 1 1 
1 0 H 0 F 1 
1 0 F # 0 G 
1 1 0 0 0 1 
1 0 0 0 H 1 
1 1 S 1 1 1 
PL43 PD23 p33 T4

Map6
1 1 1 1 S 1 
1 # 0 0 0 1 
G 0 0 0 # 1 
1 0 0 H F 1 
1 1 0 1 0 1 
1 1 1 1 1 1 
P13 PU44 PR22 T5

Map6
1 1 S 1 1 1 
1 # 0 1 0 1 
1 0 0 0 0 G 
1 0 F 0 0 1 
1 0 1 0 H 1 
1 1 1 1 1 1 
r43 u12 P22 T8

Map6
1 1 1 G 1 1 
1 0 H 0 0 1 
1 0 0 0 0 1 
S 0 0 0 F 1 
1 0 1 1 0 1 
1 1 1 1 1 1 
P11 d22 D23 T5

Map6
1 1 1 1 1 1 
S 0 0 0 F 1 
1 H 0 0 # G 
1 0 F 0 0 1 
1 0 0 0 H 1 
1 1 1 1 1 1 
u11 PL21 PL34 T4

Map6
1 1 1 1 1 1 
1 0 1 0 0 1 
G # F 0 H 1 
1 1 0 0 0 1 
1 H 0 # 0 1 
1 1 1 1 S 1 
D43 d33 L24 T5

Map6
1 1 1 1 1 1 
1 0 0 0 0 1 
1 H 0 0 0 S 
G F 0 1 0 1 
1 0 0 0 1 1 
1 1 1 1 1 1 
R32 p31 L24 T6

Map6
1 1 1 1 S 1 
1 0 0 0 0 1 
1 1 F 0 0 1 
1 0 H 0 0 1 
1 0 # 0 F 1 
1 1 1 G 1 1 
L21 L42 d31 T3

Map6
1 1 1 1 1 1 
1 1 0 H 0 1 
1 H 0 0 0 S 
1 0 0 1 0 1 
1 0 0 1 0 1 
1 1 G 1 1 1 
P32 PU43 PR13 T3

Map6
1 1 1 1 1 1 
1 0 0 0 0 1 
S 0 0 0 F 1 
1 1 1 0 0 G 
1 0 1 0 H 1 
1 1 1 1 1 1 
l21 u32 U22 T8

Map6
1 1 1 1 S 1 
1 0 0 0 0 1 
1 0 0 0 H 1 
1 H 0 F 0 1 
1 0 # # F 1 
1 1 G 1 1 1 
PU41 PU32 L11 T3

Map6
1 1 1 1 1 1 
1 H 0 F 0 1 
1 0 0 0 F G 
1 0 0 0 H 1 
1 0 0 0 0 1 
1 1 1 S 1 1 
u14 L44 p23 T5

Map6
1 1 1 1 1 1 
G # # 0 0 1 
1 0 0 0 1 1 
1 H H 0 0 S 
1 0 0 0 0 1 
1 1 1 1 1 1 
PD33 PL31 d44 T5

Map6
1 1 1 1 1 1 
S 0 0 H 0 1 
1 0 # 0 F G 
1 F 0 0 0 1 
1 0 1 0 # 1 
1 1 1 1 1 1 
U21 U14 l11 T3

Map6
1 1 1 1 1 1 
1 0 1 0 0 S 
1 0 0 0 1 1 
1 0 0 F # G 
1 0 0 1 0 1 
1 1 1 1 1 1 
r31 PD12 PU32 T4

Map6
1 1 1 1 1 1 
S 0 0 0 F 1 
1 0 0 0 0 G 
1 # 0 0 0 1 
1 F 0 0 0 1 
1 1 1 1 1 1 
l11 L31 D23 T3

Map6
1 1 1 1 S 1 
1 0 # 1 0 1 
G 0 1 1 0 1 
1 # F 0 0 1 
1 0 0 0 H 1 
1 1 1 1 1 1 
d41 PR11 PU43 T5

Map6
1 1 G 1 1 1 
1 F # 0 0 1 
1 F 0 0 0 1 
1 # H 1 0 1 
1 0 0 0 0 1 
1 S 1 1 1 1 
PD14 PR32 U22 T3

Map6
1 1 1 1 1 1 
1 0 0 H 0 S 
1 0 # 0 0 1 
1 0 0 1 0 G 
1 1 1 0 # 1 
1 1 1 1 1 1 
PU13 PR41 l42 T6

Map6
1 1 1 1 1 1 
1 0 0 0 # 1 
1 1 F 0 0 S 
1 0 0 H 0 1 
1 F 0 0 # 1 
1 G 1 1 1 1 
d31 PR32 PR24 T7

Map6
1 1 1 1 1 1 
1 0 0 0 # 1 
1 H 0 0 0 S 
1 0 H F 0 1 
1 0 0 0 F 1 
1 1 G 1 1 1 
R22 p34 l42 T5

Map6
1 1 1 1 1 1 
1 0 0 0 0 1 
G 0 0 0 F 1 
1 0 0 0 0 1 
1 H F 0 0 1 
1 1 1 1 S 1 
u11 l43 d41 T6

Map6
1 1 1 1 1 1 
1 0 0 0 F 1 
G 0 1 0 0 1 
1 0 0 1 0 1 
1 0 0 1 0 S 
1 1 1 1 1 1 
PD42 PU13 R11 T3

Map6
1 1 1 1 1 1 
1 0 0 0 1 1 
1 0 H 0 0 S 
1 H 0 0 0 1 
1 # 0 0 # 1 
1 1 G 1 1 1 
PD23 PU43 R32 T2

Map6
1 1 G 1 1 1 
1 0 0 1 0 1 
1 1 # 0 0 1 
S # 0 F F 1 
1 0 0 H 1 1 
1 1 1 1 1 1 
PU14 PR11 P23 T3

Map6
1 1 1 1 1 1 
1 0 F 0 0 1 
1 1 1 0 0 1 
1 0 0 H 0 G 
S 0 0 0 F 1 
1 1 1 1 1 1 
PD13 PR43 R24 T2

Map6
1 1 1 1 1 1 
1 0 F 0 0 1 
1 H 1 1 0 G 
S 0 H 0 0 1 
1 1 0 0 0 1 
1 1 1 1 1 1 
u41 PL13 PL44 T8

Map6
1 1 1 1 S 1 
1 H 0 0 0 1 
G 0 0 F 1 1 
1 0 # 0 0 1 
1 0 0 0 0 1 
1 1 1 1 1 1 
r34 D21 l22 T8

Map6
1 1 1 S 1 1 
1 F 0 0 0 1 
1 # # 0 0 1 
G 0 0 H F 1 
1 0 0 0 0 1 
1 1 1 1 1 1 
P21 PD32 PD14 T8

Map6
1 1 G 1 1 1 
1 0 # 0 0 1 
1 # 0 F 0 1 
1 H 1 H 1 1 
1 0 1 0 F S 
1 1 1 1 1 1 
PD41 PR34 P31 T5

Map6
1 1 1 S 1 1 
1 0 0 0 0 1 
1 0 0 0 H 1 
1 0 0 1 0 1 
1 0 0 0 H 1 
1 1 1 G 1 1 
R14 PL34 PU32 T2

Map6
1 1 1 1 1 1 
1 0 0 H 0 1 
1 0 1 F 0 1 
1 0 0 0 0 1 
S 0 0 F 0 1 
1 1 1 G 1 1 
PU24 PL14 R43 T3

Map6
1 1 1 1 1 1 
1 0 0 H # 1 
1 F H 0 F S 
1 1 0 0 1 1 
1 1 0 0 0 1 
1 1 1 G 1 1 
P24 PR32 PL44 T2

Map6
1 1 1 1 1 1 
1 F 0 0 H 1 
1 # 0 H 0 1 
G 0 0 1 0 1 
1 0 0 0 0 1 
1 1 1 1 S 1 
d23 d14 U43 T9

Map6
1 1 1 1 S 1 
1 F # 0 0 1 
1 0 0 0 0 1 
1 0 H 0 0 1 
1 0 0 0 H 1 
1 1 G 1 1 1 
D43 u42 p34 T7

Map6
1 1 1 1 1 1 
1 0 1 F # 1 
1 0 0 0 1 1 
1 0 0 1 0 1 
1 0 H 0 0 1 
1 S 1 1 G 1 
PD43 PL22 L11 T2

Map6
1 S 1 1 1 1 
1 0 0 0 0 1 
1 H H 0 # 1 
G 0 F 0 0 1 
1 0 0 # 0 1 
1 1 1 1 1 1 
d44 PU11 PR14 T4

Map6
1 1 1 1 1 1 
1 F 0 0 0 G 
1 0 1 F 0 1 
1 0 0 H H 1 
1 0 0 0 0 1 
1 S 1 1 1 1 
U34 PR21 PR13 T4

Map6
1 1 1 1 1 1 
1 F 0 F 0 1 
1 0 H 1 0 1 
G 0 1 0 0 S 
1 0 0 1 0 1 
1 1 1 1 1 1 
D14 PD41 PD12 T4

Map6
1 1 1 1 1 1 
1 0 0 0 0 1 
1 H 0 0 0 S 
G 0 # H 0 1 
1 F 0 F 0 1 
1 1 1 1 1 1 
u31 P32 L24 T6

Map6
1 1 S 1 1 1 
1 0 0 0 1 1 
1 0 0 H 0 1 
1 0 F F 1 1 
1 1 H 0 0 1 
1 1 1 G 1 1 
l11 PL22 PD34 T5

Map6
1 1 1 1 1 1 
S 0 0 # 0 1 
1 1 1 0 1 1 
1 0 0 H 0 1 
1 H 0 0 0 G 
1 1 1 1 1 1 
PU32 PD23 R41 T3

Map6
1 1 1 1 S 1 
1 0 0 F F 1 
1 H 0 0 0 1 
G 0 0 1 0 1 
1 0 0 1 0 1 
1 1 1 1 1 1 
R43 PR22 PL13 T2

Map6
1 1 1 1 1 1 
1 0 F 0 0 1 
1 0 0 F 0 1 
1 0 0 0 0 1 
1 H 0 0 0 S 
1 1 G 1 1 1 
PL41 PL12 U34 T4

Map6
1 1 1 1 1 1 
1 0 0 1 # 1 
1 0 1 0 0 G 
1 # F 0 0 1 
S 0 0 H 1 1 
1 1 1 1 1 1 
d43 L24 l14 T7

Map6
1 S 1 G 1 1 
1 0 1 0 1 1 
1 0 1 0 0 1 
1 # 0 0 H 1 
1 H 0 # 0 1 
1 1 1 1 1 1 
PD23 PU11 D44 T3

Map6
1 1 1 1 1 1 
1 0 1 0 F G 
1 0 0 1 0 1 
1 0 # F 0 1 
S 0 # 0 H 1 
1 1 1 1 1 1 
D34 R31 u22 T6

Map6
1 1 1 G 1 1 
1 0 H 0 0 1 
1 0 0 0 0 1 
1 F H 1 0 1 
1 1 0 0 F S 
1 1 1 1 1 1 
PR12 PR24 P42 T2

Map6
1 1 1 1 1 1 
1 1 0 0 1 1 
1 0 0 0 # S 
1 H 0 0 0 1 
1 0 H 0 1 1 
1 G 1 1 1 1 
P12 PL31 PD14 T3

Map6
1 1 1 1 1 1 
1 1 1 0 0 1 
1 0 F # 0 G 
1 1 0 0 H 1 
1 0 0 0 0 1 
1 1 S 1 1 1 
PU31 PL23 d24 T5

Map6
1 1 1 1 1 1 
1 0 H 1 F 1 
1 0 1 # # G 
1 H 0 0 0 1 
1 0 0 1 0 1 
1 S 1 1 1 1 
PD14 PL43 P23 T3

Map6
1 1 1 1 1 1 
S 0 0 H # 1 
1 1 0 F 0 1 
1 0 0 1 # 1 
1 F 0 0 0 1 
1 1 1 G 1 1 
l24 PL11 PL42 T5

Map6
1 1 1 S 1 1 
1 1 F 0 0 1 
1 0 1 0 H 1 
1 0 0 H 0 G 
1 0 F 0 0 1 
1 1 1 1 1 1 
PL41 PR43 L32 T2

Map6
1 S 1 1 1 1 
1 0 # 0 0 1 
1 0 F 1 0 1 
1 F 0 0 # 1 
1 0 H 0 0 1 
1 1 1 G 1 1 
PR12 PL23 r42 T6

Map6
1 1 1 S 1 1 
1 1 0 0 # 1 
1 0 1 0 0 1 
G 0 0 H 0 1 
1 0 0 1 0 1 
1 1 1 1 1 1 
P32 PR21 PL13 T2

Map6
1 1 1 1 1 1 
1 0 0 F 0 1 
1 0 0 0 F G 
1 H # 0 0 1 
1 0 0 0 0 1 
1 1 1 S 1 1 
U24 L43 l21 T3

Map6
1 1 1 1 1 1 
1 0 0 0 0 1 
G 0 H 0 0 S 
1 F 0 0 0 1 
1 0 0 0 H 1 
1 1 1 1 1 1 
p11 PD32 PU43 T8

Map6
1 1 1 1 1 1 
1 # 0 H 0 1 
1 # 0 0 0 1 
G 0 H 0 0 1 
1 0 F 0 0 1 
1 1 1 S 1 1 
PR14 PU22 R33 T5

Map6
1 S 1 1 1 1 
1 0 0 0 H 1 
1 0 0 0 0 1 
1 0 0 F 0 G 
1 F # 0 H 1 
1 1 1 1 1 1 
d11 PU13 PL31 T3

Map6
1 1 1 1 G 1 
1 H 1 0 0 1 
1 0 0 1 0 1 
1 0 0 1 H 1 
1 0 0 F # 1 
1 1 S 1 1 1 
L12 PU41 PL23 T4

Map6
1 1 1 1 1 1 
1 F H 0 H 1 
1 0 0 0 0 G 
S 0 1 0 0 1 
1 F # 0 # 1 
1 1 1 1 1 1 
PD31 PD12 D33 T3

Map6
1 1 1 1 1 1 
1 0 H 0 0 1 
1 0 0 0 0 S 
G F 0 0 1 1 
1 # F # H 1 
1 1 1 1 1 1 
PD41 PD32 d42 T4

Map6
1 1 1 1 1 1 
1 0 0 F 0 1 
G 0 0 0 0 1 
1 0 H # 0 S 
1 0 0 0 F 1 
1 1 1 1 1 1 
U34 P32 l11 T7

Map6
1 1 1 G 1 1 
1 0 0 0 0 1 
1 0 1 H 0 1 
1 H 1 0 F S 
1 0 0 F 1 1 
1 1 1 1 1 1 
PR33 PL41 P21 T2

Map6
1 1 1 1 1 1 
1 0 1 0 0 1 
1 0 1 0 0 1 
G F 0 1 0 1 
1 H 0 # 0 S 
1 1 1 1 1 1 
PL41 PL23 U24 T6

Map6
1 1 1 S 1 1 
1 0 0 0 H 1 
G 0 0 0 0 1 
1 F # H 0 1 
1 0 0 0 # 1 
1 1 1 1 1 1 
p11 p31 P32 T7

Map6
1 1 1 1 1 1 
1 1 0 1 # 1 
1 H 0 0 0 S 
1 0 0 0 0 1 
1 0 0 H 0 1 
1 1 G 1 1 1 
U22 L43 r33 T4

Map6
1 1 S 1 1 1 
1 0 # 0 0 1 
1 0 0 0 H 1 
1 0 H 0 1 1 
1 1 0 1 0 1 
1 1 G 1 1 1 
PL31 PD24 R22 T2

Map6
1 1 1 1 1 1 
1 0 0 0 H 1 
1 H 0 0 # 1 
G F 0 0 0 1 
1 0 # 0 0 1 
1 1 1 1 S 1 
r34 P22 D43 T5

Map6
1 1 1 1 1 1 
1 0 F 0 0 1 
1 # H 0 0 G 
1 0 0 0 0 1 
1 0 F 0 0 1 
1 1 S 1 1 1 
l33 PD23 PU34 T3

Map6
1 1 1 1 1 1 
1 0 0 0 0 1 
S 0 H 0 H 1 
1 0 0 0 0 1 
1 0 # F 0 1 
1 1 1 G 1 1 
R43 D11 P14 T3

Map6
1 1 1 G 1 1 
S # 0 # H 1 
1 0 0 0 0 1 
1 0 1 0 0 1 
1 H 0 0 0 1 
1 1 1 1 1 1 
PD21 PL13 u22 T5

Map6
1 1 1 1 1 1 
1 0 F # 0 1 
S 0 H 1 0 1 
1 0 0 0 0 1 
G 0 H 0 0 1 
1 1 1 1 1 1 
r42 PL12 PR11 T6

Map6
1 S 1 1 1 1 
1 # F 0 0 1 
1 0 0 0 0 1 
G 0 0 H 0 1 
1 F 0 H 0 1 
1 1 1 1 1 1 
U12 PR43 PU24 T6

Map6
1 1 1 1 1 1 
1 F 0 0 0 1 
G 0 0 0 1 1 
1 0 0 0 1 1 
1 0 0 0 0 1 
1 S 1 1 1 1 
p23 l14 P13 T6

Map6
1 1 1 1 1 1 
1 H F 0 H 1 
G # 0 0 0 1 
1 0 0 0 0 1 
1 0 0 0 0 1 
1 S 1 1 1 1 
P31 p24 P13 T5

Map6
1 S 1 1 1 1 
1 0 0 0 0 1 
1 0 # H H 1 
1 # F 0 0 1 
1 F 0 0 0 1 
1 1 1 G 1 1 
D33 P12 d11 T5

Map6
1 1 1 G 1 1 
1 0 0 # 0 1 
1 1 0 1 0 1 
1 1 0 0 0 1 
1 0 H 0 0 1 
1 S 1 1 1 1 
L21 PU42 PD14 T3

Map6
1 1 1 1 1 1 
1 1 F 0 0 S 
1 # F 0 0 1 
G 0 # 1 0 1 
1 0 0 0 1 1 
1 1 1 1 1 1 
L31 PL13 PU42 T2

Map6
1 1 G 1 1 1 
1 # 0 0 0 1 
1 F 0 0 0 1 
1 0 0 0 0 1 
1 F # 0 0 S 
1 1 1 1 1 1 
P42 R34 L13 T4

Map6
1 1 S 1 1 1 
1 0 # 0 H 1 
1 H 1 0 0 1 
1 0 0 0 0 1 
1 0 # 0 F 1 
1 1 G 1 1 1 
D23 PR11 PR14 T2

Map6
1 1 1 1 1 1 
1 0 H F 0 S 
1 0 0 H 0 1 
1 0 0 0 0 G 
1 0 F 0 0 1 
1 1 1 1 1 1 
PR41 PL22 u12 T4

Map6
1 1 1 1 1 1 
1 0 H 0 0 1 
1 H 0 0 0 S 
G # # 0 0 1 
1 1 0 F F 1 
1 1 1 1 1 1 
P24 PD31 PD22 T3

Map6
1 S 1 1 1 1 
1 0 0 # 0 1 
1 0 0 0 # 1 
1 0 0 0 0 G 
1 F 0 0 F 1 
1 1 1 1 1 1 
U12 d11 d24 T7

Map6
1 1 1 1 1 1 
1 F # 0 0 1 
1 0 0 0 0 1 
1 0 0 1 0 1 
1 F 0 0 0 S 
1 1 G 1 1 1 
P41 R34 d32 T5

Map6
1 1 1 1 S 1 
1 0 0 F 0 1 
1 H 0 0 0 G 
1 0 1 F H 1 
1 0 0 0 0 1 
1 1 1 1 1 1 
PR42 PL32 L11 T4

Map6
1 1 1 1 1 1 
1 0 0 0 0 1 
1 0 0 F 0 1 
G 0 0 0 H 1 
1 F 0 0 0 S 
1 1 1 1 1 1 
d31 r22 U24 T6

Map6
1 1 1 1 1 1 
1 0 0 0 # 1 
1 F 0 0 0 S 
1 0 0 H 0 1 
1 0 0 0 F 1 
1 1 1 G 1 1 
r21 PL32 PD34 T7

Map6
1 1 G 1 1 1 
1 # F 0 0 1 
S 0 0 F 0 1 
1 0 H 1 0 1 
1 0 0 0 1 1 
1 1 1 1 1 1 
PR31 PL12 d43 T6

Map6
1 1 1 1 1 1 
1 0 0 0 0 1 
S 0 0 0 H 1 
1 1 1 0 # 1 
1 0 0 1 0 1 
1 G 1 1 1 1 
PL24 PU32 r41 T7

Map6
1 1 1 1 1 1 
1 0 0 0 0 1 
G 0 0 0 # 1 
1 0 H 0 0 1 
1 0 0 0 1 1 
1 1 S 1 1 1 
PD24 PR11 l41 T4

Map6
1 1 1 1 1 1 
G F 0 H 0 1 
1 0 0 0 0 1 
1 0 0 0 0 1 
1 F 0 0 0 S 
1 1 1 1 1 1 
l43 P34 p32 T7

Map6
1 1 1 1 G 1 
1 1 1 # 0 1 
1 0 H F # 1 
1 1 0 0 H 1 
1 0 0 F 0 1 
1 1 S 1 1 1 
R23 PU41 PR14 T2

Map6
1 1 1 1 1 1 
1 0 0 H 0 1 
1 F 0 0 0 G 
1 0 0 0 F 1 
1 0 # # 0 1 
1 S 1 1 1 1 
D13 p23 d14 T6

Map6
1 1 1 1 1 1 
1 1 0 0 0 1 
S 0 0 H # G 
1 0 0 0 0 1 
1 1 H 0 1 1 
1 1 1 1 1 1 
p43 D22 r13 T6

Map6
1 1 1 1 1 1 
1 F 0 1 0 1 
S 0 0 H 0 G 
1 0 0 0 0 1 
1 0 1 1 0 1 
1 1 1 1 1 1 
r12 d43 L22 T7

Map6
1 1 1 1 1 1 
1 1 H F H 1 
1 0 0 0 0 1 
1 0 0 1 0 S 
1 F 0 # 0 1 
1 1 G 1 1 1 
PL32 PD42 L12 T3

Map6
1 1 1 1 1 1 
S 0 1 1 1 1 
1 0 0 # 0 1 
1 0 0 H 0 1 
1 H # 0 0 1 
1 1 1 G 1 1 
u12 PU13 PR44 T7

Map6
1 S 1 1 1 1 
1 0 0 0 F 1 
G 0 F 0 H 1 
1 H 0 0 0 1 
1 1 # 0 0 1 
1 1 1 1 1 1 
PD31 PL12 p44 T7

Map6
1 S 1 1 1 1 
1 0 0 0 0 1 
1 0 # H 0 1 
1 0 F 0 0 1 
1 F # 0 0 1 
1 1 1 G 1 1 
R44 L12 p11 T6

Map6
1 S 1 1 1 1 
1 0 0 0 F 1 
1 0 0 0 0 1 
G 0 0 0 0 1 
1 F 0 # 0 1 
1 1 1 1 1 1 
r22 PD31 PD12 T5

Map6
1 1 1 G 1 1 
S 0 1 0 H 1 
1 0 0 F 1 1 
1 1 0 0 F 1 
1 # # 0 0 1 
1 1 1 1 1 1 
PU12 PD22 d44 T6

Map6
1 1 1 G 1 1 
1 H 0 0 0 1 
1 0 F 1 0 1 
1 0 0 H 0 1 
1 0 0 0 1 1 
1 S 1 1 1 1 
p21 p14 U13 T7

Map6
1 1 1 1 1 1 
S 0 0 H 0 1 
1 0 0 0 0 1 
1 0 0 H F 1 
1 0 0 # 0 1 
1 1 G 1 1 1 
U21 L13 P32 T4

Map6
1 1 1 1 1 1 
G # F 0 1 1 
1 0 0 H 0 1 
1 H 0 0 0 1 
1 F 0 0 0 S 
1 1 1 1 1 1 
D24 PD33 PL31 T2

Map6
1 1 G 1 1 1 
1 0 0 0 H 1 
1 0 0 F 0 1 
1 0 0 1 0 1 
1 0 H 0 F 1 
1 1 1 1 S 1 
PD12 PD42 d43 T4

Map6
1 1 1 1 1 1 
1 0 0 0 0 S 
1 F 0 0 0 1 
1 F 0 1 1 1 
1 0 1 0 0 1 
1 1 1 1 G 1 
PR34 PL42 P21 T4

Map6
1 1 G 1 1 1 
1 # 0 0 # 1 
1 F 0 0 0 S 
1 0 0 0 0 1 
1 0 0 H 0 1 
1 1 1 1 1 1 
PL32 PD13 l42 T5

Map6
1 1 1 1 1 1 
1 H H 0 0 1 
G # 0 0 0 1 
1 0 0 # 0 1 
S 0 0 0 F 1 
1 1 1 1 1 1 
d43 R13 P34 T5

Map6
1 1 1 1 1 1 
1 0 0 1 0 1 
1 0 H 0 0 1 
1 F 0 0 0 G 
1 0 0 0 0 1 
1 S 1 1 1 1 
PU34 PL21 P32 T3

Map6
1 1 1 1 S 1 
1 0 0 0 0 1 
1 0 1 0 0 1 
1 1 0 0 0 G 
1 0 0 0 H 1 
1 1 1 1 1 1 
P42 r32 d41 T6

Map6
1 1 1 1 1 1 
1 0 0 0 0 1 
1 0 H 0 0 S 
1 H 0 F 0 1 
1 # 0 0 0 1 
1 1 G 1 1 1 
PU43 PD23 P32 T2

Map6
1 1 1 1 1 1 
G F 0 1 0 1 
1 0 0 F 0 1 
1 0 0 1 0 1 
1 0 H 0 0 S 
1 1 1 1 1 1 
P34 d43 U23 T5

Map6
1 1 1 1 1 1 
G 0 0 0 0 1 
1 1 0 0 0 1 
S 0 0 H # 1 
1 0 0 1 0 1 
1 1 1 1 1 1 
PD41 PD23 p24 T8

Map6
1 1 1 G 1 1 
1 0 0 # 0 1 
1 1 0 1 H 1 
1 1 0 F 0 1 
S 0 # F 0 1 
1 1 1 1 1 1 
PU22 PL14 p21 T4

Map6
1 1 1 1 1 1 
1 H 0 0 0 1 
G 0 0 1 0 1 
1 H 0 0 0 S 
1 0 0 0 0 1 
1 1 1 1 1 1 
D42 L21 d34 T5

Map6
1 1 1 1 S 1 
1 F 0 0 0 1 
1 0 0 0 F 1 
G 0 1 0 0 1 
1 0 0 H 0 1 
1 1 1 1 1 1 
d33 PR14 PD44 T7

Map6
1 1 1 1 1 1 
1 0 1 1 0 1 
1 H 0 0 0 1 
1 F # 0 0 S 
1 # 0 1 0 1 
1 1 G 1 1 1 
PU33 PD22 l43 T5

Map6
1 1 1 1 1 1 
S 0 0 F F 1 
1 0 0 0 # 1 
1 0 0 H 0 G 
1 # 0 H 0 1 
1 1 1 1 1 1 
PU21 PU13 R44 T5

Map6
1 1 1 G 1 1 
1 0 0 0 H 1 
1 0 0 F 0 1 
1 0 0 # 0 1 
S 0 # 0 F 1 
1 1 1 1 1 1 
PD43 PR34 r14 T6

Map6
1 1 1 1 1 1 
1 0 0 0 0 1 
1 # H 0 0 1 
1 0 0 0 0 1 
1 H 0 0 0 S 
1 1 G 1 1 1 
PL42 PU13 P34 T4

Map6
1 S 1 1 1 1 
1 0 0 0 0 1 
1 0 0 1 0 1 
G 0 0 # H 1 
1 H 0 0 0 1 
1 1 1 1 1 1 
D31 r22 U12 T5

Map6
1 1 1 1 1 1 
1 0 0 H 0 S 
1 0 0 H # 1 
1 F 0 0 0 G 
1 0 0 0 F 1 
1 1 1 1 1 1 
PL34 PR41 U22 T4

Map6
1 1 1 1 1 1 
1 0 H 0 0 1 
1 0 0 1 0 G 
1 0 0 1 H 1 
1 0 0 1 0 1 
1 1 S 1 1 1 
PR42 PL22 p13 T5

Map6
1 1 1 1 1 1 
S 0 1 0 F 1 
1 0 0 0 0 1 
1 # 0 0 F 1 
1 0 H 0 0 1 
1 1 1 G 1 1 
d11 PL42 PU12 T4

Map6
1 G 1 1 1 1 
1 0 H 0 0 1 
1 # 1 0 0 1 
1 F 0 0 0 1 
1 0 H 0 # S 
1 1 1 1 1 1 
PD41 PU11 P34 T2

Map6
1 1 1 1 S 1 
1 H 0 0 0 1 
1 0 0 0 0 1 
G 0 0 # H 1 
1 0 0 0 0 1 
1 1 1 1 1 1 
r32 D21 R42 T5

Map6
1 1 S 1 1 1 
1 0 0 0 H 1 
1 0 # 0 0 G 
1 F F 0 0 1 
1 1 1 0 0 1 
1 1 1 1 1 1 
u31 PL44 PU21 T5

Map6
1 1 1 1 1 1 
1 H 0 0 F 1 
G 0 0 # F 1 
1 1 0 H 0 1 
1 0 0 0 0 1 
1 1 1 1 S 1 
L21 PD14 PR43 T4

Map6
1 1 1 1 1 1 
1 # 0 0 0 1 
G 0 1 0 0 1 
1 H # 0 0 1 
1 F 0 0 0 1 
1 1 1 1 S 1 
l43 PL12 PU33 T4

Map6
1 1 1 G 1 1 
1 0 0 0 0 1 
1 1 1 H 0 1 
1 0 0 0 0 1 
1 0 0 0 1 1 
1 1 1 S 1 1 
PR33 PR14 D21 T5

Map6
1 1 G 1 1 1 
1 # 0 F H 1 
1 0 0 # 0 1 
1 0 1 0 0 1 
S 0 0 0 F 1 
1 1 1 1 1 1 
PD12 PU21 P24 T2

Map6
1 S 1 1 1 1 
1 0 0 0 H 1 
1 1 1 0 0 G 
1 0 0 # 0 1 
1 0 H 0 0 1 
1 1 1 1 1 1 
PU11 PU34 p31 T4

Map6
1 1 S 1 1 1 
1 0 0 H # 1 
1 0 0 0 0 1 
1 0 F 0 0 1 
1 0 H 0 0 1 
1 1 1 G 1 1 
D32 PD22 PL14 T4

Map6
1 1 1 1 1 1 
1 0 0 0 H 1 
G 0 0 0 0 1 
1 0 F H 0 1 
S 0 F 0 0 1 
1 1 1 1 1 1 
PR22 PD42 l11 T7

Map6
1 1 1 G 1 1 
1 H 0 0 0 1 
1 0 1 0 # 1 
1 0 H # 1 1 
1 0 0 1 0 1 
1 S 1 1 1 1 
L13 PL24 PR21 T5

Map6
1 1 1 1 S 1 
1 0 0 0 0 1 
1 0 # 0 0 1 
G 0 0 0 F 1 
1 F 0 0 0 1 
1 1 1 1 1 1 
U24 l11 l33 T7

Map6
1 1 1 1 1 1 
1 1 0 0 F 1 
1 H F 0 0 G 
1 0 # 0 0 1 
S 0 1 1 0 1 
1 1 1 1 1 1 
l31 PL43 PL14 T6

Map6
1 1 G 1 1 1 
1 H 0 0 0 1 
1 0 0 0 0 1 
1 0 0 0 0 1 
S 0 0 H 0 1 
1 1 1 1 1 1 
PU12 PR24 u13 T5

Map6
1 1 1 G 1 1 
1 0 0 0 F 1 
S 0 F 0 H 1 
1 0 0 0 0 1 
1 H 0 0 0 1 
1 1 1 1 1 1 
PL12 PD21 R44 T3

Map6
1 1 1 1 1 1 
S 0 0 H 0 1 
1 F 0 H 0 1 
1 0 0 0 0 1 
1 0 0 F 0 1 
1 1 1 G 1 1 
U21 R14 U43 T4

Map6
1 1 1 1 1 1 
1 0 0 0 1 1 
1 0 0 0 0 1 
1 # 0 F 1 1 
1 0 F 0 0 S 
1 1 G 1 1 1 
PR34 PU12 U31 T3

Map6
1 1 1 1 1 1 
1 F 0 0 0 1 
1 0 0 0 # 1 
1 0 1 0 0 G 
1 0 0 1 0 1 
1 1 S 1 1 1 
PU33 PR14 d31 T4

Map6
1 1 1 1 S 1 
1 0 0 0 # 1 
1 0 0 0 0 1 
G # 0 1 0 1 
1 F 0 0 F 1 
1 1 1 1 1 1 
D21 PL43 PD24 T3

Map6
1 1 1 1 1 1 
1 0 0 0 F S 
1 H 0 1 0 1 
1 0 F 0 0 1 
1 0 1 0 0 1 
1 G 1 1 1 1 
PR11 PR34 R42 T4

Map6
1 1 S 1 1 1 
1 0 0 0 0 1 
1 # 0 0 1 1 
1 0 F 0 0 1 
1 # 1 0 F 1 
1 1 1 1 G 1 
u21 P22 P34 T6

Map6
1 1 1 1 S 1 
1 0 0 # 0 1 
1 H 0 0 0 1 
1 1 # F 0 G 
1 1 0 0 F 1 
1 1 1 1 1 1 
L11 d24 P42 T6

Map6
1 1 1 1 1 1 
G # 0 # 0 1 
1 0 0 H 1 1 
1 0 1 0 F 1 
1 H 0 0 F S 
1 1 1 1 1 1 
U24 PD21 PD33 T5

Map6
1 1 1 1 1 1 
1 0 1 H 0 1 
1 0 0 0 0 1 
G 0 0 H 0 1 
1 0 0 0 0 1 
1 S 1 1 1 1 
u11 u22 u34 T9

Map6
1 1 1 1 S 1 
1 0 0 0 0 1 
G # 0 1 0 1 
1 0 0 # H 1 
1 H 0 1 F 1 
1 1 1 1 1 1 
l22 r31 U42 T7

Map6
1 1 1 1 S 1 
1 0 0 H 0 1 
1 1 # 0 # 1 
G 0 1 0 0 1 
1 1 F H 0 1 
1 1 1 1 1 1 
p41 PL13 PD21 T4

Map6
1 1 1 S 1 1 
1 F 0 0 0 1 
1 0 0 0 H 1 
G # 0 F 0 1 
1 0 1 0 0 1 
1 1 1 1 1 1 
R14 U34 r31 T4

Map6
1 G 1 1 1 1 
1 0 1 0 # 1 
1 0 0 0 1 1 
S 0 F 0 F 1 
1 1 0 0 0 1 
1 1 1 1 1 1 
P31 PL13 PR24 T5

Map6
1 1 1 1 1 1 
S 0 F 0 0 1 
1 0 0 0 0 1 
1 0 0 H H 1 
1 0 0 0 0 1 
1 1 1 G 1 1 
PU42 PR14 d24 T4

Map6
1 1 1 1 1 1 
1 H 0 1 0 1 
G F # 1 0 1 
1 # 0 0 F 1 
1 0 0 0 0 1 
1 1 1 1 S 1 
P21 D42 P14 T4

Map6
1 1 G 1 1 1 
1 0 0 0 F 1 
1 0 0 0 1 1 
1 1 0 H 0 1 
1 F 0 0 # 1 
1 1 1 1 S 1 
PR12 PR24 l34 T5

Map6
1 1 1 G 1 1 
1 0 0 0 F 1 
1 0 0 0 H 1 
1 # 0 0 0 1 
S 0 0 H 1 1 
1 1 1 1 1 1 
r14 P43 L24 T5

Map6
1 S 1 1 G 1 
1 0 0 1 0 1 
1 0 0 0 1 1 
1 0 1 F H 1 
1 F 0 H 0 1 
1 1 1 1 1 1 
PU41 PL21 U12 T2

Map6
1 1 1 1 1 1 
1 0 0 0 0 1 
1 0 F 0 0 1 
G F # H # 1 
1 0 0 0 0 1 
1 1 1 S 1 1 
D21 PU24 PD34 T2

Map6
1 1 1 1 1 1 
1 0 0 H 0 1 
1 0 H 0 0 1 
1 0 0 1 0 G 
1 1 F 0 0 1 
1 1 S 1 1 1 
PD23 PU44 L42 T2

Map6
1 1 S 1 1 1 
1 0 0 # 0 1 
G 0 H 0 0 1 
1 0 0 0 H 1 
1 F 0 0 1 1 
1 1 1 1 1 1 
R11 P41 L34 T5

Map6
1 1 1 1 G 1 
1 0 H 0 0 1 
1 0 0 1 1 1 
1 0 0 1 0 S 
1 # 0 0 0 1 
1 1 1 1 1 1 
PR31 PL22 p13 T7

Map6
1 1 1 1 1 1 
1 0 0 0 0 S 
1 1 1 0 0 1 
1 0 0 0 0 1 
1 F 0 0 H 1 
1 1 G 1 1 1 
r41 r32 U13 T6

Map6
1 1 1 S 1 1 
1 0 0 F H 1 
1 0 0 0 0 1 
1 0 F H 1 1 
1 0 0 0 0 1 
1 1 1 G 1 1 
P44 PR14 PU32 T2

Map6
1 1 S 1 1 1 
1 0 0 0 H 1 
1 0 0 0 0 G 
1 0 H 0 0 1 
1 0 0 0 0 1 
1 1 1 1 1 1 
u24 r33 P22 T8

Map6
1 1 1 1 1 1 
1 H 0 0 0 G 
1 0 0 0 H 1 
1 0 0 0 0 1 
1 0 F 0 0 1 
1 S 1 1 1 1 
r14 d13 D12 T5

Map6
1 1 1 1 1 1 
1 0 1 0 0 1 
G # H 0 0 S 
1 0 0 0 0 1 
1 1 0 0 0 1 
1 1 1 1 1 1 
R32 u42 p13 T7

Map6
1 1 1 1 S 1 
1 0 0 0 0 1 
1 H 0 # 0 1 
1 0 0 0 F G 
1 0 0 0 0 1 
1 1 1 1 1 1 
r31 PL42 PD24 T5

Map6
1 1 G 1 1 1 
1 H # 0 # 1 
1 0 0 0 0 1 
1 F 0 0 0 S 
1 H 0 0 0 1 
1 1 1 1 1 1 
l12 D23 L42 T4

Map6
1 1 1 1 1 1 
1 0 F 0 F 1 
1 0 0 0 # G 
1 0 # 0 0 1 
1 0 0 0 0 1 
1 1 S 1 1 1 
P31 PL22 PU43 T4

Map6
1 1 1 1 1 1 
1 # H 0 0 S 
1 0 0 0 0 1 
1 0 0 0 F 1 
1 F H 0 0 1 
1 1 1 G 1 1 
PU42 PR12 U31 T3

Map6
1 1 1 1 1 1 
1 0 0 0 0 1 
1 0 F 0 1 1 
1 0 1 0 0 1 
1 0 0 H 0 G 
1 S 1 1 1 1 
PU33 PD43 r13 T5

Map6
1 1 1 1 1 1 
1 H 0 0 0 S 
1 0 0 1 0 1 
1 0 0 0 0 1 
1 0 0 H 0 1 
1 1 G 1 1 1 
d23 PU31 PL44 T5

Map6
1 1 1 1 S 1 
1 0 # 0 0 1 
1 0 1 0 F G 
1 0 1 # 0 1 
1 0 1 0 F 1 
1 1 1 1 1 1 
PL43 PU41 p31 T5

Map6
1 1 1 1 1 1 
1 0 H 0 0 G 
1 0 0 # 1 1 
1 # 1 F 0 1 
1 0 0 1 0 1 
1 1 1 1 S 1 
PD43 PL24 r11 T7

Map6
1 1 G 1 S 1 
1 F 0 0 0 1 
1 0 0 0 0 1 
1 1 0 0 H 1 
1 F 1 H 0 1 
1 1 1 1 1 1 
r32 PR31 PL42 T4

Map6
1 1 1 1 1 1 
1 F 0 H 0 1 
G 0 0 H 0 1 
1 0 # 0 0 1 
1 0 # 0 F 1 
1 1 1 S 1 1 
R33 d34 u21 T7

Map6
1 1 1 G 1 1 
1 0 F 0 1 1 
1 1 0 0 0 1 
1 0 # F 0 S 
1 # 0 0 1 1 
1 1 1 1 1 1 
D13 PL42 PD22 T3

Map6
1 1 1 1 1 1 
1 0 0 0 0 1 
1 0 0 0 0 1 
1 H 0 0 0 1 
1 0 0 0 H 1 
1 S 1 G 1 1 
PD14 PU12 U41 T3

Map6
1 1 G 1 1 1 
1 0 0 1 0 1 
1 H 0 0 0 1 
1 0 0 F 0 1 
1 0 H 0 0 S 
1 1 1 1 1 1 
P13 PR44 PD41 T3

Map6
1 1 1 1 1 1 
S 0 0 0 F 1 
1 0 0 0 0 1 
1 0 0 H 0 G 
1 0 0 0 # 1 
1 1 1 1 1 1 
L21 l11 l42 T7

Map6
1 1 1 1 1 1 
1 0 0 0 0 1 
S 0 H 0 0 1 
1 0 0 0 H 1 
1 0 F 0 0 1 
1 1 1 G 1 1 
PU42 PL12 d41 T4

Map6
1 S 1 1 G 1 
1 0 0 0 0 1 
1 H 0 0 H 1 
1 0 0 0 0 1 
1 0 0 0 0 1 
1 1 1 1 1 1 
PD32 PU11 r34 T6

Map6
1 1 1 1 1 1 
1 # 0 0 0 G 
1 1 1 H 1 1 
1 F 0 0 0 1 
S 0 0 0 F 1 
1 1 1 1 1 1 
R43 PU34 PR21 T4

Map6
1 1 1 1 1 1 
S 0 0 0 # 1 
1 F 0 H 0 1 
1 1 0 0 0 1 
1 0 F 0 H 1 
1 1 1 G 1 1 
u11 PL43 PU23 T4

Map6
1 1 1 1 1 1 
1 1 0 0 0 S 
G 0 H F 1 1 
1 0 # 0 0 1 
1 0 0 H 0 1 
1 1 1 1 1 1 
PL12 PU33 p41 T3

Map6
1 1 1 1 1 1 
1 F 0 0 0 G 
1 1 0 0 0 1 
1 0 0 H 0 S 
1 0 H # 0 1 
1 1 1 1 1 1 
D23 PD21 PR43 T4

Map6
1 S 1 1 1 1 
1 0 0 0 0 1 
1 0 0 0 # G 
1 H 0 0 H 1 
1 0 0 0 0 1 
1 1 1 1 1 1 
d34 l21 P12 T8

Map6
1 1 1 1 1 1 
1 0 1 0 # 1 
1 0 0 H 1 1 
1 0 0 H F 1 
1 0 1 0 0 1 
1 S 1 1 G 1 
L11 PL22 PR34 T3

Map6
1 1 1 1 1 1 
1 0 H F 0 G 
1 1 0 0 0 1 
1 # 0 F 0 1 
1 0 0 0 1 1 
1 1 1 S 1 1 
D32 PL23 PU42 T5

Map6
1 1 1 1 1 1 
1 1 0 0 0 1 
1 0 0 0 0 1 
1 F H 0 0 S 
1 # F 0 0 1 
1 1 1 G 1 1 
PL41 PL33 P44 T6

Map6
1 1 1 G 1 1 
1 0 0 0 0 1 
1 0 0 0 0 1 
1 H F 0 0 1 
S 0 1 0 H 1 
1 1 1 1 1 1 
R12 PL14 PD21 T4

Map6
1 1 1 S 1 1 
1 0 # 0 0 1 
1 0 0 F 0 1 
1 0 H 0 0 G 
1 0 0 H # 1 
1 1 1 1 1 1 
PL42 PD11 R22 T3

Map6
1 G 1 1 1 1 
1 F 0 0 0 1 
1 0 H 0 0 1 
1 0 H 0 0 1 
1 1 0 0 0 S 
1 1 1 1 1 1 
PU12 PU42 r44 T5

Map6
1 1 1 1 1 1 
1 0 1 0 0 1 
1 F 0 0 0 1 
1 0 0 1 0 1 
1 F 0 0 # S 
1 G 1 1 1 1 
U34 PL23 PU32 T5

Map6
1 S 1 1 1 1 
1 0 0 0 F 1 
1 0 # 0 F 1 
1 H 0 0 0 G 
1 0 0 # 0 1 
1 1 1 1 1 1 
p24 U31 L12 T6

Map6
1 S 1 1 1 1 
1 # H # 0 1 
1 0 0 0 0 1 
1 H 0 0 0 1 
1 F 0 0 0 1 
1 1 1 G 1 1 
PR22 PU12 U42 T2

Map6
1 1 S 1 1 1 
1 0 0 0 # 1 
1 1 0 0 0 G 
1 1 H 0 # 1 
1 0 0 0 1 1 
1 1 1 1 1 1 
u21 r32 D22 T7

Map6
1 G 1 1 S 1 
1 0 0 F 0 1 
1 H 1 0 # 1 
1 0 0 0 F 1 
1 H 0 0 # 1 
1 1 1 1 1 1 
PD33 PR32 D24 T6

Map6
1 1 1 1 1 1 
1 H # 0 0 1 
S 0 0 F 0 1 
1 # 0 0 0 1 
1 0 F 0 H 1 
1 1 1 G 1 1 
U22 r12 p23 T6

Map6
1 S 1 1 1 1 
1 0 0 0 # 1 
1 0 0 0 1 1 
1 # 0 H F 1 
1 0 0 H 0 G 
1 1 1 1 1 1 
PR44 PD31 r11 T4

Map6
1 1 1 1 1 1 
G # 0 # 0 1 
1 H 0 1 0 1 
1 0 H 0 F 1 
1 0 0 0 1 1 
1 S 1 1 1 1 
PL24 PU22 U13 T3

Map6
1 1 1 G 1 1 
1 0 0 F # 1 
1 0 0 0 0 1 
1 0 0 H 0 1 
1 0 H 0 0 1 
1 1 1 1 S 1 
R12 r43 d22 T5

Map6
1 1 1 1 1 1 
1 H 0 0 0 S 
G 0 1 0 0 1 
1 0 H 1 0 1 
1 0 0 0 0 1 
1 1 1 1 1 1 
R21 PU42 PL12 T2

Map6
1 1 1 1 1 1 
1 H 0 0 0 1 
1 1 0 0 0 G 
1 0 1 H # 1 
S 0 1 0 0 1 
1 1 1 1 1 1 
PU44 PL14 R32 T1

Map6
1 1 1 1 1 1 
1 1 H 0 0 1 
1 0 0 0 0 1 
1 0 0 H 0 S 
1 # 0 0 0 1 
1 G 1 1 1 1 
PR43 PU13 u12 T6

Map6
1 G 1 1 1 1 
1 0 F 0 0 1 
1 H 0 0 1 1 
1 # 0 0 0 1 
1 1 F 0 0 1 
1 1 S 1 1 1 
l31 U22 p23 T6

Map6
1 1 G 1 1 1 
1 0 F 0 # S 
1 0 0 # 0 1 
1 0 0 0 0 1 
1 0 0 H 0 1 
1 1 1 1 1 1 
P31 p42 p33 T6

Map6
1 1 1 1 1 1 
1 F 0 0 0 1 
G 0 0 H 0 1 
1 0 0 0 0 1 
1 0 0 0 0 1 
1 1 1 S 1 1 
PU21 PR14 R33 T4

Map6
1 1 G 1 1 1 
1 H 0 1 0 1 
1 0 H 1 0 1 
1 0 0 # 0 1 
1 0 0 0 0 S 
1 1 1 1 1 1 
PU21 PU14 l24 T6

Map6
1 1 S 1 1 1 
1 1 # 0 F 1 
1 1 1 0 F 1 
1 0 0 0 0 G 
1 0 H 0 0 1 
1 1 1 1 1 1 
L34 PD32 PL31 T3

Map6
1 1 S 1 G 1 
1 0 0 0 0 1 
1 # H 1 0 1 
1 0 F 0 F 1 
1 0 # 0 H 1 
1 1 1 1 1 1 
L31 PL34 PU41 T3

Map6
1 1 1 1 1 1 
1 0 1 0 # G 
S 0 1 0 0 1 
1 0 0 0 0 1 
1 H H 0 1 1 
1 1 1 1 1 1 
r12 PD11 PD31 T6

Map6
1 1 1 1 1 1 
1 0 0 0 0 1 
1 0 H 0 0 1 
1 0 0 0 1 1 
1 0 F 0 0 1 
1 1 G 1 S 1 
PD44 PU33 p12 T6

Map6
1 1 1 1 1 1 
G 0 1 1 H 1 
1 H 0 0 0 1 
S # 0 F 0 1 
1 0 0 1 # 1 
1 1 1 1 1 1 
PU14 PL11 D23 T2

Map6
1 1 1 1 1 1 
1 F 0 0 0 1 
G 0 0 0 0 1 
1 0 0 0 F 1 
1 H 0 0 0 S 
1 1 1 1 1 1 
d33 R24 p44 T4

Map6
1 1 1 1 1 1 
1 0 0 0 0 1 
1 H 0 # 0 1 
1 0 0 0 0 1 
S 0 1 0 H 1 
1 1 1 G 1 1 
PL14 PU22 p21 T4

Map6
1 1 1 1 G 1 
1 0 0 1 0 1 
S 0 0 0 H 1 
1 H # 0 0 1 
1 0 # 0 0 1 
1 1 1 1 1 1 
PR11 PU41 U32 T3

Map6
1 1 1 1 S 1 
1 0 0 0 0 1 
1 1 0 # 0 1 
G 0 1 0 0 1 
1 0 0 1 H 1 
1 1 1 1 1 1 
PD21 PU14 R43 T4

Map6
1 1 1 1 1 1 
1 0 0 0 0 1 
1 0 0 H 0 G 
1 0 0 0 # 1 
S 0 0 H 0 1 
1 1 1 1 1 1 
L41 R12 D24 T5

Map6
1 1 1 1 1 1 
1 0 0 0 0 1 
G # # 0 1 1 
1 0 H 0 0 1 
1 0 0 0 0 1 
1 1 S 1 1 1 
PD24 PR21 D33 T4

Map6
1 1 1 1 1 1 
1 H 0 0 1 1 
1 0 0 F 0 1 
1 0 0 1 0 1 
S 0 1 0 H 1 
1 1 1 G 1 1 
PR12 PD34 P21 T5

Map6
1 1 1 1 S 1 
1 1 0 H 0 1 
1 0 0 0 H 1 
1 F 1 0 0 G 
1 0 0 0 0 1 
1 1 1 1 1 1 
r44 PU41 PL32 T7

Map6
1 1 1 1 1 1 
1 0 0 H 0 G 
1 0 0 # 1 1 
1 0 0 0 0 1 
1 F H 0 0 1 
1 S 1 1 1 1 
PU33 PR41 U11 T3

Map6
1 1 1 S 1 1 
1 0 H 0 0 1 
1 0 1 0 0 1 
1 # 0 1 0 1 
1 0 F 0 0 1 
1 1 G 1 1 1 
PR34 PU14 P12 T6

Map6
1 1 1 1 S 1 
1 1 1 0 # 1 
1 0 1 0 0 1 
1 0 0 0 0 1 
1 0 0 F F G 
1 1 1 1 1 1 
PR31 PR14 P42 T2

Map6
1 1 1 S 1 1 
1 0 0 # F 1 
1 H 0 0 H 1 
1 0 # 0 0 G 
1 0 0 F 0 1 
1 1 1 1 1 1 
PU11 PU32 r22 T5

Map6
1 1 1 1 1 1 
1 1 F F 0 G 
1 0 # 0 H 1 
1 0 0 0 1 1 
1 0 0 1 0 1 
1 1 S 1 1 1 
PR41 PU23 R32 T5

Map6
1 1 1 1 S 1 
1 F 0 0 0 1 
1 F 0 0 0 1 
1 0 1 0 0 1 
1 0 0 1 0 1 
1 1 G 1 1 1 
P22 PD24 PL43 T4

Map6
1 1 1 G 1 1 
1 0 # 0 0 1 
1 0 1 # 1 1 
S 0 H 1 F 1 
1 H 0 F 0 1 
1 1 1 1 1 1 
PR11 PL13 u41 T4

Map6
1 1 1 1 S 1 
1 0 1 F 0 1 
G 0 0 1 0 1 
1 0 1 0 0 1 
1 F 0 0 0 1 
1 1 1 1 1 1 
L22 PD11 PU41 T1

Map6
1 1 1 1 S 1 
1 0 1 0 0 1 
1 1 0 H 0 1 
1 0 0 0 0 1 
1 0 F 0 H 1 
1 1 1 G 1 1 
U23 PR31 PL43 T4

Map6
1 1 1 G 1 1 
S 0 0 F 0 1 
1 F 0 # 1 1 
1 0 0 0 0 1 
1 0 H 0 0 1 
1 1 1 1 1 1 
d23 P21 L14 T5

Map6
1 S 1 1 1 1 
1 0 1 0 0 1 
1 0 0 1 0 G 
1 H 0 0 0 1 
1 0 0 0 0 1 
1 1 1 1 1 1 
PL44 PU11 u41 T8

Map6
1 G 1 1 1 1 
1 0 # 0 1 1 
1 0 # 1 0 S 
1 1 0 0 0 1 
1 0 0 0 F 1 
1 1 1 1 1 1 
P14 PR42 PD33 T5

Map6
1 1 1 S 1 1 
1 0 1 0 F 1 
1 0 0 1 0 1 
1 # 0 0 F G 
1 0 0 H 1 1 
1 1 1 1 1 1 
p12 PL22 PU31 T4

Map6
1 1 1 1 S 1 
1 0 F 0 0 1 
1 H 0 0 0 1 
1 0 0 0 0 1 
1 0 H 0 F 1 
1 1 1 G 1 1 
L22 p41 U43 T3

Map6
1 1 1 1 1 1 
S # 0 0 1 1 
1 0 0 H 1 1 
1 1 H 0 0 1 
1 # 0 0 0 1 
1 1 G 1 1 1 
PL21 PL44 u34 T3

Map6
1 1 1 1 1 1 
1 # 0 H F 1 
1 0 0 0 0 1 
1 0 0 0 0 1 
1 0 0 F 0 1 
1 1 G 1 S 1 
D42 r33 r44 T4

Map6
1 1 S 1 1 1 
1 F 0 0 # 1 
1 H 1 0 0 1 
1 0 F 1 0 1 
G 0 0 0 1 1 
1 1 1 1 1 1 
p43 PR32 PD13 T7

Map6
1 1 1 1 1 1 
1 H H 0 # 1 
1 F 0 0 0 1 
1 0 0 0 0 1 
1 0 F 0 0 1 
1 S 1 G 1 1 
d23 P13 p44 T8

Map6
1 S 1 1 1 1 
1 0 0 H 0 1 
1 0 0 0 0 1 
1 0 0 1 1 1 
1 H 0 0 0 1 
1 1 1 1 G 1 
u11 l12 U13 T6

Map6
1 1 1 1 1 1 
S 0 0 0 H 1 
1 0 0 H 0 1 
1 0 0 # 0 1 
G F F 0 0 1 
1 1 1 1 1 1 
PD42 PU12 D21 T3

Map6
1 1 1 1 1 1 
S 0 0 H 0 1 
1 1 # 0 0 1 
1 0 1 0 H 1 
1 0 0 # 0 1 
1 1 G 1 1 1 
PL11 PL44 l14 T4

Map6
1 1 1 1 1 1 
1 0 0 # 1 1 
S 0 0 H # 1 
1 1 0 F F G 
1 0 0 H 0 1 
1 1 1 1 1 1 
PD11 PR23 U22 T2

Map6
1 1 1 1 1 1 
1 F 0 F 0 1 
1 H 0 0 0 1 
S 0 H 1 # G 
1 0 1 0 0 1 
1 1 1 1 1 1 
PR21 PL13 L44 T3

Map6
1 1 1 1 1 1 
1 0 0 1 0 G 
1 F 0 0 0 1 
1 0 F 1 H 1 
1 0 # 0 0 1 
1 S 1 1 1 1 
PL21 PL13 R34 T6

Map6
1 1 1 1 1 1 
1 0 0 0 H 1 
1 # 1 0 0 1 
1 0 0 # H 1 
1 F 0 0 0 1 
1 S 1 G 1 1 
P44 PR24 PL21 T3

Map6
1 1 S 1 1 1 
1 0 0 1 0 1 
1 # 0 H 0 1 
1 0 1 0 0 G 
1 1 # 0 0 1 
1 1 1 1 1 1 
D44 PD11 PD41 T4

Map6
1 1 1 1 1 1 
1 F 0 # 1 1 
1 # 0 0 F 1 
G 0 H H 0 1 
1 0 0 0 0 1 
1 1 S 1 1 1 
d14 L22 L34 T4

Map6
1 1 1 G 1 1 
1 0 0 F 0 1 
1 0 0 0 0 1 
1 # H 0 0 1 
1 0 # F 0 1 
1 1 S 1 1 1 
R41 R14 p42 T5

Map6
1 1 G 1 1 1 
1 H 0 0 0 S 
1 0 # 0 0 1 
1 0 0 0 F 1 
1 F 0 0 0 1 
1 1 1 1 1 1 
PL31 PL24 r32 T7

Map6
1 1 1 1 1 1 
1 0 0 1 0 G 
1 0 1 0 0 1 
1 F F # 0 S 
1 0 0 # H 1 
1 1 1 1 1 1 
PL24 PU42 D12 T3

Map6
1 1 1 1 1 1 
1 F 0 0 0 1 
G 0 0 F 1 1 
1 0 # 0 0 1 
1 0 0 0 0 1 
1 1 1 S 1 1 
r34 D33 R21 T5

Map6
1 1 1 1 G 1 
1 0 H H 0 1 
1 # 0 0 1 1 
1 0 0 0 0 1 
1 1 # 0 0 1 
1 1 S 1 1 1 
PU41 PL22 p13 T5

Map6
1 1 1 1 G 1 
1 0 1 # 0 1 
1 0 H # 0 S 
1 0 0 0 F 1 
1 0 0 0 0 1 
1 1 1 1 1 1 
PD11 PR42 p24 T6

Map6
1 1 1 1 1 1 
1 0 F 0 1 1 
1 0 0 1 0 1 
1 0 0 1 0 1 
S 0 0 0 F 1 
1 1 1 G 1 1 
d13 PD34 PU24 T5

Map6
1 1 1 1 1 1 
1 0 H 0 0 1 
G 0 0 0 0 1 
1 1 0 0 1 1 
1 0 0 H 0 1 
1 1 S 1 1 1 
P23 PU33 PR14 T5

Map6
1 1 1 1 1 1 
S 0 0 0 0 1 
1 0 0 H 0 1 
1 0 0 0 0 1 
1 F 0 0 F 1 
1 1 1 G 1 1 
L24 r43 u11 T7

Map6
1 1 1 1 1 1 
1 0 0 0 0 1 
1 0 H 0 F S 
1 0 0 # # 1 
1 0 0 0 F 1 
1 G 1 1 1 1 
PR32 PR13 u23 T5

Map6
1 1 1 1 1 1 
S 0 H 0 0 1 
1 F 0 1 0 1 
1 H 0 0 0 1 
G 0 0 # 0 1 
1 1 1 1 1 1 
PU44 PL11 D22 T4

Map6
1 1 1 1 1 1 
1 1 0 0 0 S 
1 0 H 0 0 1 
1 0 F 0 0 1 
1 H 0 0 0 1 
1 1 G 1 1 1 
PD24 PL44 D21 T3

Map6
1 1 S 1 1 1 
1 0 # 1 0 1 
1 1 0 1 0 1 
1 0 0 0 0 G 
1 0 H H 0 1 
1 1 1 1 1 1 
l22 PU23 PD42 T3

Map6
1 1 1 G 1 1 
1 0 0 # 0 1 
1 H 0 F 0 S 
1 0 0 0 0 1 
1 0 # F H 1 
1 1 1 1 1 1 
PD13 PL41 D21 T4

Map6
1 1 1 1 1 1 
1 0 0 0 0 1 
G F 0 H 0 1 
1 0 # 0 0 1 
1 F 0 0 0 S 
1 1 1 1 1 1 
PL34 PD11 l22 T5

Map6
1 1 G 1 1 1 
1 0 0 H 0 S 
1 F 0 0 0 1 
1 0 F 0 0 1 
1 0 0 0 H 1 
1 1 1 1 1 1 
PR41 PR14 L34 T2

Map6
1 1 1 1 1 1 
1 1 F 0 0 S 
1 0 0 0 0 1 
G # 0 1 0 1 
1 0 F 0 1 1 
1 1 1 1 1 1 
U31 p41 u12 T7

Map6
1 1 1 1 1 1 
1 0 F 0 0 1 
1 1 1 0 0 1 
1 F 0 0 0 1 
G 0 0 1 0 1 
1 1 1 1 S 1 
PU33 PL14 u41 T5

Map6
1 1 1 1 1 1 
1 0 F 0 0 1 
1 0 0 0 0 1 
G # 0 1 0 1 
1 F 0 0 # 1 
1 1 1 S 1 1 
PU41 PD24 d32 T7

Map6
1 1 1 1 1 1 
S 0 0 F 1 1 
1 0 F 0 0 1 
1 0 # 1 0 G 
1 0 1 0 0 1 
1 1 1 1 1 1 
R13 R44 U21 T5

Map6
1 1 1 1 1 1 
1 0 1 1 0 1 
1 0 0 H 0 G 
1 0 1 0 H 1 
S 0 F 0 0 1 
1 1 1 1 1 1 
PR42 PD33 D44 T2

Map6
1 1 1 S 1 1 
1 0 1 0 F 1 
1 0 0 0 0 1 
G 0 # 0 1 1 
1 0 0 H 0 1 
1 1 1 1 1 1 
r31 r12 U33 T5

Map6
1 1 1 1 1 1 
1 0 0 0 0 1 
1 0 1 1 # 1 
1 # 0 0 H 1 
1 0 0 1 0 1 
1 1 G 1 S 1 
R33 PU14 PD44 T4

Map6
1 1 1 1 1 1 
1 0 0 0 F 1 
1 0 0 0 0 1 
1 0 0 0 0 1 
S 0 0 0 F 1 
1 1 1 G 1 1 
P11 p22 U24 T5

Map6
1 1 S 1 1 1 
1 0 0 1 0 1 
1 0 0 0 # 1 
1 0 0 0 F 1 
1 0 # 0 F 1 
1 1 1 G 1 1 
r12 PU23 PL32 T5

Map6
1 1 1 1 1 1 
1 # 0 0 0 1 
1 0 0 0 0 1 
G 0 H 0 0 S 
1 H 0 0 0 1 
1 1 1 1 1 1 
PU33 PL13 p41 T5

Map6
1 1 S 1 G 1 
1 0 F 0 0 1 
1 0 0 1 H 1 
1 1 0 0 0 1 
1 0 0 1 0 1 
1 1 1 1 1 1 
r22 PL33 PU41 T3

Map6
1 1 1 1 1 1 
1 0 0 0 0 1 
G F 0 0 F 1 
1 0 0 0 0 1 
1 0 0 0 0 1 
1 S 1 1 1 1 
u14 r23 P13 T6

Map6
1 1 1 S 1 1 
1 0 1 0 0 1 
1 0 0 0 H 1 
1 1 0 0 0 1 
1 0 1 H 0 1 
1 1 1 1 G 1 
PD11 PD43 P33 T3

Map6
1 1 1 1 1 1 
1 H 0 1 0 1 
S # F 0 0 1 
1 0 0 0 1 1 
1 0 0 F 0 1 
1 1 G 1 1 1 
PL14 PR42 L44 T3

Map6
1 1 1 G 1 1 
1 H 0 0 0 1 
1 0 # H 0 1 
1 0 0 0 1 1 
1 0 0 0 0 1 
1 1 1 S 1 1 
L44 u21 p14 T6

Map6
1 1 1 1 1 1 
1 0 0 0 F 1 
1 H 0 H 0 G 
1 0 0 0 0 1 
1 0 0 0 0 1 
1 1 1 S 1 1 
PR42 PL44 D33 T2

Map6
1 1 1 1 S 1 
1 0 0 0 0 1 
1 F 0 0 H 1 
1 0 0 0 0 1 
1 0 0 H 0 1 
1 1 1 1 G 1 
PL31 PU41 r22 T6

Map6
1 1 1 1 1 1 
1 0 F 1 0 1 
1 0 H 0 1 1 
G 0 0 0 0 1 
1 F 0 0 0 1 
1 1 S 1 1 1 
r34 PL23 PU44 T6

Map6
1 G 1 1 1 1 
1 F 1 0 1 1 
1 0 H 0 0 1 
1 1 0 0 0 1 
1 0 # 0 0 1 
1 1 1 1 S 1 
PU12 PL34 R42 T4

Map6
1 1 1 1 1 1 
1 0 0 0 F 1 
1 # 0 0 0 1 
1 H 0 # 0 1 
G 0 H 0 0 1 
1 1 1 1 S 1 
PL14 PR23 U42 T2

Map6
1 1 1 1 1 1 
1 0 0 # 0 1 
1 1 0 F 1 1 
1 0 0 0 0 1 
1 0 0 F 0 S 
1 1 1 G 1 1 
PR44 PU22 p21 T4

Map6
1 1 1 1 1 1 
1 1 0 1 0 S 
1 0 0 0 1 1 
1 0 F 0 0 1 
1 0 0 H 0 1 
1 1 G 1 1 1 
PU13 PR41 p12 T4

Map6
1 1 1 1 1 1 
1 F 0 0 H 1 
1 0 H 0 0 G 
1 0 0 0 0 1 
S F 0 1 0 1 
1 1 1 1 1 1 
u31 PD23 PL43 T6

Map6
1 1 G 1 1 1 
1 0 F 0 0 1 
1 0 # 0 1 1 
1 0 1 F 0 1 
1 0 # 1 0 1 
1 1 1 1 S 1 
PD11 PD44 R32 T4

Map6
1 1 1 1 1 1 
G 0 1 0 0 1 
1 0 0 F 0 1 
1 0 0 0 0 1 
1 H 0 0 H 1 
1 1 1 S 1 1 
U33 PU12 PR24 T3

Map6
1 1 1 1 1 1 
1 H 0 0 0 1 
1 # H 0 0 1 
1 0 0 0 F G 
1 0 0 0 0 1 
1 1 S 1 1 1 
p24 P32 D23 T5

Map6
1 S 1 1 1 1 
1 0 0 H 0 1 
1 0 0 0 F 1 
1 0 0 H 0 1 
1 F 0 0 0 1 
1 1 1 G 1 1 
P32 u24 L13 T6

Map6
1 1 1 1 S 1 
1 0 0 0 0 1 
1 F 0 0 0 1 
1 0 0 0 0 G 
1 H H 0 F 1 
1 1 1 1 1 1 
PL21 PD42 l32 T5

Map6
1 1 1 1 1 1 
1 0 0 0 0 1 
1 0 0 H 0 1 
G F 0 0 F 1 
1 0 0 0 H 1 
1 1 1 S 1 1 
PL31 PL33 r34 T5

Map6
1 1 S 1 1 1 
1 0 0 0 0 1 
1 0 0 1 H 1 
1 0 H 0 0 G 
1 0 1 0 0 1 
1 1 1 1 1 1 
PR33 PL31 D22 T2

Map6
1 1 1 1 1 1 
1 0 # F 0 1 
1 # 0 0 0 G 
1 0 0 0 H 1 
1 0 1 0 F S 
1 1 1 1 1 1 
U11 PU13 PD33 T3

Map6
1 1 S 1 1 1 
1 0 0 0 0 1 
1 0 0 0 # 1 
1 0 H 0 0 1 
1 0 0 0 H 1 
1 1 G 1 1 1 
l21 P22 u34 T7

Map6
1 S 1 1 1 1 
1 0 0 0 0 1 
1 1 0 0 0 G 
1 0 0 0 0 1 
1 0 H 0 H 1 
1 1 1 1 1 1 
l41 d21 l32 T8

Map6
1 1 1 1 1 1 
1 0 0 0 0 1 
1 0 0 1 H 1 
1 0 H 0 1 1 
1 0 1 # 0 1 
1 S 1 1 G 1 
PU22 PD44 l11 T4

Map6
1 1 G 1 1 1 
1 F 0 0 0 1 
1 0 H F 0 1 
1 0 0 0 0 1 
S 0 0 H 0 1 
1 1 1 1 1 1 
PU21 PD12 P24 T2

Map6
1 1 1 1 1 1 
S F F 0 # 1 
1 0 0 0 0 1 
1 0 0 0 H 1 
G 0 # 0 0 1 
1 1 1 1 1 1 
PR14 PL31 L34 T1

Map6
1 1 1 1 1 1 
1 0 H 0 0 S 
1 0 0 0 0 1 
1 0 F 1 0 1 
1 0 0 0 F 1 
1 1 G 1 1 1 
P43 U31 u32 T5

Map6
1 1 1 1 S 1 
1 F 0 0 0 1 
1 0 0 0 0 1 
1 0 0 0 H 1 
1 0 0 0 0 1 
1 1 G 1 1 1 
U42 PR21 PD22 T2

Map6
1 1 1 1 1 1 
1 # 0 0 0 1 
1 0 H 0 0 G 
1 0 0 0 H 1 
1 0 0 1 1 1 
1 1 S 1 1 1 
d14 PR32 PL23 T5

Map6
1 1 1 1 1 1 
1 F 0 0 0 S 
1 0 H 0 1 1 
1 0 0 0 0 1 
1 0 0 F 0 1 
1 1 G 1 1 1 
u13 L21 L43 T4

Map6
1 1 1 1 1 1 
1 0 1 0 0 1 
G 0 0 0 0 1 
1 0 1 F 0 1 
1 0 0 H 0 S 
1 1 1 1 1 1 
P43 PR31 PR44 T3

Map6
1 1 1 1 1 1 
1 H 1 0 0 1 
G 0 F 0 # 1 
1 0 0 F 0 1 
1 0 # H 0 S 
1 1 1 1 1 1 
L41 PR13 PR44 T3

Map6
1 S 1 G 1 1 
1 0 0 0 F 1 
1 0 0 H 0 1 
1 0 0 H 0 1 
1 1 # 0 F 1 
1 1 1 1 1 1 
PR12 PU31 D23 T4

Map6
1 1 1 G 1 1 
1 1 0 0 0 1 
1 0 0 0 0 1 
1 0 0 0 0 1 
1 0 H 0 F S 
1 1 1 1 1 1 
PR12 PR34 u22 T3

Map6
1 1 S 1 1 1 
1 0 0 0 0 1 
1 0 F 0 0 G 
1 0 0 0 H 1 
1 1 0 1 0 1 
1 1 1 1 1 1 
p41 d33 D24 T10

Map6
1 1 1 1 1 1 
1 1 F 0 0 S 
1 0 0 0 0 1 
1 0 0 1 0 1 
1 0 F 0 0 1 
1 1 G 1 1 1 
u41 U31 P12 T5

Map6
1 1 G 1 1 1 
1 0 F 0 H 1 
1 0 0 0 0 1 
S 0 0 H 0 1 
1 0 0 1 F 1 
1 1 1 1 1 1 
PU11 PR23 u12 T5

Map6
1 1 1 1 1 1 
1 F 0 # 0 1 
G 0 1 0 0 1 
1 F 0 0 0 1 
S 0 0 0 H 1 
1 1 1 1 1 1 
u23 PU34 PL12 T5

Map6
1 1 1 1 S 1 
1 0 0 0 0 1 
1 0 0 0 0 1 
G 0 0 0 0 1 
1 F 0 0 F 1 
1 1 1 1 1 1 
P11 l22 U42 T5

Map6
1 1 1 1 1 1 
1 H 0 0 0 1 
1 0 0 0 0 1 
1 0 0 0 0 1 
1 H 0 0 0 S 
1 1 G 1 1 1 
P41 u32 R34 T5

Map6
1 S 1 1 1 1 
1 0 0 0 0 1 
1 0 H 0 H 1 
G F 0 0 0 1 
1 0 1 0 F 1 
1 1 1 1 1 1 
r32 PL41 PL12 T5

Map6
1 1 1 1 1 1 
1 # 1 0 0 1 
1 # 0 0 1 1 
1 0 H 0 0 1 
1 0 0 H 0 G 
1 S 1 1 1 1 
PD43 PU33 r13 T5

Map6
1 1 1 1 1 1 
1 0 # F 0 1 
1 0 0 0 0 1 
G # H 0 0 1 
1 0 0 0 0 1 
1 1 S 1 1 1 
p12 PL41 PD24 T4

Map6
1 1 1 1 S 1 
1 0 H 0 0 1 
1 0 # 0 0 1 
1 0 F 0 0 1 
1 # 0 0 H 1 
1 1 1 G 1 1 
PD32 PR31 U42 T2

Map6
1 1 1 1 G 1 
1 0 0 0 0 1 
1 0 0 H 0 1 
1 0 0 F 1 1 
1 0 H 0 F 1 
1 1 1 S 1 1 
PD11 PD34 U23 T5

Map6
1 1 1 1 G 1 
1 0 H 0 0 1 
1 0 1 H 0 1 
1 0 0 1 1 1 
1 0 0 # F S 
1 1 1 1 1 1 
PR31 PL23 P12 T4

Map6
1 1 S 1 1 1 
1 0 0 H 0 G 
1 0 0 0 1 1 
1 0 # 1 1 1 
1 # F 0 F 1 
1 1 1 1 1 1 
PR41 PL34 U22 T4

Map6
1 1 1 1 1 1 
1 H 0 0 0 1 
1 1 0 0 0 1 
1 F # 0 0 1 
G 0 0 H 0 S 
1 1 1 1 1 1 
PR21 PR44 r41 T6

Map6
1 1 1 1 G 1 
1 1 0 0 F 1 
1 F 0 0 0 1 
1 0 0 H 0 1 
1 0 0 0 H 1 
1 S 1 1 1 1 
R21 PU13 PR34 T5

Map6
1 1 G 1 1 1 
1 H 0 0 0 1 
1 # 0 1 F 1 
1 0 0 0 0 1 
1 H 0 # 0 1 
1 1 1 1 S 1 
R43 PR24 PL13 T5

Map6
1 1 1 G 1 1 
1 0 F # 0 1 
1 0 1 H 0 1 
1 1 0 H 0 1 
1 0 F 0 0 S 
1 1 1 1 1 1 
p41 PR34 PU12 T7

Map6
1 1 1 1 1 1 
1 0 0 0 0 1 
1 H 0 0 0 1 
1 # 1 0 0 1 
1 0 0 0 F 1 
1 S 1 G 1 1 
R41 PD14 PU22 T3

Map6
1 1 1 1 1 1 
S 0 0 0 H 1 
1 1 0 0 0 1 
1 # 1 0 F 1 
G 0 # 0 F 1 
1 1 1 1 1 1 
L31 d11 p22 T6

Map6
1 1 1 G 1 1 
S 0 0 0 F 1 
1 0 0 1 0 1 
1 # F 0 H 1 
1 1 H # 0 1 
1 1 1 1 1 1 
p11 PU31 PD21 T5

Map6
1 1 1 1 1 1 
1 # 0 H 0 1 
1 0 1 0 0 1 
1 0 1 H 0 1 
G 0 0 1 0 1 
1 1 1 1 S 1 
PR32 PL14 u41 T4

Map6
1 1 1 1 1 1 
1 0 0 # 0 1 
S F 0 H H 1 
1 0 0 # F G 
1 0 0 0 0 1 
1 1 1 1 1 1 
PD13 PL22 u14 T5

Map6
1 1 1 1 1 1 
1 1 0 0 # 1 
1 0 H 0 0 G 
1 H 0 0 0 1 
1 0 0 1 1 1 
1 1 S 1 1 1 
PL43 PR14 L23 T6

Map6
1 1 1 1 G 1 
1 0 H 0 0 1 
1 0 0 H 1 1 
1 0 0 0 0 1 
1 0 0 0 # 1 
1 1 S 1 1 1 
PR31 PL33 R22 T3

Map6
1 1 1 1 S 1 
1 0 0 0 0 1 
1 0 F 0 0 1 
1 0 0 1 0 1 
1 0 1 0 F G 
1 1 1 1 1 1 
PR34 PD11 U42 T5

Map6
1 1 1 1 1 1 
1 H 0 0 0 1 
1 0 0 0 0 1 
1 F # 0 0 S 
1 0 0 0 1 1 
1 1 G 1 1 1 
R41 PL12 PD33 T4

Map6
1 1 1 1 1 1 
1 0 0 0 # 1 
1 0 0 1 0 1 
1 F 0 # 0 1 
1 0 0 0 H 1 
1 S 1 G 1 1 
PL21 PR23 U43 T3

Map6
1 1 1 1 1 1 
1 1 0 0 1 1 
1 H 0 # 0 1 
1 0 0 1 0 G 
1 0 # 0 H 1 
1 S 1 1 1 1 
PR43 PL34 R13 T2

Map6
1 1 1 1 1 1 
1 F 0 0 0 S 
G 0 0 0 0 1 
1 0 0 0 0 1 
1 0 # 0 0 1 
1 1 1 1 1 1 
D21 D23 p31 T5

Map6
1 1 1 S 1 1 
1 1 0 0 0 1 
1 0 0 1 0 1 
G 0 H 0 1 1 
1 0 0 0 0 1 
1 1 1 1 1 1 
PR21 PD12 p31 T4

Map6
1 1 1 1 S 1 
1 F H 0 0 1 
G 0 F 0 0 1 
1 0 0 0 H 1 
1 0 0 0 0 1 
1 1 1 1 1 1 
U42 PU33 PR31 T3

Map6
1 1 1 1 1 1 
1 F 0 0 # S 
1 F 0 0 0 1 
G 0 0 1 0 1 
1 0 0 H 1 1 
1 1 1 1 1 1 
P24 PL42 PD21 T4

Map6
1 1 1 G 1 1 
1 0 # 0 0 1 
1 1 0 1 0 S 
1 0 0 1 0 1 
1 F F 0 0 1 
1 1 1 1 1 1 
R11 PU43 PL31 T2

Map6
1 1 1 1 1 1 
1 # 0 H 0 1 
1 F H 0 1 1 
S # 0 0 F 1 
1 0 0 1 0 1 
1 1 1 1 G 1 
PD44 PR14 D33 T3

Map6
1 1 1 1 1 1 
S 0 0 F 0 1 
1 0 0 0 1 1 
1 0 0 0 F 1 
1 0 0 1 0 G 
1 1 1 1 1 1 
P21 PU12 PR44 T2

Map6
1 1 G 1 1 1 
1 0 0 F 0 1 
1 0 0 0 F 1 
1 0 0 0 0 1 
S 0 0 H 0 1 
1 1 1 1 1 1 
p13 PR12 PR24 T5

Map6
1 1 1 1 1 1 
S 0 0 0 0 1 
1 1 0 0 H 1 
1 0 0 1 0 1 
1 0 H 0 1 1 
1 G 1 1 1 1 
PR22 PD13 p21 T4

Map6
1 1 S 1 1 1 
1 F 0 F 0 1 
1 0 0 0 0 1 
1 0 H 0 0 1 
1 0 0 0 1 1 
1 1 G 1 1 1 
PR42 PL14 R12 T4

Map6
1 1 1 1 1 1 
1 0 0 0 0 1 
1 F # 0 0 S 
1 1 0 0 0 1 
1 F 0 0 # 1 
1 1 1 G 1 1 
R32 l23 r42 T7

Map6
1 1 1 G 1 1 
S 0 0 0 H 1 
1 0 0 # 0 1 
1 0 0 # 0 1 
1 0 0 0 H 1 
1 1 1 1 1 1 
PD21 PR42 D13 T4

Map6
1 1 1 1 1 1 
1 # 1 1 0 1 
1 # 0 0 0 1 
G 0 H 0 0 S 
1 0 0 0 0 1 
1 1 1 1 1 1 
L33 PL13 PD41 T2

Map6
1 1 1 1 1 1 
S 0 0 H H 1 
1 0 0 0 1 1 
G 0 0 1 1 1 
1 # 0 0 0 1 
1 1 1 1 1 1 
d24 PD21 PD34 T6

Map6
1 1 S 1 1 1 
1 0 0 0 0 1 
1 0 F # 0 1 
G 0 0 H 0 1 
1 0 H 0 0 1 
1 1 1 1 1 1 
R11 l41 P14 T6

Map6
1 1 S 1 1 1 
1 # 0 0 H 1 
1 F H 1 0 1 
1 1 0 1 0 1 
1 0 0 # 0 1 
1 1 1 G 1 1 
PU21 PD42 P24 T3

Map6
1 1 1 G 1 1 
1 # 0 0 0 1 
1 0 0 F 1 1 
1 H 1 H # 1 
1 0 0 0 1 1 
1 1 S 1 1 1 
PL41 PR14 p24 T4

Map6
1 1 S 1 1 1 
1 0 0 1 0 1 
1 0 0 H 0 1 
1 0 0 1 # 1 
1 0 1 0 # G 
1 1 1 1 1 1 
PD41 PL23 d14 T7

Map6
1 1 G 1 1 1 
1 H 0 0 F S 
1 # 0 0 0 1 
1 H 0 0 1 1 
1 0 0 0 F 1 
1 1 1 1 1 1 
PR31 PL34 D14 T2

Map6
1 1 1 1 1 1 
1 # 0 0 0 1 
G 0 # 0 H 1 
1 0 0 0 0 1 
1 0 0 0 0 1 
1 1 1 1 S 1 
PU21 PR43 u34 T5

Map6
1 1 S 1 1 1 
1 0 0 1 0 1 
1 0 0 0 0 1 
1 1 H F 1 1 
1 0 0 0 H 1 
1 1 G 1 1 1 
R12 L14 u22 T5

Map6
1 1 1 1 1 1 
1 F H 0 0 S 
1 0 0 0 F 1 
1 0 0 0 0 1 
1 0 H 0 0 1 
1 1 1 G 1 1 
p43 PR44 PU31 T5

Map6
1 1 1 1 1 1 
1 H 0 0 0 1 
1 0 0 0 0 G 
1 0 0 0 0 1 
S 0 0 H # 1 
1 1 1 1 1 1 
PR12 PR24 l43 T6

Map6
1 1 1 1 1 1 
1 0 0 0 0 1 
1 0 0 0 0 1 
1 # 0 0 0 1 
1 H 0 0 0 S 
1 1 G 1 1 1 
d23 r31 L34 T5

